SMILES,des_cv,pred_cv,Err_pred_des,jobacks,Err_joback_des,Err_joback_pred
CCCC1CNCCO1,32.9162,35.929157,0.0915341763958195,39.396551675286524,0.16449032719154577,0.08801264394572955
CCCn1cccc1C,35.714,35.847504,0.003738132444122,36.485327739853425,0.02114076500430868,0.017481650278742603
C#CC(CCC)NC=O,36.1757,36.86876,0.0191581408313712,41.671078795273914,0.1318751266861171,0.11524344783266237
O=CC1CC2CCCC12,28.2553,31.394917,0.1111160219294727,35.023705042746656,0.19325211408917978,0.10360948501358429
CCC1NC2CCCC12,29.0925,34.210667,0.1759273577896069,38.150606421153,0.2374302080852544,0.1032733104595805
CC1CCONCCN1,27.5208,34.122448,0.2398784907244446,35.86974464038297,0.2327572923667691,0.04871226873513407
N=CC1=CC=CCOC1,26.5405,29.762245,0.1213897695304404,30.61291433431887,0.13302929246933712,0.02778792391435987
COC1NC1C1CC1O,30.9574,34.770885,0.1231849401929521,35.55353429299563,0.12927362593881728,0.022013262775673413
CCCC12CCC1C2,35.5321,32.309166,0.0907048568874385,35.10051408724251,0.01229571486288725,0.07952442178780063
CCC(O)CC(N)C=N,37.0272,39.88508,0.077183217477308,42.58881263589538,0.13058858164098833,0.06348457420051609
O=C1C2=C3C(O)C13C2,23.2633,24.81687,0.0667820015095782,23.88447477844614,0.02600747071929339,0.03903771090647028
C#CC(CCOC)OC,39.1944,38.801525,0.0100237504345826,43.65924381614407,0.10226571570836697,0.11126438278685467
N=CC1=C2CCC2C1,25.0669,26.208612,0.045546614939087,27.867168806488554,0.10048630436531976,0.05951651629936583
N#CC#CC1CC=CC1,35.8319,29.483654,0.177167439565951,31.19177535067128,0.14876115890046185,0.05476191500701215
C#CC#CCC(C)O,40.4133,33.508514,0.1708542879622085,34.90321817513391,0.15786744354684284,0.03995918565834536
CCCC#CC#CC=O,32.5805,34.46546,0.0578555188212897,36.90859949124019,0.11726534062251293,0.06619431582116894
COC1CCCNCC1,27.5253,36.021492,0.3086684615388217,37.72089787797735,0.27029043452143964,0.045052105691511524
CCCCC(C)CN,28.3768,39.398865,0.3884181706920354,44.75980541470918,0.36602047893008305,0.11977130742725345
CCC1=CC=CN=NO1,23.0081,29.888716,0.2990518879880806,32.306613273878746,0.28782073797246294,0.07484217715367023
O=CC1CCC2NC2C1,21.9273,30.905712,0.4094627303719814,33.72014946837198,0.3497270817092064,0.08346456088552621
N#CC1CC2CC12,21.1084,22.070194,0.0455645261784297,25.29568772845864,0.1655336582823078,0.1275116044712171
CC(=O)CC(N)CCO,35.6742,39.496887,0.1071555131448287,42.493597558302305,0.16048058884508232,0.07052146041979007
C1OC2CCC3C1CC23,30.4103,28.01612,0.0787292163956116,33.954194129708426,0.10437279459999539,0.1748848494835244
CCCC(N)C(O)C=O,41.0469,38.77655,0.0553111125817357,43.38022065108426,0.05378766212029255,0.10612372602049437
CCC1(C)C=NC1,22.9228,27.899893,0.2171241212682062,30.029918157398605,0.23666791631423723,0.07093010198144087
NCC1=NC=CON=C1,22.5287,28.53624,0.2666616193576832,31.94314444768686,0.2947250375774636,0.10665526223526087
C#CC1CCCC(O)C1,38.0089,35.293037,0.0714533329154281,36.9704600888426,0.028088368623543046,0.04537198305922179
CCCC(CC)NCC,29.5208,42.037346,0.4239907416543748,49.298010662958944,0.40117664784025353,0.14728108833029224
N#CCc1cnnnn1,23.2848,24.335022,0.0451033280361544,24.954348177474486,0.06690409886087648,0.024818367246856564
CC1=CCCC1,26.7792,24.869766,0.0713028680710565,24.782001243979103,0.08059069710950502,0.003541471697820145
O=C1NC23CN2CC13,29.8267,23.954681,0.1968712128232632,24.541579542750288,0.21535372032771066,0.023914456758088336
C#CC1OCC1CO,35.5908,29.996387,0.1571870404236642,32.41596460694128,0.097940488014319,0.07464154271760198
CCCC(C)CNC=O,34.0334,39.42257,0.1583494236515406,44.86755371017791,0.241469677178327,0.12135682157645135
CCCC1(O)OCC1C,40.7273,39.788254,0.02305692289497,40.51043582838798,0.005353291495818644,0.01782705650088087
CC1C(C)C1CCCO,41.8657,40.025047,0.0439656496309366,44.03271153049874,0.04921367445195342,0.09101561977901078
Cc1cc(CO)ncn1,27.3079,30.424545,0.1141298044919579,27.523876175540767,0.007846866268519822,0.10538736644357255
CCOCCC1=NCO1,28.1017,32.542427,0.1580234314289982,38.28712096539173,0.2660273404886848,0.15004246390279477
CN1CCC2CC1N2,25.2669,27.806042,0.1004928074884254,31.907217520116752,0.2081133372388297,0.12853441443244168
CCCC1=CC2CCC12,28.9854,34.206535,0.1801298356881557,38.64630172621122,0.249982567404603,0.11488205928900097
CCC1=COCCC1O,28.9854,34.477673,0.1894841049943867,36.94170023143446,0.21537450040440426,0.06670042840469387
N=c1nnocc1F,31.2531,26.637522,0.1476838539609058,17.043729593079682,0.8337007653940832,0.5628927843830446
CC1CCCO1,22.435,22.39874,0.0016161903974763,25.395738470828764,0.1165840668200953,0.11801186542660753
C#CC1CC1C=O,25.0122,24.986294,0.0010357428485055,27.300704342061646,0.08382583516483835,0.08477474841174262
CC12COC3CC1C3C2,24.3072,30.523804,0.2557515349747193,34.491817996816614,0.2952763463426773,0.11504218180621385
C1CC2COC2CO1,22.8818,26.835482,0.1727871777428681,29.728141214142966,0.23029832793198204,0.09730373632532408
CC1=CN=NC=NN=N1,21.8497,25.848988,0.183036269575587,28.125595382494062,0.22313822328541025,0.08094432674342851
CCC1(OC)CC1,34.1291,30.67408,0.1012338475078589,31.952958170855606,0.06810454974179077,0.04002378008375058
CCC1CCC(O)C1,33.9762,34.01693,0.0011987693286725,35.806562564312074,0.051118075381421095,0.049980574401625885
CCC1OC1C,25.7114,25.408676,0.0117739155603764,28.149889267316468,0.08662518151173275,0.09737918473800761
c1cc2c(nn1)CN=N2,24.1503,24.075504,0.0030970918382581,20.52878634242412,0.17641148371697843,0.17276801455360993
COCC1=CC2CC12,32.6015,29.141167,0.1061403098933571,32.41615244700072,0.005717753002991915,0.10102943131067782
CCCC1OC1CN,24.9376,34.228386,0.3725613501416723,38.7304167805225,0.35612363426615384,0.11624018419514068
CCCC1CC1CC#N,36.9853,36.714935,0.0073100582465365,40.43390316094458,0.0852898901997572,0.09197648186823487
C1=NC23CN2CNCC13,27.8389,27.85482,0.0005718707084275,29.398904274644064,0.05306334753399418,0.05252183075325715
COCC1CCC(O)O1,38.2016,35.958046,0.0587293212987765,38.10303512150383,0.0025867986154348007,0.05629444254673771
CCNC#CC(=N)OC,40.6884,35.91666,0.1172751863224435,37.63460191655691,0.08114336084154533,0.045647936448641464
CCc1cnccn1,28.1531,25.78646,0.0840631803792532,26.61402920685846,0.05782930428080078,0.031095224267853223
CCCC1OCCC1C,32.2732,38.280857,0.1861500280784563,42.34263231588446,0.23780836866174232,0.09592637712230097
CCc1ncncc1C,31.6141,32.038902,0.0134371145379701,29.893696530145437,0.057550710335192976,0.07176113090233897
OCCC1=C=CCC1,27.4145,30.558971,0.1147010306600265,33.40326206918757,0.17928674321637075,0.0851500989123829
C#CC(C)C1NCCO1,33.7533,35.130405,0.0407991344853803,37.260396864708774,0.09412398041392098,0.05716503429747939
N#CC1CCCC(O)C1,41.4987,33.55258,0.1914787261502318,34.729205615546604,0.1949222351755439,0.03388000372285758
N#CC1=CCCCO1,25.9438,26.343235,0.0153961646277392,27.870893692181333,0.06914359164313215,0.05481197370466415
C1CC2CC3(CC3)C2O1,29.8063,32.035038,0.0747740576450202,32.84929293059334,0.09263495981550732,0.024787593824736713
O=CC1=CC2C=CC12,27.1812,23.89605,0.1208611282978044,26.909630386204142,0.01009191170217948,0.11198891783177842
CCC1OC(CC)C1=O,41.7494,35.92316,0.1395526509847204,39.164488900456654,0.06600140004669404,0.08276193540263097
CCC12C=C1C(C)CO2,32.3291,34.335648,0.0620662988764863,36.76655109032374,0.12069261213602366,0.06611724565493733
C1=CC2CNCC2CN1,23.6966,30.280735,0.2778514645927745,32.258683832763545,0.2654195030755551,0.06131523663574397
C#CC(CCC)CCO,40.8412,40.533066,0.00754469026624,45.02897714109135,0.09300182697842767,0.09984484273324955
CCC1OC(C)CC1O,33.1778,37.373863,0.1264720150285687,40.503711297238624,0.1808701243073021,0.07727312379525093
CCC1OC1CN1CO1,32.5024,33.608925,0.0340444048969508,37.18289944899235,0.12587774268150007,0.09611876701264635
CC12COCC1C21CO1,31.8936,31.489925,0.0126569159793348,32.08116802497028,0.005846670695539809,0.018429597841016575
CC(=O)C(N)C(N)=O,35.6262,32.23577,0.0951667261959114,33.65956524551497,0.058427217943555466,0.04229987033788807
CC1OCNCC2CC21,21.8905,33.452538,0.5281760369393615,35.733231918157315,0.3873909852280486,0.06382557064474254
CC1C2CCONC12,23.8583,28.62148,0.1996446076112908,31.37285947872281,0.23952421308039235,0.08769935302163982
CCCC#CCCC=N,33.2899,32.190914,0.0330125907842098,40.770952272309806,0.18348976061053815,0.21044488279311216
CC1CN=CC=N1,24.1091,22.013056,0.0869399603721582,25.69947743705741,0.061883648838873324,0.143443439505185
C#CC1CCC1OCC,33.0085,36.80638,0.1150576737987469,39.69375506420016,0.16842082724064575,0.07274129291950739
CC1=NN=CNC(=O)C1,30.702,28.958202,0.0567975258269641,29.853253544070153,0.028430618280078153,0.029981708450934987
CC1N=CN=NN=CO1,26.9545,27.982742,0.0381473338244194,29.586307514785187,0.08895356453217394,0.05419958249213213
Cn1cnn(C)c1=N,25.6654,28.312462,0.1031373698842543,27.34338167297448,0.061367013526090454,0.03544112936050388
CCC1NCC1NC=O,33.3937,34.858307,0.0438587782954755,37.72873254408335,0.1149000311372286,0.07608062477925696
CC12CCCOC1CC2,36.3729,33.856773,0.0691758595969845,35.931886293416945,0.012273602977082075,0.057751304133374363
CC12CC1OCC2O,27.6832,29.565292,0.0679868063807088,30.84421856560101,0.10248334088535914,0.04146406117830242
C#CCCCC1(O)CO1,35.6092,36.245605,0.0178719395198431,37.894687307789596,0.060311549458802155,0.04351750667304265
CCC1CC1C1CC1C,38.9115,38.15251,0.0195055035997149,41.09668706175094,0.053171854423874426,0.07164025307750693
COCC(N)OC,24.4687,31.046799,0.2688372780758556,35.548253565458275,0.3116764525451714,0.12662941534298813
CCc1cncnc1,24.4687,26.289627,0.0744186276833388,26.61402920685846,0.08060895966498788,0.012189142964300318
O=CC1CCC2OCC12,28.9545,29.865654,0.0314684761159481,33.717956270015414,0.14127357636593899,0.11425076416749423
N=CC12CCCC1OC2,21.9097,31.157429,0.4220837684429762,31.82164705571146,0.3114844130587649,0.020873151366068037
CCc1ncnn1C=O,34.0451,28.917759,0.1506043764991028,30.360920976189462,0.12134608916178306,0.04753353751426911
CCCC1OC12CC2O,39.7868,36.928543,0.0718393263388783,37.42784246556441,0.06302681049825286,0.01334032187465239
CC1C#CC1OCC=N,34.9274,32.928936,0.0572176570646921,35.23785567540464,0.008810288522219363,0.065523841651245
CC(C)OC(=O)OC=O,40.8674,33.51307,0.1799559269042799,24.276822779023178,0.683391618911195,0.3804553546832976
CCC1OC(C)NC1O,33.7825,36.41534,0.0779350380695326,39.20015572286395,0.13820495411205821,0.07104093520831782
CC(=N)C(O)C=O,38.2654,26.809566,0.299378381049127,27.659822027510675,0.38342900261400575,0.030739750482306184
CCCC(C)C(O)OC,37.0142,41.56491,0.1229450018823011,46.30436959028119,0.20063267619199157,0.10235447825373173
N=C1C=COC=NN=C1,21.2211,26.829048,0.2642628401326171,26.778289729727145,0.2075259393268119,0.0018955008249278524
N#CCN1CCC(O)C1,31.707,32.885468,0.0371674245213004,35.06944061447375,0.09587950522045145,0.06227566155054048
CCC1=C2CCC2C1C,39.1448,35.34965,0.09695154051956,39.09193128011625,0.0013524202604602092,0.09573027367976902
OCC1=C2CCCC12O,29.6553,33.443462,0.1277398094717022,33.24738937179183,0.10804124593431923,0.0058973841830275596
N=c1cncnc(=O)o1,23.7286,25.31592,0.0668947968316138,23.487222899372778,0.010276953629697447,0.07785923046168457
COCC1(C)CC1,28.1251,30.05627,0.0686635993957438,31.952958170855606,0.1197966758003335,0.05935876611842404
CCCC1(C)CCCO1,36.457,38.46064,0.0549589915136539,41.237731116769375,0.1159309929838813,0.06734345080493696
C#CC(CCC)CCC,40.4493,41.839867,0.0343780149022008,47.39879749569603,0.14661759080126593,0.11727998998710466
CCNC1=CCC(O)C1,37.5951,36.346306,0.0332169392509139,38.06181298678905,0.012261974671333716,0.045071604639129785
COC1(CC#N)CC1,28.7488,30.6843,0.0673245307280353,31.98722695235457,0.10124125349090911,0.04073272604390797
CC1CC1NC#CC#N,33.2843,32.98739,0.0089204636768734,34.482880617045,0.03475871492164532,0.043369074459103464
CCCC(C)CC(C)=O,35.9856,41.624207,0.1566906357812222,45.22688673909886,0.20433170190133218,0.07965792029598905
C=C(C)C(O)CC#N,34.9713,32.208702,0.0789961457708937,34.82861631785567,0.004096737029176214,0.07522303768675728
O=C1CCC2CC2CN1,31.1875,31.450779,0.0084418103785696,32.21831220923748,0.03199460612781361,0.023822886942458068
C#CC(OC)C(C)CC,41.9099,41.535995,0.0089216275057101,45.477715029981866,0.0784519412998153,0.0866736604374962
CC1COC(C)C1,22.001,28.520105,0.2963095023834587,31.398635976486556,0.2993007716489387,0.09167694350296605
CC(C)(N)N,20.9917,24.494137,0.1668486501952072,27.955145071343683,0.24909350509798583,0.12380576321499764
C1=C2CCC3NCC1C23,28.8824,28.222229,0.0228572070220532,32.03690132848408,0.09846462041194362,0.11907120134282292
CCCCC(C)COO,34.4362,41.033546,0.1915817206240498,46.35567521621938,0.2571308725549289,0.11481073657961133
CC1=NC=NC=NN=N1,25.7715,26.932066,0.0450329225596149,28.125595382494062,0.08369939730980056,0.042435701938489084
C1CC2C1NC1CCC12,24.4215,31.09239,0.2731564424963578,33.956387328065,0.2807980494492828,0.08434340497989017
C1CC2CC2C2CCC12,30.3714,32.114864,0.0574048068039416,35.259942902439654,0.13864296139008814,0.08919693690774659
CCC1NCC1C1CO1,30.6593,34.776672,0.1342944021318571,36.84485764842175,0.16788116560104846,0.05613227409253796
CCC1NCC(N)C1=O,40.2047,35.458607,0.1180482202336866,37.691587542356885,0.06667568604848345,0.059243472826596
N=Cc1nnnnn1,23.6003,21.70693,0.0802265157424922,18.851239522564168,0.25192298213342423,0.15148555478368872
COC12CCCCC1O2,28.311,32.979614,0.1649046044933948,35.173735183905386,0.19510965065335456,0.062379533263483555
CCCC(O)C1CC1C,41.1872,41.218224,0.0007532333292223,43.450506568601725,0.052089302227772916,0.051375294441672194
C#CCC1(C)CC1CO,40.2198,38.47441,0.0433962622702701,39.73133541647966,0.012294189923395728,0.03163561967661213
C#CC(C)C(C)C#C,38.0693,35.459324,0.0685585528744515,38.67901878515488,0.015763553582928382,0.08324137701214403
C#CCCCC(=O)C#C,37.5913,35.2162,0.0631821250601451,38.885242535229054,0.033275928112233774,0.09435565515387985
C#CC#CCC(O)C=N,34.8721,35.19172,0.0091654662373581,35.15335137686296,0.008000698819517585,0.0010914641601509519
C#CC#CCC(O)CO,38.9255,36.605476,0.0596016395577569,38.005395990228195,0.024209825626034225,0.03683476921509077
C#CC1=C2CC1C2=C,33.9636,23.59583,0.3052611938263788,29.737184885901772,0.1421255956242834,0.2065210580445143
CCC1CCNC(O)O1,38.6672,35.584846,0.0797149393650941,37.55763065664068,0.029543113448854685,0.05252686663533898
C=CC1CCC(C=O)N1,30.8803,32.48828,0.0520714257957339,35.39657214955512,0.1275906641601702,0.08216310147963492
N#CCc1ccco1,21.2393,24.138817,0.1365165911068676,24.51034280460168,0.13345561221557295,0.015157919559245392
Cc1nccnn1,21.9758,21.227392,0.0340559981135943,20.295056131718038,0.08281543334365153,0.04593906329851748
COCC1(C)COC1=O,39.6232,33.891586,0.1446529734168128,36.88063162942897,0.07436337853776319,0.08104648693282838
C#CC1CCCCCO1,39.6232,34.386856,0.1321534838402359,36.39200660449276,0.08878854718355474,0.05509865466569821
CCC1=CC1N1CC1,34.5027,30.938232,0.103309815699206,32.40291282517497,0.06480242026863788,0.04520213454504654
CC1C2CC12N,25.9521,23.902351,0.0789819945440049,25.435573987875994,0.020307228465542487,0.06027868640223389
CC1N=CC=CN=N1,27.3062,25.396206,0.069947268309043,27.37865875352337,0.0026465413874244732,0.07240868778015831
N=c1cnnccn1,28.3145,22.409275,0.2085583338949428,20.238730757265394,0.39902547939353994,0.10724705362046555
C1=NC2CCOC2N=C1,21.3724,27.78504,0.3000430415738709,30.031880180371612,0.28834292519691523,0.07481516864335769
CCc1ccnnc1O,28.3183,31.049582,0.0964493464547645,28.257354153963213,0.002156813610528346,0.09881420004233361
C#CCCCCCCN,30.9702,39.856415,0.2869279111830688,47.086634295442316,0.34227195331738297,0.15355141440088355
C#CCNCCCOC,33.968,40.32129,0.1870374782883889,44.283064534217154,0.23293474927072372,0.08946477792104758
CCCC#CC1NC1=O,33.1078,33.81913,0.0214852676362566,35.09364769686033,0.05658709844055332,0.036317618158979645
CCCCN(O)CCC,38.6928,41.97121,0.084729212663243,46.92464055629065,0.17542682178706856,0.10556139583740719
CC1=C=CCCC1(C)C,32.8501,37.093487,0.1291742425712151,40.09035233602935,0.18059837128252196,0.07475278119060207
COCC12CCCC1C2,29.5944,34.42096,0.1630902965647639,37.59110968690107,0.21272874766151395,0.08433243161230046
NCc1ncnc(O)n1,22.8036,28.596012,0.2540130556350101,27.046910422329862,0.15688706606676214,0.05727462225745404
O=C1CCC(CO)CN1,31.3734,33.659485,0.072866978500298,34.04271094772084,0.07841064572736538,0.011257210047383205
C#CC(O)C=CCC,34.9539,33.977837,0.0279243057602521,36.112428445699834,0.03208115586692954,0.059109606791177015
N#CN1C=NC(C=N)C1,25.3322,28.700182,0.1329526042372778,29.536204878139962,0.1423339557497242,0.028305020282369094
OCC1NCCC2CC21,25.3322,33.511795,0.3228931969566525,35.78078606654833,0.29201667193993747,0.0634136729787953
C#CCCCCC1CC1,33.6742,37.903126,0.1255835554501504,42.144258298281756,0.20097775213728428,0.1006336917419346
N=CC1=CC2CC3C1C23,24.377,27.822355,0.1413363117030702,30.872742731376565,0.21040381115134346,0.09880520684274662
C1CC2COCC(C1)C2,35.8088,31.144102,0.1302668032283232,35.394262426308735,0.011711999213271774,0.12008049144003546
C#CCC1CCCO1,30.6425,29.758524,0.0288480397800427,33.14325989532267,0.07545304545240561,0.10212441099676921
CC1CNCC(OO)C1,31.355,34.798203,0.1098135070849445,36.99360258959594,0.15242101863260366,0.05934538503728668
O=C1CC2CC2CCN1,32.9815,31.189594,0.0543306317542006,32.21831220923748,0.023688012761379156,0.0319296120341938
CCC1(C)C=CCN1,35.693,32.99681,0.0755383152694943,33.93370992789991,0.05184490808220228,0.027609711107054638
CCOC(=N)C(O)CC,40.048,39.220886,0.0206530605656025,41.16449847991363,0.027122849084592397,0.04721574540406523
CCC1(COO)CC1=O,40.048,35.24021,0.1200506520471333,36.237365009956605,0.10515761808278234,0.027517315612838524
CCC12CC1C(C)CO2,37.9229,36.27967,0.043330791808326,38.68603708990464,0.019726421916288348,0.062202470734139655
CCNN(C)C1=CO1,31.0374,31.137722,0.003232294437706,33.994121397890666,0.08697743245907597,0.08402627514496978
C1CC2CC3COC23C1,27.6639,30.039486,0.0858731390511273,32.84929293059334,0.1578540196146523,0.08553629865124134
C1CN2CC23CCC3N1,24.5697,29.516602,0.2013415533156692,32.08009539761264,0.234113873556983,0.07990915755828491
C#CCC#C,22.6517,21.132874,0.067051323514074,22.365635527934383,0.012790357408280552,0.055118555714398526
CCCCOC(C)(C)C,41.3987,42.138752,0.0178762131091696,48.70029856274732,0.14992923612859713,0.1347331896598781
CCC1=NC(C=O)=N1,29.9803,25.654415,0.1442909133459226,29.32462988635543,0.022359024348663558,0.12515809749616513
CC1C=C(C#N)CC1,36.6368,28.748127,0.2153210164740758,30.819167531135847,0.1887666973154529,0.06719975577028565
CCC1=C2C(=O)NC12,32.2614,27.43777,0.1495170437889906,28.60733478465597,0.1277317598039211,0.04088338859456715
N=c1cc2ccnc1-2,23.3737,22.881193,0.0210709831558228,15.046151906806381,0.5534669691475407,0.5207338821063813
CCCC(CC)NC=O,31.8493,39.78637,0.2492070257032484,44.86755371017791,0.2901485067420737,0.11324851234368227
CCCC1OCCCO1,29.6303,35.265495,0.1901835384823296,39.394358476929945,0.24785423229186376,0.10480849635736247
OC1CC2CCC1CC2,29.6804,32.9776,0.1110901503233194,35.97271591065858,0.174919122767547,0.08326076680162853
N=CC1=CCCCC1=O,28.5951,30.782524,0.0764964664885494,30.574735909149386,0.06474744099284231,0.006796071484248969
CCCN(C)C1OCO1,39.2103,36.37605,0.0722833275504637,40.26549281181594,0.026205883453295158,0.09659493874801353
CCC(O)C(C)C#N,39.4976,34.29094,0.1318222036008595,37.26441887215821,0.05992797406832207,0.07979404918024416
OCc1cnncc1O,28.2673,29.047146,0.027588267839725,25.887533799358543,0.09192711129170685,0.12205149494463427
CCc1ncccn1,31.1171,25.87289,0.1685314353711589,26.61402920685846,0.1691991377232386,0.027847688942472016
CC1C2=CC1(C)C=CC2,26.1963,33.10408,0.2636929719157023,35.12645791526345,0.25422881910854556,0.05757420574946917
O=CN1C=CN=CN=N1,26.1963,26.142977,0.0020355255946734,27.648809239104022,0.05253424212749535,0.05446282427867845
CCc1ncnnn1,27.3875,23.92495,0.1264281279417217,24.92007939597553,0.09901335243831304,0.039932834087849665
OCC1=CN(F)N=CO1,27.3875,27.510489,0.0044906804247133,29.99937997885313,0.08706446535542643,0.08296474729169656
N=C1C=CCCN=CN1,24.4341,30.945452,0.2664862522642616,29.461674051052263,0.17064794221605664,0.050362988415953276
C=CNC(=O)CC(C)C,40.9823,38.017662,0.0723394722028816,41.411828579552896,0.010372122996881472,0.08196128246384092
COCC1(OC)CC1,36.4962,33.748352,0.0752913440089311,35.555179500778586,0.02646648146441814,0.050817560933394325
CCC1=NCC1C(C)=O,37.9238,34.507755,0.0900765408650764,36.62516024235661,0.03545758568836321,0.0578128594754337
CC1N=NC(CN)=CO1,21.0948,32.36423,0.5342279191847821,35.41988573143721,0.40443624917521587,0.08626949715778276
CCN1C=NC=NN=C1,35.4785,29.636719,0.1646569401186633,32.07926619188505,0.10596357746408923,0.07614099329064229
CCCC(C)C(O)OO,41.6515,40.058453,0.0382470593807864,43.93454923567652,0.05196478114364263,0.08822433149101216
CC(C)C1COC1=O,32.6621,30.529343,0.0652976186048299,33.80110653672404,0.0336973150712252,0.09679456893428484
Nc1cncnc1CO,30.9734,29.565186,0.0454652848290791,27.160407349348876,0.1403879036719431,0.08853985949915345
C1CC(CNC2CC2)C1,24.5917,34.05517,0.384823666190441,37.62600091192778,0.34641738680753054,0.09490328032166181
CC(C)OC1CN1,24.1623,28.690008,0.1873873001929514,31.172098833699,0.2248741373205505,0.07962539984685614
CC1NCCC1CO,23.2268,32.405495,0.395176894360885,34.50300698993741,0.32681809423816444,0.06079215039283781
CC1CNNC1CNN,24.0235,32.71677,0.3618652641005325,39.38053936603338,0.3899651861873477,0.16921478154717806
CC1CC1(C)C#N,32.6573,28.105562,0.1393788766957768,28.915904958390414,0.1293888276017438,0.02802412580745741
CC#CC=CC(C)C#N,35.8836,35.4041,0.0133626918496977,37.05923170044896,0.031723045689442016,0.04466179206917855
CC1NCC1CCNN,24.0079,37.34587,0.5555659167057381,41.79572067067249,0.42558951933933203,0.10646665733401008
CCC(=N)CCC(N)O,36.0626,40.436638,0.121290142097851,42.67080649349773,0.15486481359345056,0.05235824389300385
C#CC(C)(C#C)NCC,37.9273,39.55197,0.0428364643817744,42.87986382507422,0.11549859032383816,0.07760971067096108
C#CC1(C)CCCOC1,33.653,35.275772,0.0482207260787021,36.92963047160095,0.08872632706467767,0.04478405146438637
CCCC1(CC)CC1C,32.315,41.978706,0.2990470790612187,45.29763068598834,0.2866072792192238,0.07326927779061433
C#CC#CC(C)CC,32.315,34.801147,0.0769347813998917,37.27303852973858,0.13301943510140102,0.0663184872294852
CCC1CC1C1CC1,35.6341,33.50147,0.059848048401748,35.093789556093164,0.015396184075339377,0.04537325766851244
CCC(O)N(C)CC#N,37.6984,38.04499,0.009193773198618,41.43560554215247,0.09019309584725657,0.08182855053736812
CCCC(O)CNC=O,30.8328,38.522285,0.2493930314932728,42.49773335557325,0.27448365911598643,0.09354495032267189
C#CC1CCNCCO1,31.7705,33.575085,0.0568006385256542,35.08845103011809,0.094559632377905,0.04313003240921326
N#CCC1C2CCC12,25.4017,27.509766,0.0829891552533884,30.767685898157602,0.174403298184961,0.10588771313323535
CCC1=CC1(C)C1CO1,40.5807,35.97589,0.1134728796378266,36.76655109032374,0.1037396436860806,0.02150490233313793
N#CC12CCC1C2,24.3557,22.551527,0.074076005891211,24.19078652934358,0.006817201683640089,0.06776379624346432
NC12CCCC=CC1N2,32.1385,34.18943,0.0638153690065312,33.73639444805451,0.04736411445849268,0.013428689086590147
Cc1cncnn1,21.6632,21.257105,0.0187458513212624,20.295056131718038,0.06741266737093494,0.04740311443526522
O=CC1NC2=CC1NN2,22.898,25.478985,0.1127166055010774,29.193552320041736,0.21564872445206887,0.1272393054233293
CNCc1ncco1,24.6204,26.657799,0.0827524640984648,27.803835539719127,0.1144962728315464,0.041218649063074694
C#CC#CCC(O)C#C,39.3381,35.173687,0.1058620782091363,37.178741429928856,0.05808046445415335,0.05393013191981769
CCCC1CCC1,31.2894,30.060604,0.0392719548646192,33.2851111435234,0.05995807359386647,0.09687536056645625
N#CC1NCC(C=O)O1,28.5921,28.435537,0.0054757314692926,31.17089040052876,0.08273072624467011,0.08775345732447727
C#CC1OC1CN,26.4605,27.311813,0.0321729882085443,30.061943695919542,0.11980075980277963,0.09148213181880285
CCCC(C=N)CNC,38.0385,40.138344,0.0552031181838179,44.07614569498905,0.13698216120733675,0.08934088117048623
CCCC1OC1CC,28.7898,31.238197,0.0850439157847625,39.093885606714394,0.26357281827582424,0.20094417540744983
C#CC#CC1CC1C,31.9933,31.23589,0.0236740369135271,32.54939866828313,0.017084760119547328,0.04035431442741347
CCC1NC(C)CC1O,35.4001,38.556374,0.0891600192143921,40.505904495595196,0.1260508698466522,0.04812953864064927
CC1(O)C2CCCC1O2,35.4194,33.65535,0.0498046344250521,35.20459100503551,0.0061017324397766,0.04400678891039851
CCCC1CCC1O,29.2407,34.375847,0.1756164135192717,36.91818829457652,0.2079595085575849,0.06886419437191073
COCC1CC1C1CO1,28.307,35.213585,0.2439885858587044,37.39026211328488,0.24293122326247524,0.05821508035140236
CCC(O)C(=N)OC=O,36.7963,35.25379,0.0419201982513994,33.13182019720963,0.11060303300508066,0.06404627908034728
O=CC1CC2CCC2C1,23.0959,31.540543,0.3656338398823627,35.023705042746656,0.3405637704003244,0.09945155826590689
O=CC1CC2CNC12,24.6539,26.786495,0.086501332800905,29.35977702893747,0.16028313240591985,0.08764651129336581
COCC#CC1CCO1,30.2994,33.52777,0.1065490074421853,36.3998210741556,0.16759480937358195,0.07890288988796151
C1CNC2CC2CCN1,24.9382,32.936546,0.3207266894035494,34.09290005029063,0.2685221860500715,0.03391773796259298
N#CC1=CC1C1CO1,30.2014,25.029861,0.1712350602887511,26.43082539558101,0.1426582237968775,0.0530049430773826
CCc1cnon1,27.3823,26.052532,0.0485630426938233,22.78212421221979,0.2019204067596464,0.14355148612639196
CCCC1(C)CC(O)C1,41.3513,40.4971,0.0206571297618666,41.81618460111922,0.011117336637804433,0.03154483398477989
CCn1ccnn1,29.5978,23.865294,0.1936801551869525,26.039712435984562,0.136640816320939,0.08350393428230454
CCC1CCCC1(C)O,35.56,39.49423,0.1106363431675226,40.7045588708548,0.1263877809652027,0.029734479489014004
CCC(O)C1CC1CC,40.7172,40.650185,0.0016458737008522,43.450506568601725,0.06290620718739498,0.0644485367317972
CCCN(C)C(O)OC,40.6739,40.880405,0.0050770992215004,45.00355809057649,0.09620701727322077,0.0916183800907034
CCC1=CCC1(C)O,38.8304,33.987892,0.1247091930322914,34.42470043183937,0.12798076709146322,0.012688808511325879
C#CC1=CC1C(=O)C=O,31.0043,30.02631,0.0315436901642348,30.956829010377497,0.0015334577584348245,0.0300586022575363
COCC#CC(C)=N,32.7557,32.586617,0.0051619560530446,33.459865494499034,0.021045078457198378,0.026098386278408794
CC1C2CC3CNC1C32,29.3733,30.840729,0.0499579127903784,35.598912394288256,0.1748820954228685,0.13366092035586158
OCCC1=CC2CC2C1,33.1322,33.877914,0.0225072415568824,36.27648137160655,0.08667547823608848,0.0661190744227995
C#CCCC1C2CC12,33.2268,29.764399,0.1042050821978311,34.12056610171803,0.026194351496209006,0.12766983668241927
CCCN(C)CN1CO1,30.8255,36.821453,0.1945127603601699,41.91147658347433,0.26450932983462394,0.12144701161593832
CC1COCC=C1C=O,33.8833,32.236458,0.0486033584477594,34.881063633258094,0.02860473647675,0.07581780363877837
C1CNC2CCC2CN1,24.4706,32.336937,0.3214607304554687,34.09290005029063,0.2822376517133104,0.051505241493108554
COC1(C)CN1C(C)O,32.5444,38.692726,0.188921170316672,40.23533713433221,0.19114881798193378,0.038339709424627264
OC12CCC3CC3C1C2,25.057,32.503326,0.2971754965085855,33.42774641494317,0.25041312420633915,0.027654284661257578
O=C1C=COC=NC=N1,22.7348,25.582472,0.125256076478974,26.459588844017038,0.14077274087572514,0.033149299831821445
C#CC1NCC2CC1C2,31.1292,31.315712,0.00599154411606,34.954131506249,0.1094271647277286,0.10409125758420092
CCCC(C)C#CC=N,39.1385,38.429344,0.0181191364705828,40.71964664637163,0.03883006795474043,0.056245641477729
C#CCNC(C)C=O,28.2978,32.89326,0.1623964038126832,36.19908062557496,0.2182729640927023,0.09132333110248578
CC(NO)C12CN1C2C,42.236,37.068672,0.1223441571129893,37.72525886364353,0.11956819574546491,0.017404436269522764
CCCC(C)C1OC1=O,42.236,36.27694,0.1410896062105822,40.38473043668744,0.04584083001903049,0.10171642579433246
CCOC12CCCC1C2,33.6006,36.39551,0.0831804083021513,37.59110968690107,0.10615567670489909,0.03180538422141035
Nn1cccc[nH]cc1,28.5555,31.575531,0.1057600464309634,31.84154077737844,0.10319980431703804,0.008354174166327522
C#CC=CC1CC1O,33.133,30.519655,0.0788743781830462,31.3887885842444,0.055567974886138516,0.027689300015887198
O=CC12CC=CC1C2,21.7364,25.990562,0.1957160541287814,27.72421518666997,0.2159778066341427,0.06253209243244957
O=C1CC2NC2C=N1,29.3037,24.009733,0.1806586471990484,25.17674864683442,0.16391915457616008,0.046352913285375795
C#CC1CC2(CC2)N1,31.386,30.357365,0.0327736999126675,29.488857867699416,0.06433420177926306,0.029452043758259758
CCc1ncn(CO)n1,24.2983,31.690752,0.3042374169970304,32.42155757436581,0.25055112036901295,0.0225407299661515
C=C(C)N(C)CCC,39.2944,36.856647,0.0620381659611783,41.33535456095563,0.049375518430497804,0.10835052967432642
CCC1CC=COCC1,33.0039,32.58784,0.0126063576142351,37.75426530186967,0.1258232749038404,0.13684348670437033
CC1C2=CC2CC1CO,32.0191,34.06823,0.0639971040814066,36.80738070756538,0.13009023232618114,0.07441851756113618
C1=CC2=NN=C2CN1,21.0563,21.92298,0.0411600972088352,23.668945157658957,0.11038283033976017,0.07376607390101568
OCC1=NC=COC=C1,28.3636,29.135471,0.0272134476580595,30.783767824715536,0.07861831074402921,0.05354434954489748
C1=COCC2CC2=N1,23.5549,24.530542,0.0414199327382933,26.433212864324762,0.10889001193681754,0.07198031030471806
COCC1=CCCO1,25.0226,29.14252,0.1646479943947078,32.5504719708698,0.2312676749389893,0.1046974671801889
O=C1CC=CCNCN1,28.0329,31.552492,0.1255521955175394,30.520608713936042,0.08150914476355531,0.03380939403062396
CCCC1OCC1CC,38.5835,38.812347,0.0059312248009997,43.45425804614889,0.11208931564257958,0.1068229272541974
N=CC1CC2CNN12,24.2435,25.174877,0.0384176033472083,27.796978282411295,0.1278368550102361,0.09433044325074884
C#CC#CC1CCC1C,34.9328,34.98387,0.0014619915941733,36.909771107717646,0.05356226951253758,0.052178625061019314
CCCc1nccn1C,34.9328,34.379406,0.0158416738611907,35.638352834411954,0.019797571388615934,0.03532561788872373
N#CCc1nn[nH]n1,22.7487,22.097889,0.0286087140569261,21.97161128663385,0.03536785278187054,0.005747312371349368
N=CCC1C2CNOC12,25.1845,30.13398,0.1965288092820298,32.734618410716294,0.23064629365725617,0.0794461196427121
CCCC1CCNC1C,40.9556,39.49615,0.035634907791389,42.34482551424103,0.03280744453118178,0.06727328497983749
CC1C2C=CCC12O,31.2338,29.543102,0.0541303887325814,30.315751120805157,0.030282900645823074,0.025486721992347416
CC12CC(O)CN=C1N2,21.4986,33.237988,0.5460535810848403,32.440323298369734,0.33728773901953074,0.024588679166164595
C#CC1=CNCCO1,28.6495,27.887138,0.0266099454894773,28.808592591102666,0.005522400672631305,0.03198540811005294
C#CC(COCC)OC,26.2463,38.74397,0.4761687919296451,43.65924381614407,0.398837503679008,0.11258266031457306
CCC1(OCC=O)CC1,40.7918,37.0476,0.0917880605298009,38.46649755747251,0.06045006928570186,0.036886580467913425
CCCC12CC1C21CC1,36.8336,36.29191,0.0147064564918943,36.91591703096164,0.00222985198749364,0.016903468236703335
C#CC1=CCCC=CO1,27.8526,31.869928,0.1442353087318725,32.63830438738477,0.1466284623914018,0.023542166230968768
CCC12CCCCC1C2,36.8744,36.27044,0.0163788658812287,38.349260796412594,0.03845864993962437,0.05420758453333885
CCC12N=CC1=NC2N,25.6707,31.07246,0.2104251218143855,34.180665008453055,0.24897014163851103,0.0909345973135508
COC1=CCCC1O,32.6704,30.272429,0.0733989019854901,32.0172997249552,0.020398355909313444,0.0544977477783737
CNCc1nccnn1,24.012,29.578054,0.2318030329876972,29.941790723474867,0.1980439572983125,0.012148128575011697
CC1COOC2CC2N1,29.5742,31.285625,0.0578688673831809,34.42748314542609,0.14097118644790846,0.09126017525459174
COC12CCCC1NC2,32.7384,33.169506,0.0131682083729824,35.17592838226195,0.06929535322488081,0.05703964257767037
C1=C2CC2C2CCC12,29.6271,25.942295,0.1243727845633595,28.980084463424234,0.022326212934001735,0.10482334747016443
C=C(CCC)NC(C)N,39.1344,41.62224,0.0635716443635187,46.447433656526314,0.15744752897663622,0.1038850432987987
CCCC1CC12CCC2,36.919,39.330276,0.0653126165188064,39.460886526677044,0.06441534264463714,0.003309873096458394
C1CC2C1CC1CCC12,32.5668,31.628067,0.0288248456525798,35.259942902439654,0.0763796728171478,0.1030028866606123
N#CC1NC1CC1CC1,26.2033,32.472122,0.2392378895934029,33.82450276321745,0.2253160324800148,0.0399822806763653
N#CC1=C2CC12,26.2033,20.978634,0.199389623420896,18.93055950738942,0.3841799018022531,0.10818879874158634
CCc1c(CC)c1=O,36.7928,32.643238,0.1127819011429694,28.829188651484653,0.2762343208748344,0.1322981855168833
N#CC1CCOCCO1,26.1034,30.22845,0.1580273364828522,32.84500335846552,0.20525506680235817,0.0796636654260267
C#CC1CNCC(=O)C1,34.9471,32.106308,0.0812883477198841,33.2160563874215,0.052114663835711096,0.03340999829954985
C#CC1CCC1CCC,32.1098,37.80374,0.177327216459714,41.56353190397614,0.22745256408471287,0.09045891269929508
CCC1=CN=CON=N1,32.8757,30.239613,0.0801834613606493,31.459638368437286,0.045012012375304895,0.038780654569167274
C#CC1CC1CCCO,28.7486,37.28258,0.2968485884302437,40.305337279635914,0.2867297003237063,0.07499645167745923
N=C1C=C(F)C=C1N,25.1905,27.16893,0.0785387369727054,26.51313543530544,0.04988604378885309,0.024734704286287098
C=C(COC)NC,29.0512,26.044746,0.1034881037986114,34.048434929482504,0.1467684179855034,0.23506774822569357
CC1C=COOCC1O,28.6796,32.254234,0.1246403127646425,34.60959551049259,0.1713396363934618,0.06805515856949318
C#Cc1ccccc1,32.8902,25.98223,0.2100312788372194,25.111504102837394,0.3097662276742586,0.034674382450242104
C#CC#CCCOC,36.3393,33.563972,0.0763726193640348,35.45456731590078,0.02495398339560138,0.05332445038901608
CCC1=CC(=O)C1,30.1068,26.258297,0.127828365467179,27.075855998250248,0.11194268435855266,0.030195130240871525
COCC1CC(=O)N1,23.1435,29.599133,0.2789393366535657,31.294007753379454,0.2604494706338557,0.05415972178240497
C#CC1CCN2CC2C1,28.762,32.573555,0.1325205129224595,35.486296349286405,0.18948994516362438,0.08208073676150142
CCNC12CC1(O)O2,31.1813,31.383747,0.0064925805155679,30.665307079373726,0.016826602104152568,0.023428427400602
CCC1OC1C1CCO1,35.0247,33.555996,0.0419333801242521,36.842664450065186,0.04934400041911102,0.08920821821993308
CCCC(C)C#CC=O,39.5227,38.487213,0.0261998007533487,41.5110546615605,0.04789940120219901,0.07284425043434514
OCC1=NC=CON=C1,25.2353,28.498138,0.1292965975333908,29.936792919274072,0.15704731405103625,0.04805641416411806
CC1C=NN=CC=CO1,25.2353,29.191307,0.1567648123014624,31.28025732566812,0.19325152164613807,0.06678175003227868
C#CC(O)(CCC)OC,38.5061,40.242752,0.0451007002837293,43.13400329323866,0.10729130013221129,0.06702951436209191
CCCC1(CC)CC1=O,39.793,38.599495,0.0299928395928421,40.476962204337255,0.016897567581392426,0.04638359951172621
c1cn2ccc-2nnn1,21.9731,23.235453,0.0574499115726747,23.32760069889912,0.058064295440509735,0.003950157587508236
CCNCCCCCN,33.1108,42.15188,0.2730552676750062,48.985847462705244,0.324074161925881,0.13950901774044433
C#CC#CC(C)C,32.1894,29.284912,0.0902311907219457,31.801040360039618,0.012212167764435277,0.07912094483554452
CCN(CCO)NC,38.1015,36.389214,0.044940131963001,40.15538063895061,0.05114832947090409,0.09378983785045825
CC1N=C=CC2CCC21,36.5946,31.44308,0.1407726576571513,35.7084299827099,0.024816829463495976,0.11944938449478722
CC1C2(O)CCNC12C,33.6301,36.666885,0.0902996237292355,35.744408070500285,0.05915073670628822,0.02580758723659023
N=c1cncncn1,25.0863,22.578575,0.0999639191798972,20.238730757265394,0.23951942939872375,0.11561220270172519
CCC1CCOC2CC12,32.4435,34.47611,0.0626507174326256,38.14841322279644,0.14954522982327723,0.09626359034514119
C1CNOCC2(C1)CC2,28.4239,33.936203,0.1939319728443207,32.98580565281898,0.138299052047835,0.02881231270153305
N#CC1=CC=CC=CN1,26.4151,28.848791,0.0921325727495457,28.565026894918244,0.07526430494279422,0.009933969469926756
COC1(C=N)CO1,34.9442,25.69137,0.2647887200057241,25.42534443015446,0.3743845278475826,0.010463007515053852
CCC1NC1C1OC1=O,40.3552,31.564724,0.2178275917724145,34.35753500085732,0.17456621957870455,0.08128671049269487
C#CC1CCN1CCO,30.0056,35.681538,0.1891626105851516,38.42232081803419,0.21905810577906712,0.07133308867557395
CCN1OC1C1CCO1,32.474,33.961525,0.045806644188548,36.0712737187279,0.09972682824505393,0.05848833437873684
C1CNCCC2CC2C1,22.4721,33.5704,0.4938701873895678,35.39645562466531,0.3651313499213528,0.05158865746413486
CC1=NC=NN=NC=C1,21.7299,28.079699,0.2922148082882144,28.972570287935525,0.2499836989247532,0.030817814196737823
C#CC12CC1C1CC12,26.5878,28.352566,0.0663750203243915,29.35234514547375,0.0941848132328892,0.034061303807880534
N=c1ncocc1O,26.5878,23.835693,0.1035101302336034,19.744100520614406,0.3466199674297763,0.2072311410243098
CCC1(CC#N)CC1,32.1214,32.16245,0.0012779294506665,33.857003792130556,0.05126276981821894,0.05005031758080211
OC1=CC=NC=CCC1,23.4435,29.94928,0.2775088952228229,30.97789086718234,0.24321832946878238,0.033204677219391875
C=C1CC2C3C(C1C)C23,31.8031,31.176327,0.0197079293619495,36.74709399501024,0.13454108767571027,0.1515974840287146
O=CC1NC2CC1C2=O,27.265,28.082735,0.0299921166933983,30.542006052944174,0.10729504955448983,0.08052094052633806
C#CC(N)(C#N)NCN,35.7831,36.87793,0.0305962783408928,39.91167169939443,0.10344271546654049,0.07601139141060992
CCC#CCCC=O,39.2007,33.225754,0.1524193755677911,36.090362117799735,0.08618195273430761,0.079373216274461
CC(=O)C#CCC=O,39.2007,29.19209,0.2553171478873962,30.721976446298573,0.27598235968060425,0.04979778722807059
O=CC1=CC2CC2CO1,25.24,28.923203,0.1459271994710158,31.79847027043452,0.2062511251219665,0.09042155946438332
CCCc1ncnnn1,28.2903,29.974667,0.0595386615009026,30.392077565674487,0.06915544227382088,0.013734189930665358
CC1CCC=CC1C#N,26.4828,32.652767,0.2329801675576783,35.264809752624174,0.24903040209853036,0.07406938449256219
COCC#CC1CC1,33.9092,31.82546,0.0614505669859518,33.34519740745232,0.01691405768740873,0.04557590074763426
N=C1CCC(CO)=CO1,24.0776,30.654072,0.2731365172550972,32.439732635493485,0.2577744005924442,0.05504547942974504
CCCC1=CC(C#N)C1,37.7162,34.087208,0.0962183943719289,37.402791431099246,0.008379282853208797,0.08864534715829914
C#CCNCNC1CO1,39.2081,34.09272,0.1304674281146426,38.24398603026833,0.025209557627403668,0.10854689746468368
CC1(C)CN(C=O)C1O,37.9171,37.38651,0.013993450404952,37.14523625295975,0.020779616039694658,0.006495415600460166
C#CC#CC#CC=C,37.9171,28.572803,0.2464401682271467,30.152786947513366,0.2574990187806483,0.05239926744627709
CCCN1CCC1CO,36.9772,35.450836,0.0412785126607579,41.6187957329382,0.11152643057532584,0.14820130242396024
N=C1Cc2nnncc21,28.0908,25.379848,0.0965067395651028,20.350534935674975,0.3803470075253971,0.24713419476303383
CCC1=CC(O)C1C,41.5483,33.4691,0.1944531797414469,35.52960163095445,0.16939954552718303,0.057993941287517406
CC1NNCC2CC21O,30.2332,32.976147,0.0907263107444149,33.90322862901741,0.1082501218151322,0.027344936352873956
COCC(CCO)OC,31.1516,40.09567,0.2871142667703942,44.485898376443416,0.29974213993853654,0.09868809075840024
C1CC(CCC2CC2)C1,27.3146,34.819756,0.2747671777803526,38.923262659568856,0.2982448506719669,0.10542555734494821
N=c1cncccn1,23.202,23.263275,0.0026409424396333,21.08570566270686,0.10036630365357492,0.10327230077694234
OCC12CNNC1C2,22.2178,28.156025,0.2672733093673238,29.01195685362408,0.234184715215974,0.029502727373495366
CC(=O)C(NN)NCO,36.9642,36.044712,0.0248750935594333,39.89907406302012,0.07355744793436873,0.09660279476491625
C#CCN1CC(=O)C1,30.9466,28.824627,0.0685688598228102,30.49947452128882,0.014660104337177435,0.05491397958741118
CCC1(C)COCC1=O,36.9085,35.3738,0.0415812517343882,36.947961971077135,0.0010680418884275358,0.042604838997869106
c1ccn2nccc2c1,23.5436,24.74168,0.0508877208780165,25.021550509782053,0.05906710334374577,0.01118517853930114
CC12CCC3=C1C2NC3,27.6152,30.457428,0.1029225925763935,32.48925541353846,0.15002053298849718,0.06253844194569581
C#CC1NC1=CCCC,29.661,36.219597,0.2211185348704685,38.64694890620226,0.23251379890328544,0.06280837103321
N=CC1C=NNC=CC1,29.4855,29.409626,0.0025732645849627,29.85340240928778,0.01232363414541064,0.014865186996230535
CC(C#CCN)CN,38.0503,35.781044,0.0596383206874149,39.7425757922588,0.04258092885334386,0.09967979461035431
C#CC#CC(C)CCO,32.257,38.27298,0.1865015263765423,40.375216344832864,0.20106929645893573,0.05206749424890469
CCCC(C)C#CCO,39.0527,40.52049,0.0375848209986421,43.571691259736866,0.1037139282200118,0.07002714770808946
COCC(C)C1CC1O,37.3477,38.905388,0.0417077324284484,41.58072972882575,0.10180268014611608,0.06434090373770122
O=CCC1C2CCCC12,24.3778,32.133026,0.3181265792256427,36.1353307730111,0.3253749314450059,0.11075876953090893
O=CC12C3CCC1C32,21.7273,26.122606,0.2022941772546897,28.118363107596725,0.22729143524965914,0.0709770017536167
CC1C2CNNCC12,21.3857,28.299545,0.3232929148022247,31.37505267707937,0.318385208142677,0.09802398449281788
OCc1cnccn1,21.0768,25.024479,0.1872997282487624,24.244208852253795,0.13064599763004217,0.0321837743809763
CCC1NC(C)CC1=O,36.2742,35.954735,0.0088069536407117,38.055056368548776,0.046796839592138754,0.05519165043950957
N=CC1=C2CNC2C1,21.9196,25.81454,0.1776921505427613,26.56361323211387,0.17482611237915208,0.028199222205519937
C1=Cc2nccnc2C1,22.9949,24.849617,0.080657754736682,22.222736153307054,0.03474656952078509,0.11820690434206628
CCC1OC(OO)C1=O,41.3598,32.2893,0.2193071772293273,34.924891706076004,0.1842499140177575,0.07546456344823779
N#CC1=CC=NCCO1,28.0659,27.60223,0.0165207575021116,29.550075008647298,0.05022576112625709,0.06591675344571198
O=CCC=C1CC2CC12,26.3112,32.044846,0.2179165367240828,34.5223033496119,0.23784923231966826,0.07176396442967223
CC1=CCC1CCCO,29.59,37.51758,0.2679140968232511,40.47070046469458,0.26885377173509944,0.07296934401396861
CC1OCC(N)O1,22.4186,26.175812,0.1675935057308718,29.72941837756342,0.24591192080235383,0.11953164816185238
C#CC#CCC#CCC,37.6497,35.953274,0.0450581605379762,38.14258152911721,0.01292208102749812,0.0573979904177681
CCC1C=CCCC1,32.9754,32.002407,0.0295066299734162,34.69964163516639,0.04969047384682359,0.07773090752709312
CC1C2CC3CCCC312,30.5612,32.63172,0.0677500064324055,35.79756676954784,0.1462771702685194,0.08843748486952899
C#CC1NCC(O)C1N,31.0247,35.292747,0.1375693398343447,36.9459607544993,0.16026814930717992,0.044746806436694854
O=c1cc2cncc1-2,28.4394,21.519392,0.2433246828853701,17.365411421413274,0.6377037842553732,0.2392100295109885
CC12C=CC1C2=O,29.313,22.417828,0.2352257494558328,23.504530554324216,0.24712127018453373,0.04623374850276646
C#CC1CCOCO1,30.1404,27.396511,0.091036911325634,30.725885392326997,0.019055118667897126,0.108357313379761
CC1=C(O)CNC2OC12,35.8107,31.212421,0.1284051577535113,33.00118084814123,0.08513389762587872,0.05420290432552759
C#CC#CC(=O)CO,35.4616,29.071922,0.1801858262953139,29.586138129570926,0.19858833365469317,0.017380305848601917
CC1NCCCC1ON,28.2046,35.955276,0.274801858181212,38.999954118008716,0.2768042773933374,0.0780687615374091
O=CC1CC2CCC12,22.801,27.351994,0.1995962265159869,30.663332603312135,0.25640828754741674,0.10799017334973093
N=C1C=CN=NON=N1,22.7171,26.158487,0.1514888484862192,25.084339918844208,0.09437122629110357,0.04282142103922206
C#CCC(C)CCCC,41.8879,41.750824,0.0032724492130335,47.39879749569603,0.1162666098479911,0.11915858194944468
Cc1c(CN)ncn1N,21.0668,34.070026,0.6172378528160459,32.719084335616195,0.3561311256786046,0.04128910364747717
CC(=O)N(N)C(C)=O,40.0597,31.73831,0.2077247243431804,32.722222572002146,0.22423530100537734,0.03006863515573066
CC12CC(O1)C2C=O,35.0832,27.739014,0.2093362728635072,29.8952076976891,0.17353926270637457,0.07212506163172673
COC1=CC12CC2C,34.2035,32.666645,0.0449326808645656,31.842150583844475,0.0741579752893193,0.025893176215737303
C#CC(O)CN1CC1,33.092,31.538155,0.0469553184440111,33.479743416702654,0.011581433342443548,0.057992930009553724
CCCC1CCCCO1,33.5652,36.936646,0.1004446720952803,40.70010724966119,0.1753043844797383,0.09246809170736309
C#CC1OCC1C=O,29.0431,27.381058,0.0572267513021057,30.355328008764914,0.043228918771229134,0.09798181090008688
CCCN(C)C(O)C=O,40.9775,38.856827,0.0517521375821716,42.442877977571435,0.03452588625931073,0.08449123029466685
N#CCCCC1CCO1,37.3473,35.23375,0.0565917913838901,37.48562932199006,0.0036901960695886198,0.06007313636506159
N=c1nccncn1,30.3306,22.281967,0.2653634559459444,20.238730757265394,0.4986414100652918,0.1009567382085518
C#CC1(C)CC1(C)OO,38.6495,37.90249,0.0193278384326811,37.28755671354746,0.036525409720871226,0.01649164870674191
C#CC1CCC(O)C1C,29.7277,36.758045,0.2364913934321593,38.61298515506586,0.23011132445169544,0.048039283873458676
CCC(C=O)OCCO,36.4968,37.557606,0.0290657192797232,41.92521826343836,0.1294785927965534,0.10417625582756274
C#CC1=CCCC1,27.9349,25.089918,0.1018432807492892,27.057524498774058,0.032426303495195735,0.07271938343299686
CC(C)OC(C)NC=N,37.098,40.77234,0.0990441227879535,42.15506322927487,0.11996336482216356,0.03280088139719908
C#CC1NC1CC(C)=O,25.2731,34.833054,0.3782659661405679,36.00321638836474,0.29803216114414777,0.03250160696039671
CC1=NC2OC3CC2C13,38.4705,28.801886,0.2513254154518813,32.83025829090933,0.1718001015743593,0.12270303374447654
CC1C2NC(=O)C12,27.4886,23.44072,0.147256695339443,25.140092396591722,0.09341682466237355,0.06759610783380054
CCOC1OCC1CO,27.2804,35.493332,0.3010561395426638,39.214660851768265,0.30433160946820037,0.09489636709685992
C#CC(=C)C1CCC1,32.9583,30.547247,0.0731546550342888,33.07352621807763,0.003483941123116441,0.0763837276200926
C1CC2CCC3C1CC23,22.4898,30.815596,0.3702031866371002,35.259942902439654,0.36217140049753405,0.1260452098500746
N#CC1NC2=NCC21,25.4393,24.033596,0.0552571792927336,25.586043688496122,0.005735302037418989,0.06067556623434234
CC1C(O)C=C2NC21,25.4393,29.162823,0.1463689143721986,30.03182696349175,0.15292199735549436,0.028936100509241617
CCC1NC1C(O)C=O,41.0147,35.595238,0.1321346314386404,37.71649404144603,0.0874473103181229,0.056242132132297826
CC1C2CC1C1(CN1)C2,30.724,32.29699,0.0511974170328723,34.49401119517317,0.10929465911754324,0.06369283011888759
N#CC1CCC(N)CN1,29.1516,33.436264,0.146978692012992,35.432001569584706,0.1772522378463622,0.05632584898330644
CCOC1OC12CCC2,33.3681,35.21159,0.0552470717011883,36.28536091416982,0.08039773728778322,0.029592399995958186
O=CC1CCC2CCC12,22.1704,31.628675,0.4266172672038136,35.023705042746656,0.3669887302630922,0.09693520541596037
C#CC1CCOC(O)C1,32.8711,33.125862,0.0077503375786643,35.664711316111365,0.07832984518928003,0.07118659376234608
CCCC(CN)CC#N,32.704,39.14334,0.1968976597496674,44.794074196208136,0.2699034283698082,0.12614914578782555
CCC1CN(CC#N)C1,34.5629,35.168606,0.0175247390827552,38.550886699342854,0.10344734040607255,0.08773548390005027
C1CC23CC24CC4C13,24.4173,26.523344,0.086252126153055,27.249699768174654,0.10394242110082463,0.026655551230071708
CCOC1OC2CC21,27.1587,29.385265,0.0819835025366382,33.02988967385038,0.17775383847250853,0.11034322880998935
CCC1NC1C1(C)CO1,38.8817,36.841118,0.0524818138382139,37.382481515529975,0.04010484119004246,0.014481743682667825
CCC1=CC1(O)CC=O,39.0738,35.693577,0.086508688360381,36.57786737902174,0.06823614387124534,0.024175558674831413
CC1(O)CC1NCO,24.7788,33.581398,0.3552471471683013,33.78873005943896,0.2666548888812711,0.006136130569992898
COCC(C)C1OC1O,39.2949,37.125458,0.0552092570875132,40.274980956094524,0.024334734190512804,0.07820048281408132
OOC1CCCC12CC2,29.1788,33.543793,0.1495946620357717,34.109663602031965,0.14455913900418024,0.016589744438237568
C=C(C)CC(N)CC,36.2257,38.103165,0.0518268707810079,42.27269723446843,0.14304734805371752,0.09863416595685476
CC1CCC=C2C(C)C21,34.5264,34.997757,0.0136520737177293,38.065575331905606,0.0929757477995914,0.08059298474162922
C1CC2CCC2CCO1,25.5239,32.506996,0.2735904840085236,35.394262426308735,0.27886899598088655,0.08157441993091555
CC1C2CCCC1C2O,26.5959,34.38608,0.2929091211636621,37.61524097688185,0.29294883378932185,0.0858471431531298
CCCC1CCONC1,33.1646,35.752293,0.0780257453144811,39.396551675286524,0.15818520683361814,0.09250197086595698
CCC1=CC2CN2C1=O,29.379,30.621733,0.042300034439293,33.58514184918169,0.12523817431142312,0.08823571037720342
N=C1C=CN=CC1O,21.0283,25.206127,0.198676410682178,25.677561897611028,0.18106321449637247,0.0183597998708316
N=CC1=C2CNCC12,21.946,25.816496,0.1763645263549503,26.56361323211387,0.17383227167799,0.028125587644479304
O=C1CC2CN2C1=O,27.0672,24.484964,0.0954009143639704,25.21196119741255,0.07358565991993712,0.028835408388902237
CCC1=CCC2CC12,30.6926,30.222897,0.0153034745858045,33.17430355651227,0.07480800771852533,0.08896664707623972
OCC1=NC=CN=CO1,28.9295,26.769993,0.0746472345402049,29.936792919274072,0.033647322276313396,0.10578287152580082
CCC1=CC2CCC1C2,28.8171,33.25036,0.1538412463968605,37.534675995946785,0.23225392959001856,0.11414287941127904
N=CC1=CN=C2C=C2N1,25.5405,23.941774,0.0625957061026161,26.32330854899894,0.029738227910894945,0.09047246263006369
C#CCC#CC=O,29.5462,25.037537,0.152597064221668,27.421889033196777,0.07746771071210826,0.08695068491854424
CCN1C=NOC=C1F,32.7302,29.769289,0.0904641885254709,32.3692003334578,0.011152566724642425,0.08032053021620213
CCCC1=CCCC1,26.592,30.609589,0.1510826046572983,35.72599758337701,0.25566809050076683,0.14321247633285483
CC=C1N=CN=NN=N1,22.6131,26.65047,0.178541232013416,28.43205395867576,0.20466175138571596,0.06266110641409105
COCC1(OC)CC1C,35.8669,38.791626,0.081543874061112,41.558077006436385,0.13694514800468155,0.0665683112817738
CCC1(C)C=C2CC21,33.8358,31.953178,0.0556399314997216,33.71192742362046,0.00367444361228507,0.05216994571447077
CCC12CCC1=CN2,32.5126,30.569427,0.059766752267294,30.765846783022514,0.056775723720414346,0.006384345095643631
CC(N)C#CCCO,41.419,34.419624,0.1689894896396995,37.73622426384602,0.09759258664578,0.08788903311197348
C#CC1=CCCC=CC1,33.0902,33.121326,0.0009406545301388,33.944053160116006,0.02515472021235442,0.024237740738713567
O=CC1=CC2OCC12,29.7508,23.99408,0.1934980037564116,27.438097830999993,0.08428799194625952,0.12551955504396836
N#CCc1nc[nH]n1,24.3219,22.966791,0.0557155833650289,22.81858619207532,0.06588111091855318,0.0064949163229118785
CC12CCNC3CC1C32,31.5446,32.966812,0.0450857558437597,34.49401119517317,0.08550502226270197,0.04427432885471086
O=CC1CCC2NCC12,28.9953,30.546614,0.0535022466826452,33.72014946837198,0.14011946989747717,0.0941139205610169
CCC12CCC(O)N1C2,32.9402,35.42096,0.0753110021389139,36.85057477669393,0.1061143496509868,0.038794911215281454
C#CCN1CC1(C)CO,35.5161,37.92054,0.0676999967889782,38.95994468514239,0.08839449626979883,0.02667880289724256
N=CC12C3C(O)C1C32,26.4928,27.037834,0.0205729166973845,26.59965980402647,0.004017337244677642,0.016472924811888123
CCCCCOCC,26.6954,37.40876,0.4013185818830503,43.30480302706328,0.3835464397952175,0.13615217285201722
COC(CC(C)C)OC,39.9315,41.490105,0.039031959112304,46.8044131051099,0.1468432707333648,0.11354288522271223
N=CCC1CCC(O)C1,28.3376,34.484108,0.2169029124270018,36.05669576604114,0.21408217259084306,0.04361430609851474
O=CC1NC2(CC2)O1,28.6326,26.535383,0.0732457679537553,26.949127057091133,0.06246855192535428,0.015352781417172636
CCC12CC(O)CC1C2,37.0427,37.031197,0.0003105444733165,37.62196550803121,0.01539700279368842,0.015702755027647307
O=CC1=C2CC12,22.6912,20.981794,0.0753334174790312,19.937831942808394,0.13809766603959908,0.05236086151123193
N#CCC1C2CC1C2,31.6632,26.540085,0.1618002969103821,30.767685898157602,0.029105669656359245,0.13740392800911794
CCC1=C2CCCC12O,41.8285,34.669594,0.171149005796642,35.6172097263965,0.17439014233055447,0.0266055576412605
CCCC1CN2CC2O1,41.8285,34.38894,0.1778586632604899,38.488648221723594,0.08677498256203604,0.10651733462048835
O=CC1CCC2CC2C1,26.0145,32.519066,0.2500361666352838,35.023705042746656,0.25723163873584654,0.07151268090254088
CC1=CC2CC2C1O,39.0892,29.694128,0.2403495585353748,31.33538253786642,0.24744607642059843,0.052377038508564205
N=CC1CC2CNC12,22.1438,26.954613,0.2172532596904594,28.568369013748587,0.22488399707581314,0.0564875094189649
N#CC1=CC=NN(O)O1,34.1816,25.697454,0.2482079700039013,25.18244142913154,0.35735846328458293,0.02045125657565052
C#CCCOCCC=O,21.4509,35.747047,0.6664590960899731,41.149869329077205,0.4787128039591993,0.13129622079405914
O=c1cc(F)nco1,21.2762,21.38665,0.0051912505733739,20.900784780991405,0.017961776217609915,0.023246266783746496
CCNN(CC)NC=O,31.3148,37.14451,0.1861646365876967,42.269480462832114,0.25916288402136023,0.1212451727988127
C#CC(CC)CCCC,39.0204,41.69639,0.0685792109929396,47.39879749569603,0.17676392521259246,0.12030700770866237
CC1C2CC(N)CN1C2,31.5166,35.376274,0.1224647997844538,38.850201773957345,0.18876611804042973,0.08941852591061801
N=C1NC2C=CN=C1C2,27.1607,27.445301,0.0104784138813876,27.93633597239814,0.027764413098571382,0.01757692823007626
C#CC(C)(N)C#CC#N,37.0487,34.50267,0.0687211619277885,36.918641476968915,0.003522841519296327,0.06544042197425051
C1CC2OC2C2COC12,27.7059,27.868544,0.0058703606407996,32.64844535697718,0.1513868517454821,0.14640517503096614
C1CNC2CCC2OC1,23.1271,31.620476,0.3672477642697515,34.09070685193406,0.32160104217117647,0.0724605348508318
C1CC2CC23CCC13,21.2522,27.946442,0.314990525705133,29.794669263890068,0.28671133041383334,0.062032145667414516
C=C(O)N(CC)CO,42.2308,34.474632,0.1836613972933595,36.5957138517463,0.15398213493203405,0.05795984361280827
CC1C2CCC1(N)C2=N,38.436,34.730827,0.0963984979825432,35.657248776461856,0.07792949032490863,0.02598130277155341
COCC1OC1=O,22.0195,24.618944,0.1180519161693417,27.622262883451736,0.20283504313501785,0.10872819855939463
CCC1=C=C(CO)N1,40.9149,31.482204,0.2305442653591758,33.65696177898236,0.2156444859366357,0.06461539200310173
CCn1ncc(CO)n1,29.1436,32.397842,0.1116623343453301,32.42155757436581,0.10110425962254015,0.0007314754792831783
CC1NCC1=CCC=N,33.4857,34.634804,0.0343162535641379,35.509933122871935,0.05700470107526409,0.024644628866064017
CCN1CC1CC=N,33.9431,32.141617,0.0530736196373029,34.40637868013844,0.013464906738524943,0.06582388984301353
O=CC1=CC=C2CC12,25.7827,24.91543,0.0336376690971182,26.82436060415034,0.03883263498885308,0.07116406733120727
N=C1C=NOC=CO1,24.2695,23.311481,0.0394741764012411,23.793359640529943,0.020011480793952024,0.02025265232863976
Cc1nncnn1,22.1872,21.183048,0.0452581556802564,19.448081226276575,0.14084262307700385,0.0892101772682483
N#CCc1ncco1,25.2694,22.983059,0.0904786449443453,23.66336789916021,0.06786997132799458,0.028749453672837204
C=CC(C)NC(C)CC,39.4063,41.753166,0.0595556090962731,46.72890862511587,0.15670403697766036,0.1064810365042745
N=c1ccnncn1,24.0811,23.53913,0.0225060625468874,20.238730757265394,0.1898522831702405,0.1630734299654544
C#CC#CC#CCOC,32.7969,33.92527,0.0344047785176771,36.272804689341235,0.09582674180038328,0.06471886333154328
C1=CN=NC=CN=NC1,21.1869,26.22417,0.2377540218160491,27.415315003766068,0.2271874316567387,0.04344816040240422
CCCC1CCC2=C=C21,29.4119,33.717007,0.1463729539182987,38.60811678457262,0.238193870886946,0.12668604925395
C#CC(O)CC(C)C,37.0159,36.586536,0.011599436796871,39.50567334545421,0.06302318463686434,0.07389159830103505
CCC1=CCC1(C)C,39.186,35.47268,0.0947614163685093,36.79452078644404,0.06499552548696429,0.035924935511893914
Cc1c2ncnc1-2,24.5042,21.044643,0.1411821890900495,14.255502375817557,0.7189292494923161,0.47624702695145005
N=CNc1nc[nH]n1,28.9491,23.598509,0.1848275478395229,21.737188864664322,0.33177754401624876,0.08562837388607386
C#CC1CC(CO)CN1,39.6111,35.78958,0.0964759550018019,36.77853024473237,0.07701693722992979,0.026889335657289216
C=CCC1(C)OC1=O,34.2407,29.61178,0.1351876519280861,31.87223961786553,0.07431107479522268,0.07092252207461641
CCC1C2CCN12,31.0047,26.773657,0.1364645732713822,29.962026385321362,0.03479983634182539,0.10641367657573955
CC1C2CC2C2COC12,29.9224,31.067545,0.0382704909076073,35.59671919593168,0.1594056790655077,0.12723571998313035
COC1(C)CC(C)C1,38.3777,34.863403,0.0915713208370355,36.84422994624897,0.04162035835701171,0.053762202362181225
O=CC1C2CN(CO)C12,23.9627,31.321262,0.3070840247392463,34.636644753292394,0.30816913212350855,0.09571893515977031
N=c1ccncnn1,22.4172,22.447159,0.0013364208499081,20.238730757265394,0.1076386295594436,0.10911891013431331
CC1C#CCC(O)C1C,41.133,36.73847,0.1068371339273572,38.267325003975806,0.07488568891937092,0.03995196956716899
O=CC1CC2CCC2O1,28.3384,29.846912,0.0532320944031139,33.717956270015414,0.15954573957376314,0.11480661043082978
C#CC(CC)CC,37.881,31.452917,0.1696914786040753,36.45480115629812,0.03912238713323733,0.13720782990566296
O=CN1CCC2CCC21,22.4721,30.492283,0.3568951218369284,34.25231431140937,0.3439246237293054,0.10977451851061966
