SMILES,des_cv,pred_cv,Err_pred_des,jobacks,Err_joback_pred,DFT_cv,RE_des,RE_pred
CC(COC1CN1)OO,36.919,38.89772034,0.05359626,37.87649798,0.0269619,36.893,0.070474073672502,5.43387726669015
CC(O)CC#CC1CCC1,41.622,39.98739624,0.03927259,42.62621888,0.061906092,41.536,0.207049306625574,3.72834110169491
NC1C(=O)OC1C=O,26.638,26.15036774,0.018305889,29.58938572,0.116224717,26.701,0.235946219242721,2.06221587206472
CCON(CC)NC=CN,45.467,42.4041748,0.067363697,47.79140114,0.112723758,45.356,0.24473057588852,6.5081250551195
CCC(C)(C)CNNC=O,45.467,43.99446869,0.032386815,49.01709312,0.102466795,45.328,0.306653723967516,2.94195929668197
CNc1nnnc(=N)o1,28.589,27.01054764,0.055211877,29.13715031,0.072985953,28.481,0.379200168533398,5.16292391418842
CC1CC2CC1CC2O,34.078,34.0004425,0.002275882,37.61524098,0.096099304,33.928,0.442112709266699,0.213518332940347
CCN(C#N)CC(C)C#N,40.133,42.39939499,0.056472105,43.83969468,0.03285378,39.953,0.450529372012114,6.12318221410156
CC1=CC2CC2C1=O,27.184,29.27829361,0.077041407,28.88453441,0.013632181,27.03,0.569737328893821,8.31777140214575
CCC(C)(N)NCCN,43.976,39.99332809,0.090564669,48.545876,0.176174551,44.266,0.655130348348618,9.6522656440609
CCC1OC(C)CC1CC=O,45.308,43.85752869,0.032013581,49.38707104,0.111963359,44.969,0.753852654050565,2.47163892904
CNC1C(C)CC1NN,38.509,36.9996376,0.039195056,42.33291383,0.125984151,38.843,0.859871791571205,4.74567463893109
N=c1cnnc(F)nn1,23.085,20.84544563,0.097013401,24.45760558,0.147690661,23.307,0.952503539709091,10.5614380658171
C#CCC1CC1C1CC1,36.068,34.00236893,0.057270463,37.36931281,0.090099165,35.72,0.974244120940647,4.80859762038073
C#CCOCC(N)CNC#N,43.567,42.40571976,0.026655043,49.37455703,0.141142274,44.047,1.08974504506549,3.72620210229982
CCC(N)N(C)CCN,43.567,40.16297531,0.078133098,48.51621763,0.172174228,43.093,1.09994662706239,6.79930543243683
CNC(C#N)CC(N)C#N,40.168,38.10890961,0.05126196,43.4797756,0.123525614,39.714,1.14317369189707,4.04162358362291
O=CCC1NCC1=O,27.184,26.45119476,0.026957226,28.73332764,0.079424594,27.513,1.19579834987097,3.85928557409225
CNC(C)(C)CCNC=O,45.901,42.39245224,0.076437284,49.01709312,0.135149607,45.354,1.20606782202232,6.52984909820523
C1CC2CCC1CO2,27.184,26.64434433,0.01985196,31.03388999,0.141443617,26.848,1.25148986889155,0.758550618295589
C#CC1CCCCC1C=O,36.919,35.85242844,0.028889503,40.38182166,0.112164163,37.436,1.38102361363394,4.23007682444706
N=CNC(=N)CN,28.097,27.01576233,0.038482317,27.62880942,0.02218869,27.691,1.4661803474053,2.43847340291068
CCC(O)C1OCCC1C,42.908,42.43309784,0.011067916,45.39350451,0.065216526,42.284,1.47573550279066,0.352610538265072
N=COC1CC12CC2O,32.958,35.85218811,0.087814434,31.64194943,0.133058764,33.488,1.58265647396083,7.05980682632585
CNC(CN)N(C)C#N,37.885,38.10759354,0.005875506,42.14469532,0.095791457,38.526,1.66381145200645,1.08603659866064
C1=C2C3CCC2C(C1)C3,30.303,30.67021942,0.012118253,33.3404569,0.080090009,29.802,1.68109522850816,2.91329246359304
CCc1nncc(O)n1,30.182,28.39990234,0.059045049,32.68630005,0.13113744,29.655,1.77710335525206,4.23233066936436
O=C1CCC2OC2CC1,31.237,29.99422455,0.039785365,32.21611901,0.068968409,30.675,1.83211083944579,2.21931687041566
O=CC1CC2CC2CO1,31.237,28.40228653,0.090748582,33.71795627,0.157651006,30.66,1.88193085453359,7.36370994781474
CCC(O)(CO)NNC,42.128,40.16415787,0.046616078,43.2359112,0.071046342,41.32,1.95546950629235,2.79729460309778
NC1CC(C=O)(C=O)C1,32.995,31.99925995,0.030178513,34.96162222,0.084731831,33.656,1.9639885904445,4.92256967554077
CCCC(C)CC(C)C,46.196,42.42429352,0.081645737,50.54396678,0.160645746,45.173,2.264627100259,6.08484377836319
CCNOC(C#CC#N)CN,45.467,44.19842148,0.027901083,47.91727115,0.077609797,44.446,2.29716959906403,0.557032173873909
OC1ONCC2CCC1N2,33.683,32.4240799,0.037375534,36.42022843,0.109723324,34.478,2.30581820291201,5.95719038227275
OC1ONCC2CCC1N2,33.683,32.4240799,0.037375534,36.42022843,0.109723324,34.478,2.30581820291201,5.95719038227275
CC(O)CC1CNC1,34.078,31.99903107,0.06100619,35.03242776,0.086588252,33.289,2.37015230256241,3.87506062062543
C1NC2CC1C1CCC21,30.182,31.41877365,0.040977193,33.95638733,0.074731556,29.479,2.38474846500899,6.58018810000339
C1NC2CC1C1CCC21,30.182,31.41877365,0.040977193,33.95638733,0.074731556,29.479,2.38474846500899,6.58018810000339
N=CNC1CC=NC1,28.589,26.81798553,0.061947409,28.44516574,0.057204104,27.898,2.47688006308696,3.87129711807297
OC1NCCCC2CC21,32.958,34.00188446,0.031673174,34.66916034,0.019246958,33.807,2.51131422486468,0.576461857011853
CC(NC=N)C1CCCC1,40.168,37.80089569,0.058930101,42.01904758,0.100386661,39.18,2.52169474221541,3.51991911689638
O=CC1=CC2CCC12O,29.995,29.99745941,8.2E-05,31.27202256,0.040757298,29.25,2.54700854700855,2.55541678632479
CCC(C)C(C)NNN,41.895,37.79563522,0.097848545,47.58597446,0.205740018,43.07,2.72811701880659,12.2460292082656
C#CC1C(C)C1CC=O,36.919,35.40162277,0.041100171,38.77560002,0.087012896,35.93,2.75257445032006,1.47057397717784
CCNCC1=CCCN1,36.919,34.65414429,0.061346616,38.59717843,0.102158611,35.913,2.80121404505332,3.50529254030574
OC1CCCC2C(O)C12,32.995,30.66865921,0.070505858,35.24542062,0.129854073,33.954,2.8244094951994,9.67585789597691
CCC1CCCOC1N,35.888,37.44480896,0.043379652,40.86753776,0.083751774,36.948,2.86889682797446,1.34461665042764
CC(C=O)CNCC=CO,42.908,39.08209991,0.089165193,44.525181,0.122247253,41.692,2.91662669097189,6.25995416386838
CC1OC1C1CCC1N,36.919,38.16926193,0.033865,38.31584373,0.003825618,35.859,2.95602219805347,6.44262787584706
CC(O)CC1CC1CCN,43.944,40.84428787,0.070537778,48.55903591,0.158873583,45.311,3.01692745690891,9.85789792765553
CNCC1CC1CC(C)O,46.196,42.40333939,0.082099329,47.62524299,0.10964571,44.828,3.05166413848486,5.40880835638441
O=C1NC1(O)CO,25.164,24.10391998,0.042126849,23.48976958,0.026145442,25.961,3.06998959978428,7.15334547975809
C#CC#CCOC#CN,33.683,36.47007751,0.082744337,35.90933586,0.015615484,34.764,3.1095386031527,4.90759840639742
C1CC23CCC(C2)C3O1,30.182,29.99382019,0.006234836,32.84929293,0.08692646,29.245,3.20396648999828,2.56050671909728
N#CCC1CCOCC1=O,32.958,31.99960709,0.029079219,36.44460689,0.121965914,34.166,3.53567874495112,6.34078589826142
CC(=O)OC1=NC1OO,33.683,34.00400925,0.009530305,31.73762584,0.071409986,32.518,3.5826311581278,4.56980518482072
C=COC1CC2CC1C2,32.958,32.62825775,0.010004923,36.17821447,0.098124155,31.813,3.59915757709112,2.56265598968976
O=CC12CC(C1)C(=O)N2,27.438,29.27830505,0.067071399,29.43710485,0.005394545,28.469,3.62148301661457,2.84275896589272
O=C1CC=CC1CO,28.589,26.64638138,0.067949863,29.15167787,0.085940044,27.57,3.69604642727602,3.35008567283279
N=CC(=O)CCC=O,28.589,29.53775787,0.033186116,30.15387227,0.020432348,27.567,3.70733122936844,7.14897475242137
NC(C=O)NNCC=C=O,40.133,37.4491272,0.066874462,42.35285047,0.115782603,38.681,3.75378092603605,3.18469739665468
CC1=CN=CN=C(C)C1,33.706,30.66873932,0.090110386,34.0579916,0.099514156,32.48,3.77463054187194,5.57654150246304
COC(OC#N)C(C)C,36.068,38.17026138,0.058286054,41.36668372,0.077270452,37.518,3.86481155711926,1.73852918599072
N=C1CC(O)C=CN1,27.029,29.53363037,0.092664559,27.05519745,0.091606536,28.129,3.91055494329696,4.9935311244623
CC1NC1C1CN1C=O,34.078,33.18719101,0.026140296,34.5912838,0.040590942,32.79,3.92802683745045,1.21131750533699
CCC(CC=O)CCNN,46.196,42.39183807,0.082348297,49.97608305,0.151757491,44.411,4.0192745040643,4.54653561054694
N=CNC1COOCOO1,32.958,30.6678772,0.069486098,34.62410666,0.114262283,34.372,4.11381356918422,10.7765704643314
CC(O)CN(C)NCNN,43.976,39.6587944,0.098171857,49.38734078,0.196984616,45.885,4.16040100250626,13.5691524463332
N#CC(O)CCC1CC1,36.969,34.00349426,0.080216012,37.48187784,0.092801743,35.492,4.16150118336528,4.19391902400541
CC1C=CC2CCC1C2,36.068,36.07524109,0.000200762,36.50832005,0.011862473,37.743,4.43790901624143,4.41872376334685
CCC(C)(O)C=CC#N,40.133,42.4362793,0.057391157,39.31797513,0.079309887,38.422,4.45317786684713,10.4478665868513
CCCN(CNC#N)NC,44.931,42.39797974,0.056375782,46.7342062,0.092784853,42.967,4.57094979868271,1.32431926827566
N#CC1(O)C2CCC21O,33.706,33.18803406,0.015367173,30.35203963,0.0934367,32.214,4.63152666542498,3.02363587260198
N=C1NN=NC1OO,24.099,24.11079025,0.000489242,24.60309653,0.020009931,25.28,4.67167721518988,4.62503856803798
OCC(O)(O)C1CCCN1,38.174,38.5224762,0.009128627,40.09996065,0.039338803,40.08,4.75548902195609,3.8860374251497
N#CC12CC1(N)CNN2,32.958,31.06017303,0.057583196,30.4785753,0.019082182,31.451,4.79158055387745,1.24265355632571
CC12CNC1=NC(O)O2,29.294,29.99644852,0.023979263,31.13457453,0.036555053,30.777,4.81853332033662,2.53615193163726
CC1CC(C)C(CN)O1,40.168,39.08394623,0.026987995,42.51006283,0.080595425,38.319,4.82528249693363,1.99625833137608
CC#CCC(C)(O)CC,43.976,43.61029816,0.008315941,43.54649425,0.00146519,41.94,4.85455412494039,3.98258979494516
CCCOC(C)C1CCC1,45.901,44.41889191,0.032289233,47.78002319,0.070345953,43.772,4.86383989765148,1.47786692406105
CCC1OC(C)CN1COO,43.395,40.49854279,0.066746335,48.80654007,0.170223033,45.715,5.07492070436399,11.4108218527836
CC(=O)CC1CCCC1=O,35.888,38.89619827,0.083821842,38.93132511,0.000902277,37.822,5.11342604833167,2.84014137274601
CC12CNC(=N)OC1C2,33.706,32.0009346,0.050586406,31.76888819,0.007304203,32.055,5.15052253938544,0.168664482919978
CC1(C)NCC=NN1,29.702,29.27749634,0.01429209,30.67155372,0.04545115,31.333,5.2053745252609,6.56018785306226
CC1CCCCCO1,33.683,33.48569489,0.005857706,34.11648335,0.018489258,31.994,5.27911483403138,4.66242073513783
OC1=NCCC2NC1O2,27.438,29.99597168,0.093227337,30.59695066,0.019641793,28.978,5.31437642349369,3.51291214024432
OCC1NC12NN1CC12,32.995,29.99803543,0.09083087,31.16087027,0.037317149,31.33,5.31439514842004,4.25140303223746
C#CC1C(=N)CCC1C,32.995,32.62950516,0.01107728,36.48083791,0.10557139,34.88,5.40424311926607,6.45210676605505
CC1CC(CO)CNN1,38.509,36.07711029,0.063151204,37.55982385,0.039476052,36.526,5.42900947270437,1.22895939878444
CC1N2C(O)OC12CN,32.995,34.65406418,0.050282291,36.82388224,0.058924207,34.93,5.5396507300315,0.789967993129118
CC1=C2NC(O2)C1O,28.589,31.42149353,0.099076342,28.64080841,0.09708822,27.059,5.65431095014597,16.1221535533464
CC1=C2NC(O2)C1O,28.589,31.42149353,0.099076342,28.64080841,0.09708822,27.059,5.65431095014597,16.1221535533464
CC1=C2NC(O2)C1O,28.589,31.42149353,0.099076342,28.64080841,0.09708822,27.059,5.65431095014597,16.1221535533464
CC1=C2NC(O2)C1O,28.589,31.42149353,0.099076342,28.64080841,0.09708822,27.059,5.65431095014597,16.1221535533464
CC(C=O)C1OCC1=O,34.078,32.16463089,0.056146755,34.15182699,0.058187109,32.254,5.65511254418058,0.277079152973274
C#CN(CCCC)NC,43.395,39.99068451,0.078449487,44.80072425,0.107365223,41.006,5.82597668633859,2.47601689996586
O=CCC12CCC(C1)C2,29.995,32.42296982,0.080945818,35.03042957,0.074434136,31.89,5.942301661963,1.67127569771088
O=CCC12CCC(C1)C2,29.995,32.42296982,0.080945818,35.03042957,0.074434136,31.89,5.942301661963,1.67127569771088
O=CCC12CCC(C1)C2,29.995,32.42296982,0.080945818,35.03042957,0.074434136,31.89,5.942301661963,1.67127569771088
O=CCC12CCC(C1)C2,29.995,32.42296982,0.080945818,35.03042957,0.074434136,31.89,5.942301661963,1.67127569771088
C#CC12CCCC1O2,29.294,26.64674377,0.090368547,29.48666467,0.096312042,27.65,5.94575045207957,3.62841312839059
CC1NOCC2CC1O2,30.182,28.84061813,0.044443107,34.42748315,0.162279217,32.13,6.06286959228137,10.2377275754746
CNCC1C(C)CC1C,37.885,37.80032349,0.002235093,43.99364441,0.140777628,40.35,6.10904584882281,6.31890089219332
O=C1C2COCCN1C2,30.182,29.99969482,0.006040195,31.44472828,0.045954713,28.413,6.22602329919403,5.58439735332418
CCC(O)C(O)CCCO,43.567,43.7251358,0.003629715,48.90650389,0.105944357,46.516,6.33975406311806,5.99979404935936
CC1CC2OC(O)C2O1,29.702,32.16062927,0.082776556,35.00374343,0.081223146,31.714,6.34420129911079,1.40830317840702
NC1C2C=CN(C=O)C12,33.706,31.42120361,0.067786044,33.69715433,0.067541333,31.681,6.39184369180266,0.820038477320797
NC1C2C=CN(C=O)C12,33.706,31.42120361,0.067786044,33.69715433,0.067541333,31.681,6.39184369180266,0.820038477320797
NC1C2C=CN(C=O)C12,33.706,31.42120361,0.067786044,33.69715433,0.067541333,31.681,6.39184369180266,0.820038477320797
NC1C2C=CN(C=O)C12,33.706,31.42120361,0.067786044,33.69715433,0.067541333,31.681,6.39184369180266,0.820038477320797
N#CC1CC1CCO,28.589,29.5363121,0.033135545,32.59208464,0.093758118,30.565,6.4649108457386,3.36557467691805
CCC(C)C(C)CCCN,46.196,44.54684067,0.03569918,55.65249613,0.199553591,49.522,6.71620693833044,10.0463618795687
NCNCCC(C=O)CO,40.126,38.51807022,0.040072018,47.6062627,0.190903296,43.02,6.72710367271038,10.4647368200837
O=CCC(CO)C1CCC1,42.908,38.89980698,0.093413653,42.84952272,0.092176423,40.117,6.95715033526935,3.03410778472966
CCCC1C(C)C1C#N,40.126,38.89659882,0.030638518,40.9648025,0.050487334,37.493,7.02264422692235,3.74362899741285
CCC1C(O)CC1C=O,33.706,35.40161133,0.05030592,38.49062885,0.080253756,36.254,7.02818999282836,2.35115758261156
CC1CC(CO)C1C=N,34.078,35.03639603,0.0281236,37.69922083,0.070633418,36.674,7.07858428314336,4.46529958553744
O=C1OC1CC1CC1O,30.182,29.08564758,0.036324711,33.29127022,0.126328092,32.484,7.08656569388007,10.4616193202808
CNC1(CO)C2NC21,34.078,32.62846375,0.042535837,31.77240148,0.026943581,31.816,7.10963037465428,2.55363260623586
CC1C=CN1CCO,29.995,29.08306122,0.030403027,34.31258135,0.15240824,32.296,7.1247213277186,9.94841088679712
CC(C#CC#N)COCN,42.908,44.04978943,0.026610176,43.74253473,0.007024163,40.041,7.16016083514399,10.0117115706401
OC12C=CC(CC1)N2,28.589,29.99924088,0.049328094,27.36967048,0.096076071,26.676,7.17124006597691,12.4577930724247
CCN(CC)C(C)C#N,36.969,37.44927597,0.012991316,43.8054259,0.145099603,39.829,7.18069748173441,5.97485256973562
CCC1CC(C)C1=CC#N,42.908,43.59463882,0.016002583,42.60052178,0.023335795,39.988,7.30219065719716,9.01930284085226
N=CNN1CCOC1,25.828,25.47009277,0.013857334,29.04921736,0.123208985,27.875,7.34349775784754,8.62746988340807
CCC(C)CNC1CCCN1,44.085,41.73539734,0.0532971,51.40935514,0.188175047,47.593,7.37083184501923,12.3076978967495
C1NNC2NCC1CO2,27.184,26.64545059,0.019811264,31.4835957,0.153671936,29.352,7.3862087762333,9.22100507631508
CCCC(C)(N)CC,43.395,40.16352844,0.074466449,44.73460841,0.102182183,40.363,7.5118301414662,0.49419408864554
N=CC(O)C1NC12CN2,30.784,29.08337784,0.055243703,30.32241016,0.040861934,33.3,7.55555555555555,12.662529009009
N=CNC1NN=NN1,24.462,26.45399857,0.081432367,24.99107969,0.058537642,26.473,7.5964189929362,0.071776640350544
CCC(C)(O)CNNC#N,40.168,40.16362,0.000109042,45.64000033,0.119990804,43.48,7.61729530818767,7.62736890524378
O=CCCCCC1CCN1,36.969,38.52094269,0.041979569,43.96709313,0.123868786,40.027,7.63984310590351,3.76260351762561
CCC(C)(N)C(N)C#N,37.695,39.99261093,0.060952671,44.35410274,0.098333447,40.821,7.65782317924597,2.02932086426104
CCCCC(CO)C(C)O,44.085,42.43310928,0.037470584,51.27632425,0.172461952,47.781,7.73529227098637,11.1925048031644
NC(=O)CCCC1CO1,32.958,34.00433731,0.031747597,38.30312994,0.112230845,35.732,7.76334937870816,4.8350573435576
CC(OCCCO)C1CCN1,42.908,43.60678101,0.016285565,49.57864543,0.120452351,46.524,7.77233255953916,6.27035291462471
N#CC1=CCCNC1,28.89,29.08337021,0.006693327,27.87308689,0.043421216,26.797,7.81057581072508,8.53218722245027
CC(C)(CO)C1CCCN1,40.133,37.00037384,0.078056117,44.83960136,0.174828216,43.56,7.86730945821855,15.0588295684114
COC1OC2(O)CCC12,30.784,32.42437744,0.053286689,34.4464399,0.058701638,33.433,7.92330930517752,3.0168473065534
COC1OC2(O)CCC12,30.784,32.42437744,0.053286689,34.4464399,0.058701638,33.433,7.92330930517752,3.0168473065534
COC1OC2(O)CCC12,30.784,32.42437744,0.053286689,34.4464399,0.058701638,33.433,7.92330930517752,3.0168473065534
COC1OC2(O)CCC12,30.784,32.42437744,0.053286689,34.4464399,0.058701638,33.433,7.92330930517752,3.0168473065534
CC(C)CC#CC#CC#N,41.895,38.89704895,0.071558684,41.3220196,0.058684708,38.806,7.96010926145443,0.234625959903111
CC1=CC(O)CCC1,29.294,31.05909348,0.060254437,32.77545083,0.052367162,31.839,7.99334149941895,2.44953208329406
CC(O)CCCCCC#N,40.133,39.08186722,0.026191234,48.25972084,0.190176268,43.625,8.00458452722062,10.4140579484241
NC(O)(C=O)CC1CN1,38.174,35.85242462,0.060815617,36.79692887,0.025668018,35.329,8.05287440912564,1.48157213620538
N=C1N=CNOCC1=O,25.828,26.82577133,0.038631382,26.81199808,0.000513697,28.113,8.12791235371536,4.57876665599545
N=C1C2C=NC2C1CN,28.589,28.84193802,0.00884739,33.55005952,0.140331241,31.152,8.22740112994351,7.4154531972265
C1CC1NCC1NO1,27.184,26.64549255,0.019809721,30.65632413,0.13083211,29.636,8.27372114995275,10.0907931232285
CNC1C=COC1=N,30.303,32.16048431,0.061297044,29.23718859,0.099985528,27.95,8.4186046511628,15.0643445796064
N=C1CC=CC1CO,25.68,24.09959793,0.061542137,29.47037875,0.182243359,28.051,8.45246158782218,14.0864927097073
C#CCC(C)C(O)CC,45.09,43.63991928,0.032159697,44.97767152,0.029742585,41.498,8.65583883560655,5.16150002409756
CCNCC(N)N(O)CC,42.908,43.88597107,0.022792278,50.68460253,0.134136032,47.002,8.71026764818519,6.62956667801371
O=COC1CCCCC1O,33.706,33.48575592,0.006534269,35.73647805,0.062981084,36.924,8.71519878669699,9.31167825804354
CCCCC(NN)C(C)N,43.944,40.34186172,0.081971106,53.99176555,0.252814548,48.153,8.74088841816709,16.221498722821
CC1C=NC1CNO,28.589,26.82093811,0.061844132,32.93973542,0.18575733,31.336,8.76627521062037,14.4085457301506
O=C1NNCCCCCO1,32.995,31.42201614,0.047673401,36.10026937,0.129590535,36.187,8.82084726559262,13.1676675601735
O=C1NNCCCCCO1,32.995,31.42201614,0.047673401,36.10026937,0.129590535,36.187,8.82084726559262,13.1676675601735
CCCCCCCC=CO,40.126,39.08276749,0.025998916,50.30420533,0.223071566,44.066,8.94113375391459,11.308565583443
CCCCCC1CC1C,37.695,38.10280228,0.010818471,45.87163255,0.169360231,41.544,9.26487579433853,8.28326044675524
C1NC2C3C4CC12C3O4,28.89,26.81851959,0.071702333,30.10566906,0.109187059,26.43,9.30760499432463,1.46999466515324
CCCC(CC)C1CC1,45.308,43.800354,0.033275492,45.28942759,0.032879055,41.449,9.31023667639751,5.67288474993366
N=CNN1NOC2NC21,26.638,24.11496735,0.094715544,29.36241036,0.178712951,29.398,9.38839376828355,17.9707213075719
CC1=Nc2nocc2C1,29.294,26.47069931,0.096378121,29.58437968,0.105247445,26.779,9.39168751633743,1.15127782964263
COCC(C)C1CCCNC1,41.622,39.6591835,0.047158149,49.72521432,0.202433131,45.94,9.39921636917718,13.6717816717458
CC(C=O)CC(N)CC=O,38.174,38.16818237,0.000152398,46.79158222,0.184293829,42.135,9.40073573039041,9.41454285036194
CCCOC1CC1C#N,38.509,35.03643799,0.090175336,38.56412632,0.091475904,35.186,9.44409708406753,0.425061132268507
C#CCC(N)C(N)C#N,33.683,36.07653046,0.071060489,41.18282483,0.123990872,37.296,9.68736593736594,3.26970597383097
NNC1=CCC2C(=O)C12,29.702,27.00962067,0.090646399,32.69580201,0.173911664,32.903,9.72859617664042,17.9113738260949
CCC(C)(C)C=CC=N,42.908,40.83730316,0.048258992,41.90365991,0.025447819,39.049,9.88245537657815,4.57963881277369
CC(O)(C#CCN)CN,45.038,41.73320389,0.07337795,42.8195566,0.02537048,40.965,9.94263395581592,1.87526886366409
CCC(C=N)CC(C)O,36.919,40.16324615,0.087874703,42.95228146,0.064933345,41.068,10.1027564040129,2.20306284698548
CC(C)(O)OC1CC1,38.509,40.16320801,0.0429564,35.55263522,0.129683011,34.974,10.1075084348373,14.8373306170298
CC(CC#N)CC=CN,42.128,39.35826492,0.065745705,41.34952367,0.048156752,38.224,10.2134784428631,2.96741555043953
CC(C#CC#N)C1CCCC1,45.901,42.3903389,0.076483325,43.91868228,0.034799391,41.612,10.3071229453042,1.87046741324618
CCCN1C(C)C1CNN,40.126,37.0003624,0.077895569,49.44240875,0.251647253,44.819,10.4710056003035,17.444917557286
N=c1nnnc(F)o1,23.085,21.46610069,0.070127759,21.47267549,0.000306194,20.879,10.5656401168638,2.81191958427128
CCCC(C)C1CCNN1,38.174,37.44905853,0.018990451,45.93106315,0.184668153,42.711,10.6225562501463,12.3198742010255
N=C1CC(=O)NCN1,24.099,26.14037704,0.084707957,25.13500996,0.039998675,26.974,10.6584118039594,3.09046845110106
C1NCC2C1C2N1CN1,27.438,29.2784462,0.067076543,31.88144102,0.081646084,30.772,10.8345248927597,4.85361302482776
NC1CN=CN1CO,25.284,25.48719025,0.008036317,31.99051188,0.203289077,28.365,10.8619777895293,10.1456363476115
N=C1NCC(=O)N1,24.462,23.66777802,0.032467582,20.77463752,0.139263103,22.064,10.8683828861494,7.26875462291516
CC1=COC(O)C1C=O,28.89,31.06184387,0.07517632,34.15376834,0.090529526,32.415,10.8745950948635,4.17447518124325
CCC(C#N)CCNN,42.908,39.66108322,0.075671595,43.49681245,0.088184145,38.607,11.1404667547336,2.73029041365556
CC1CC(=O)CC1O,27.438,29.99510193,0.093195638,31.51679342,0.048281926,30.883,11.155004371337,2.87503827348379
CCC(C)(C)C1CCCCN1,43.567,40.84269714,0.062531339,51.56979415,0.208011244,49.103,11.2742602284993,16.8223995682545
C#CCC(C#N)N(C)CCC,41.622,40.33444214,0.030934551,51.55294732,0.217611325,46.913,11.2783237055827,14.0228888794151
CC(CO)OCCC1CN1,37.695,40.49845123,0.074371965,45.21827299,0.104378638,42.513,11.3330040222991,4.73866527885587
CC(C)C1CNCC=N1,40.133,37.00005722,0.078064007,37.9698037,0.025539939,36.034,11.3753677082755,2.68096025975469
O=C1CCC23CC2C3C1,33.683,32.16325378,0.045119087,30.97689829,0.038298072,30.221,11.4556103371828,6.42683491611792
CC(O)CCCC=O,30.784,32.62944031,0.059948035,38.32299693,0.148567625,34.795,11.5275183215979,6.2237668917948
CCCCCC1C=CCN1,36.919,35.40161133,0.041100481,45.45170813,0.221115932,41.778,11.6305232418977,15.2625512710039
O=CC#CCC1CO1,30.784,29.99881744,0.02550619,29.47876852,0.017641474,27.574,11.6414013200841,8.79385450061652
CCC(C)C(C)CCNC,43.395,44.39282608,0.022994033,54.71870321,0.188708367,49.21,11.8167039219671,9.78901426539322
C1CC2NC(CN1)O2,29.294,27.6007843,0.057800768,28.42677884,0.029056916,26.189,11.8561227996487,5.39075298789568
CCC(C)C#CCCC#N,45.038,40.83998489,0.093210513,45.9757804,0.111706543,40.262,11.8623019224082,1.4355593115096
CC1CNC(=O)CC1O,30.303,32.42246246,0.069942331,34.57361028,0.062219358,34.382,11.86376592403,5.69931225641324
CC1CNC(=O)CC1O,30.303,32.42246246,0.069942331,34.57361028,0.062219358,34.382,11.86376592403,5.69931225641324
CC1CNC(=O)CC1O,30.303,32.42246246,0.069942331,34.57361028,0.062219358,34.382,11.86376592403,5.69931225641324
CC1CNC(=O)CC1O,30.303,32.42246246,0.069942331,34.57361028,0.062219358,34.382,11.86376592403,5.69931225641324
CC(O)CC1C=NC1=N,30.182,33.18846893,0.099611322,35.15572212,0.055958264,34.246,11.8670793669334,3.08804260351575
CCC(C)(C)CNC#N,45.467,42.39289093,0.067611874,43.83508427,0.032900435,40.636,11.8884732749286,4.32348393050496
N=CNC(=N)OOO,27.184,25.48072433,0.062657286,27.35490238,0.068513425,24.284,11.9420194366661,4.92803627903147
CC1NNCC(=N)CO1,29.294,29.53472137,0.008217429,33.01030211,0.105287759,33.285,11.9903860597867,11.2671732912723
C1=NC2=NNCNN12,20.153,21.18217087,0.051067874,23.51348485,0.099147957,22.964,12.2408987981188,7.75922805260407
CCNNC(C)C(C)=O,45.308,43.79896927,0.033306055,42.63236324,0.027364329,40.334,12.3320275697922,8.59069090593543
CC(C#N)CCC1CN1,40.133,36.99826813,0.078108586,38.54814262,0.040206204,35.717,12.3638603466137,3.58727813086206
CCC1CC1C1CNN1,40.126,37.79990005,0.057969893,36.84705085,0.025859579,35.614,12.6691750435222,6.13775495591622
C1=C2CCCC(N2)O1,28.589,27.59896469,0.034629938,27.81084841,0.007618744,25.365,12.7104277547802,8.80727258032723
CC(C=C=CCN)CO,44.931,43.55174255,0.030697235,43.35289181,0.004586793,39.843,12.770122731722,9.30839181286549
C1=NC2CC(=CNO1)CO2,27.184,27.60103226,0.015341092,32.5446534,0.151902713,31.191,12.8466544836652,11.5096269436696
C#CCCCC=N,30.303,31.41900253,0.03682812,31.28424181,0.004307623,26.849,12.8645387165258,17.0211275280271
C#CCCCC=N,30.303,31.41900253,0.03682812,31.28424181,0.004307623,26.849,12.8645387165258,17.0211275280271
O=C1CC2CCCC1N2,34.078,32.16467667,0.056145412,32.21831221,0.001664753,30.18,12.9158383035123,6.57613210735586
CCCC(N)NC(C)C#N,38.509,37.79837418,0.0184535,48.91750499,0.227303719,44.336,13.1428184770841,14.7456374503789
CC(O)(C#CC=N)CO,42.128,43.5465889,0.033673303,35.95480893,0.211147832,37.228,13.1621360266466,16.972678897604
CC(O)C(C)CC1CN1,45.038,43.58620834,0.032234816,41.56474603,0.048634059,39.798,13.1664907784311,9.51858972812703
C#CC(C)(N)CCC#N,42.908,38.89826202,0.093449659,41.57240227,0.064324891,37.899,13.2167075648434,2.6366448191245
CC(C)C(O)CCNCCN,45.467,43.7094574,0.038655346,57.4574122,0.239272085,52.477,13.3582331307049,16.7074005754902
CC1NC1C1CN1,29.995,28.84161377,0.038452616,27.01468024,0.067627435,26.456,13.3769277290596,9.01728821439371
CCC(C)(O)NCCCNN,45.467,42.39252853,0.067619844,56.18625907,0.24550007,52.502,13.3994895432555,19.2554025941869
O=CC1CCC2CNC2O1,29.294,29.99523163,0.023937722,36.77477314,0.184353048,33.854,13.4696047734389,11.3982642228393
O=C1CC1CCC1CC1,30.303,31.42150879,0.036910827,35.74511924,0.120956666,35.082,13.6223704463828,10.4341007069152
O=C1CC1CCC1CC1,30.303,31.42150879,0.036910827,35.74511924,0.120956666,35.082,13.6223704463828,10.4341007069152
O=C1CC1CCC1CC1,30.303,31.42150879,0.036910827,35.74511924,0.120956666,35.082,13.6223704463828,10.4341007069152
O=C1CC1CCC1CC1,30.303,31.42150879,0.036910827,35.74511924,0.120956666,35.082,13.6223704463828,10.4341007069152
C#CCC(C)COCC#N,34.962,36.47036362,0.043142944,45.56328944,0.199566931,40.641,13.9735734849044,10.2621401540316
C1N=NN2CC2=NN1,20.714,21.25089264,0.025919313,23.97006552,0.113440361,24.11,14.0854417254251,11.8585954375778
OC1CCC(C2CC2)C1,30.182,32.62875748,0.081066777,35.97271591,0.092958186,35.14,14.1092771770063,7.14639305634605
COC1(CO)CC1=N,36.969,36.47134781,0.013461338,31.08406773,0.173313227,32.375,14.1899613899614,12.6528117683398
CC1COC1=CCC=O,38.509,39.35599136,0.021994634,36.29914794,0.084212539,33.71,14.2361317116583,16.7487136161376
O=CC#CC1CCCO1,34.962,33.18693542,0.050771254,32.72751523,0.014037735,30.605,14.2362359091652,8.43631896748896
O=CNNCC1NCO1,27.438,27.00311661,0.015849675,34.59482269,0.219446307,32.049,14.3873443789198,15.7442771693345
CC(=O)C(N)NNC#N,40.133,39.084198,0.026133157,36.83116503,0.061171917,35.057,14.4792766066691,11.4875716689962
O=COCCC1CC1O,29.702,27.59914398,0.070798465,33.59935707,0.178581188,34.811,14.6763953922611,20.7171756628652
C#CC1C(=N)C1CC,36.919,34.65385818,0.061354365,33.2320912,0.042782953,32.182,14.7194083649245,7.68087185383133
CCC#CC(=N)OCC#N,42.908,39.35829544,0.082728269,38.96613245,0.010064201,37.309,15.0071028438179,5.49276431960117
CCC(C)(C)CCNCCO,45.308,43.79344559,0.033427969,57.84698964,0.242943395,53.368,15.1026832558837,17.9406281104782
C1CC2NNCN2CO1,25.01,26.8188858,0.072326502,32.01576055,0.162322389,29.468,15.1282747386996,8.98979978281526
NC=CC=CC(O)CO,43.976,40.16305161,0.086705212,38.60306182,0.040411038,38.163,15.2320310248146,5.2408133794513
CC1=NC(CNO)=N1,25.284,26.81882477,0.0607034,30.08800474,0.10865393,29.849,15.2936446782137,10.1516808938323
CC(O)(C#N)CC=O,36.186,37.80063629,0.044620469,32.86007054,0.150351648,31.385,15.2971164569062,20.4417278636291
CC(C=O)NNC1CCNC1,36.969,38.16790771,0.032430082,45.68163644,0.164480288,43.665,15.334936447956,12.5892414748654
O=CC1C=CC1COOO,30.784,29.99597168,0.025598633,37.85795778,0.207670634,36.464,15.577007459412,17.7381206669592
CC1=NC(C=O)=NCO1,24.462,26.15634537,0.069264384,31.26762782,0.163468827,29.019,15.7035046004342,9.86475974361625
C1CC2CNN(C1)COC2,30.182,30.66765594,0.016090913,37.67968856,0.186095822,35.838,15.7821306992578,14.426988280596
CC12CC(C=O)NNN1C2,30.303,31.06134796,0.025025508,36.54319947,0.150010168,36.017,15.8647305439098,13.7592027098315
CCC(C)C(C)=CC#N,45.308,43.98921585,0.029107093,41.74368073,0.053793415,39.094,15.8950222540543,12.5216551133166
N=C1C(N)CN1CO,25.284,27.00599289,0.068106031,31.81226048,0.15108224,30.084,15.9553250897487,10.2313758476266
C#CC#CC(C)(C)C#C,43.976,39.99473953,0.090532574,39.52336478,0.011926483,37.893,16.0530968780514,5.54651130815717
O=CC12CC(O)CC1CN2,29.294,31.99992752,0.092371391,36.24832542,0.117202598,34.912,16.0918881759853,8.34117919340055
CC1OC1C1NCC1NN,32.958,35.40153885,0.074140993,41.18702458,0.14046865,39.312,16.1630036630037,9.94724549755799
C#CC1NC1CCOO,29.995,28.84114838,0.038468132,37.13200487,0.223280604,35.786,16.1823059296932,19.4066160509697
CC12NNC1NC21CCN1,30.784,31.42193222,0.02072285,33.83881571,0.071423407,36.821,16.3955351565683,14.6630123570788
CC12NNC1NC21CCN1,30.784,31.42193222,0.02072285,33.83881571,0.071423407,36.821,16.3955351565683,14.6630123570788
CC12NNC1NC21CCN1,30.784,31.42193222,0.02072285,33.83881571,0.071423407,36.821,16.3955351565683,14.6630123570788
CC12NNC1NC21CCN1,30.784,31.42193222,0.02072285,33.83881571,0.071423407,36.821,16.3955351565683,14.6630123570788
CNNC1NC1CCNC=O,36.969,35.03642273,0.052275617,47.18983112,0.257542952,44.249,16.4523492056318,20.8198541661959
O=C1CCOC2C(O)C2N1,28.097,28.39922333,0.010756427,34.54564059,0.177921647,33.696,16.6162155745489,15.7193039826686
N=C1CC(=O)C=CCCN1,28.89,29.53893661,0.022462327,33.3250942,0.11361281,34.685,16.7075104512037,14.8365673634136
CC1CC12CCC2O,37.695,37.45061493,0.006483222,32.14996734,0.164872565,32.277,16.7859466493168,16.0287973789386
CC12CCC1=CO2,28.589,26.46738052,0.074211042,25.29165541,0.046486681,24.353,17.3941608836694,8.68221787870077
CC(O)CC1CC1C,29.702,32.00113678,0.0774068,37.9785084,0.157388267,36.005,17.5059019580614,11.1202977919733
C#CC#CC1CC(C)CO1,43.976,40.4986496,0.079073822,39.96439477,0.01336827,37.37,17.6772812416377,8.37208884131657
CC1NN(C)CC1=O,35.888,34.65498734,0.034357241,31.81166747,0.089379781,30.433,17.9246212992475,13.8730566818914
O=CN1C2C=CC1O2,27.438,26.64694977,0.028830463,26.75197688,0.003925957,23.251,18.0078276203174,14.6056073717259
CCNNCC(C)(C)CC,40.168,43.57606506,0.084845276,53.44755008,0.184694808,49.077,18.1531063430935,11.2087840332539
NCNC1C2CC(=O)C21,27.184,28.402565,0.044826552,35.72691374,0.205009276,33.228,18.189478752859,14.5221951366318
CCC(C)(N)CCCC=O,37.885,39.99200821,0.055615896,51.24814779,0.21963993,46.356,18.2737941151092,13.7285179696264
C#CC(=O)C#CCCC#N,41.895,38.10881424,0.090373213,37.46222544,0.017259754,35.392,18.3742088607595,7.67635126582278
CC(CO)CC1CC1,41.895,41.74160004,0.003661534,37.44760906,0.114666626,35.304,18.669272603671,18.2347610469069
CC(C)CCC#CC#N,44.085,40.49817657,0.081361539,40.50378223,0.000138398,36.99,19.1808596918086,9.48412157339821
CCCC(C)CC#N,41.895,39.08228302,0.067137295,39.68554485,0.015201047,35.088,19.3997948016416,11.3836155380757
C1NNCC(C2NN2)N1,24.921,27.00925446,0.08379497,30.18223333,0.105127372,31.05,19.7391304347826,13.013673236715
NC1=NN=NC=CN1,20.714,20.98671722,0.013165841,25.62636457,0.181049767,25.85,19.8684719535783,18.8134730367505
CC1CC(CCOO)C1C=O,36.068,33.48669815,0.071567646,47.56484835,0.295978032,45.02,19.8844957796535,25.6181738116393
N#CC1NC=CC1NN,38.174,36.47073746,0.044618393,33.41214933,0.091541196,31.794,20.0666792476568,14.7094969491099
CC(O)CC(C)COCC#N,37.885,38.51906586,0.016736594,51.81063654,0.256541351,47.432,20.1277618485411,18.7909726345084
CCC(O)(O)C#CC#N,43.395,40.83898163,0.058901218,35.73894451,0.142702511,36.011,20.504845741579,13.4069635111494
N=CNC1CCOCO1,25.01,26.14286041,0.045296298,32.87523176,0.204785517,31.511,20.6308908000381,17.0357639871791
CC(C)c1ncnnn1,36.919,38.10373306,0.032090064,32.97873234,0.155403206,30.506,21.0220940142923,24.9057007146135
CC1CCC1(C#N)CN,44.085,40.33228302,0.085124577,38.38480674,0.050735602,36.361,21.2425400841561,10.9218201369599
CC1CNNCN1C=O,25.458,27.59788895,0.084055658,34.72779653,0.205308378,32.494,21.6532282882994,15.0677388133194
C#CC(C)(CC)CO,44.931,44.40930176,0.011611098,39.53178196,0.12338224,36.931,21.6620183585606,20.249388751997
CCN1CC(C2CC2)N1,43.976,39.66307068,0.098074616,37.37921569,0.061099596,35.692,23.2096828420935,11.1259404908663
CC12CC1C1CC2N1,33.706,31.06070328,0.078481479,30.13363876,0.030765104,27.342,23.2755467778509,13.600699583059
C1OC2C3CC1NC32,29.294,26.64024353,0.090590444,28.29026612,0.058324746,23.714,23.5304039807709,12.3397298220461
CC(O)CCC(C)CCCO,40.133,40.49809265,0.009097069,56.74832241,0.286356126,52.515,23.5780253260973,22.882809387794
CC1CNCCC1=N,37.695,35.8522377,0.04888612,31.25923402,0.146932701,30.462,23.744337207012,17.6949566673232
O=C(O)C1CCCCN1,40.168,36.47130585,0.092030824,33.11119479,0.101479608,32.413,23.9255854132601,12.520611637306
CC(CC#N)C(N)N,42.908,38.8985939,0.093441925,38.90730157,0.000223806,34.606,23.9900595272496,12.404189735884
C=C1NCCCNCN1,26.638,28.84043884,0.082680338,34.0740388,0.15359494,35.162,24.2420795176611,17.9783890563677
CC1CCC1C1CCN1,44.085,40.33572769,0.08504644,37.03898069,0.089007498,35.432,24.4214269586814,13.8398275287875
C#CCCC(C)NNC(C)C,38.509,39.65582275,0.029780642,55.69696471,0.288007471,51.148,24.710643622429,22.4684782396184
O=CNCCCC1CO1,25.68,27.00275803,0.051509269,38.30726574,0.295100877,34.343,25.2249366683167,21.3733278106164
C#CC12CC3C1CC32,32.995,32.42375183,0.017313174,29.35234515,0.104639226,26.337,25.2800243004139,23.1110294642518
C#CC12CC3C1CC32,32.995,32.42375183,0.017313174,29.35234515,0.104639226,26.337,25.2800243004139,23.1110294642518
C#CC12CC3C1CC32,32.995,32.42375183,0.017313174,29.35234515,0.104639226,26.337,25.2800243004139,23.1110294642518
C#CC12CC3C1CC32,32.995,32.42375183,0.017313174,29.35234515,0.104639226,26.337,25.2800243004139,23.1110294642518
CC(C)CC(C)CNCC=N,37.885,39.35628128,0.038835457,54.96883641,0.284025571,51.031,25.7608120554173,22.8776992808293
COCC(C)=C=O,30.182,32.16365051,0.0656567,31.53752225,0.019853439,23.937,26.0893177925387,34.3679262647784
C#CCC1C=CCC1,37.885,35.03781891,0.075153256,32.61479245,0.074292254,29.807,27.101016539739,17.5489613513604
OC12CCCCOCC1CC2,30.784,32.62921524,0.059940724,42.28281082,0.228310166,42.417,27.4253247518684,23.0751461913855
N=c1nnnc(N)nn1,18.392,19.48226929,0.059279539,26.73690024,0.271334032,25.413,27.6275921772321,23.3373891708968
O=C1OCC2CC3C1N23,33.683,30.66812134,0.089507427,30.69548075,0.000891317,26.377,27.6983735830458,16.2684207453463
C1=NN=C2CNN2N=N1,18.357,18.83102798,0.025822737,25.64924684,0.265825305,25.398,27.7226553271911,25.8562564768879
CCC(=O)NNCNNCCO,36.969,40.49792099,0.09545622,54.13531953,0.251913144,51.344,27.9974291056404,21.1243358717669
N=C1N=CC=C1F,24.921,23.03451157,0.075698745,20.11200163,0.145311739,19.341,28.8506281991624,19.0967973217517
COC1CC1(C)C=O,41.622,37.7990303,0.091849736,33.52539872,0.127474445,32.095,29.6837513631407,17.7723330736875
O=CC#CCC1CN1,36.969,33.48741531,0.094175787,29.48096172,0.135899691,28.395,30.1954569466455,17.9341972530375
O=C1N=CC(O)=N1,25.01,24.15993118,0.033989157,20.06624388,0.204008649,19.139,30.6755838863055,26.2340309316056
CC(C)C(=N)C#CC#N,45.038,42.38956451,0.058804465,35.31260549,0.20040886,34.458,30.7040455046724,23.0180640489872
O=CC1C(O)C12CCN2,41.895,38.10699844,0.090416555,31.88795298,0.195028055,32.011,30.8768860704133,19.0434489394271
CC(C)OC(C)C#N,45.308,42.39888,0.064207645,37.76446239,0.122719015,34.45,31.5181422351234,23.073671988389
OCC12C(O)N1C2O,40.168,36.99999237,0.078868941,29.39308669,0.258799144,30.016,33.8219616204691,23.2675651985608
CCC1OCOC1O,41.622,38.16949081,0.082949142,33.19506502,0.149854377,30.102,38.2698823998405,26.8005142847651
C#CC(C)(N)C#C,42.128,39.9954071,0.050621746,32.86966041,0.216787962,30.375,38.6930041152263,31.6721221399177
