MolWt,HeavyAtomCount,HeavyAtomMolWt,NumHAcceptors,NumHDonors,NumHeteroatoms,NumRotatableBonds,NumValenceElectrons,NumAromaticRings,NumSaturatedRings,NumAliphaticRings,NumRadicalElectrons,NumAliphaticCarbocycles,NumAliphaticHeterocycles,NumAromaticCarbocycles,NumAromaticHeterocycles,NumSaturatedCarbocycles,NumSaturatedHeterocycles,Logp,TPSA,QED,heat_capacity
74.12700000000001,5,64.047,2,2,2,0,32,0,0,0,0,0,0,0,0,0,0,-0.36010000000000003,52.04,0.3854067085893043,25.055
110.11599999999997,8,104.06799999999998,3,2,3,0,42,0,0,1,0,0,1,0,0,0,0,-0.03482999999999997,56.44,0.4515174989059576,25.499
93.12899999999999,7,86.07299999999998,1,0,1,0,36,0,2,2,0,2,0,0,0,2,0,1.16598,23.79,0.440640771600982,22.603
123.11499999999998,9,118.07499999999999,4,0,4,0,46,0,0,2,0,0,2,0,0,0,0,0.4066000000000001,46.31,0.4596897186172949,26.511
122.13099999999999,9,116.083,4,0,4,0,46,0,0,1,0,0,1,0,0,0,0,1.8893,49.44,0.4707498439200214,27.412
107.11199999999997,8,102.07199999999997,2,0,2,1,40,1,0,0,0,0,0,0,1,0,0,1.34568,36.93,0.5426817822959049,24.304
111.1,8,106.05999999999999,3,0,3,1,42,0,0,1,0,0,1,0,0,0,0,0.1261,38.66,0.4508145287282806,24.296
115.063,8,113.047,3,0,4,0,42,1,0,0,0,0,0,0,1,0,0,0.17389999999999997,43.1,0.48378634862259307,21.282
124.14299999999999,9,116.07899999999998,3,0,3,0,48,0,1,2,0,0,2,0,0,0,1,0.25659999999999994,33.95,0.4556443159527829,26.793
109.092,8,106.068,5,0,5,0,40,0,0,1,0,0,1,0,0,0,0,0.45210000000000006,61.8,0.4333122905611166,21.609
114.10799999999999,8,108.06,3,3,5,0,44,0,2,2,0,0,2,0,0,0,2,-1.6395000000000002,66.08,0.33081567084073615,24.676
130.078,9,127.05399999999999,4,2,5,0,48,1,0,0,0,0,0,0,1,0,0,-0.0012300000000000089,70.11,0.5188087689416996,27.483
80.09,6,76.05799999999999,2,1,2,0,30,0,1,1,0,1,0,0,0,1,0,0.54965,47.64,0.4534519684949212,19.552
111.108,8,106.06800000000001,5,0,5,0,42,0,0,1,0,0,1,0,0,0,0,1.1937,61.8,0.45048450001273177,25.019
86.09400000000001,6,80.046,3,1,3,0,34,0,1,1,0,0,1,0,0,0,1,-0.6703000000000001,50.91,0.3973203593953575,23.159
112.08799999999998,8,108.05599999999998,4,0,4,1,42,0,0,1,0,0,1,0,0,0,0,0.4649999999999999,51.019999999999996,0.46260039426718014,23.399
91.11299999999999,7,86.07299999999998,1,0,1,0,34,1,0,1,0,0,1,0,1,0,0,1.4294,4.93,0.4618822047721628,19.899
110.116,8,104.068,3,1,3,1,42,0,1,2,0,0,2,0,0,0,1,-0.3792000000000002,42.02,0.3693370781986463,25.375
123.11900000000001,9,118.07900000000001,5,0,5,0,46,0,0,1,0,0,1,0,0,0,0,1.709,61.8,0.4703691023561407,28.347
121.18299999999996,9,110.09499999999998,1,0,1,0,48,0,5,5,0,2,3,0,0,2,3,0.42379999999999995,3.24,0.448824605934523,26.371
108.14399999999999,8,100.07999999999998,2,2,2,1,42,0,1,2,0,1,1,0,0,0,1,0.16557000000000005,35.88,0.4612344447251761,27.576
95.105,7,90.065,3,0,3,0,36,1,0,0,0,0,0,0,1,0,0,0.1800199999999999,38.67,0.4610485720914657,20.747
128.131,9,120.067,4,1,4,1,50,0,2,2,0,0,2,0,0,0,2,-1.2695999999999998,44.64,0.35307095344404854,29.282
100.16099999999999,7,88.065,1,0,1,0,42,0,1,1,0,0,1,0,0,0,1,1.4313,9.23,0.4471823855977805,28.2
102.089,7,96.04099999999998,3,0,3,2,40,0,1,1,0,0,1,0,0,0,1,-0.44179999999999997,38.83,0.4434360957414273,24.45
110.16,8,100.07999999999998,2,2,2,1,44,0,2,2,0,1,1,0,0,1,1,0.24386999999999986,35.88,0.4660464269758723,28.109
96.093,7,92.061,4,0,4,0,36,1,0,0,0,0,0,0,1,0,0,-0.42498000000000014,51.56,0.439641122670448,20.275
120.15499999999997,9,112.09099999999998,2,1,2,0,46,0,0,2,0,1,1,0,0,0,0,0.6121000000000001,38.379999999999995,0.49948351636420973,29.286
120.11500000000002,9,116.083,4,0,4,0,44,1,0,1,0,1,0,0,1,0,0,0.14049999999999996,51.56,0.4883269898852727,27.344
108.104,8,104.072,4,1,4,0,40,1,0,0,0,0,0,0,1,0,0,-0.64893,62.52,0.4800475211028595,25.701
86.134,6,76.05399999999999,1,0,1,0,36,0,1,1,0,0,1,0,0,0,1,1.1853,9.23,0.4299172783206054,22.694
125.13099999999997,9,118.07499999999999,4,1,4,1,48,0,0,1,0,0,1,0,0,0,0,-0.12670000000000003,59.97,0.5304193414672477,30.477
123.15900000000003,9,114.087,3,2,3,0,48,1,0,0,0,0,0,0,1,0,0,0.5544200000000001,64.92999999999999,0.5292384933756843,33.58
109.088,8,106.064,4,0,4,0,40,0,0,1,0,0,1,0,0,0,0,-0.07551999999999992,57.739999999999995,0.436626440634194,22.777
123.11900000000001,9,118.07900000000002,5,0,5,0,46,0,0,1,0,0,1,0,0,0,0,1.709,61.8,0.4703691023561407,28.855
64.08699999999999,5,60.05499999999999,0,0,0,0,24,0,0,0,0,0,0,0,0,0,0,0.6429,0.0,0.36254553268151873,19.399
111.108,8,106.06800000000001,5,1,5,0,42,0,0,1,0,0,1,0,0,0,0,0.31850000000000006,61.47,0.4803282630525151,25.066
80.08599999999998,6,76.05399999999999,1,0,1,1,30,0,1,2,0,2,0,0,0,1,0,0.5154,17.07,0.41939249636553977,18.807
128.131,9,120.067,4,2,4,0,50,0,2,2,0,0,2,0,0,0,2,-1.2217,50.36,0.4013339043412009,27.754
127.14299999999999,9,118.07099999999998,3,1,3,1,50,0,2,2,0,0,2,0,0,0,2,-0.3362,48.24,0.387106127148061,30.115
110.15599999999999,8,100.07599999999998,1,0,1,1,44,0,2,2,0,2,0,0,0,2,0,1.2314,17.07,0.46387030904160026,27.764
126.11899999999999,9,120.071,5,2,5,1,48,1,0,0,0,0,0,0,1,0,0,-0.9641000000000004,84.92,0.5056355150786498,28.333
114.14399999999999,8,104.06399999999998,2,0,2,0,46,0,2,2,0,0,2,0,0,0,2,0.42169999999999996,18.46,0.45415512925390467,26.303
115.08799999999998,8,110.04799999999999,4,2,4,1,44,0,2,2,0,0,2,0,0,0,2,-1.7980000000000003,61.86,0.31250108178836145,27.83
123.15900000000002,9,114.08699999999999,3,0,3,0,48,0,0,1,0,0,1,0,0,0,0,1.37218,48.51,0.47954695789239454,30.964
122.12699999999997,9,116.07899999999998,3,2,3,1,46,1,0,0,0,0,0,0,1,0,0,0.78487,56.97,0.5406938396446765,28.214
113.11999999999999,8,106.064,2,3,4,0,44,0,2,2,0,0,2,0,0,0,2,-1.16113,60.440000000000005,0.34712403428007,25.971
93.12899999999999,7,86.073,1,0,1,0,36,1,0,1,0,0,1,0,1,0,0,1.4108,4.93,0.4567258798538499,22.798
126.11899999999999,9,120.071,4,1,5,0,48,0,0,1,0,0,1,0,0,0,0,0.7405,69.67,0.510519688102922,29.091
105.09599999999999,8,102.07199999999999,2,0,2,0,38,0,0,1,0,0,1,0,0,0,0,0.157,29.43,0.4032445663259108,24.435
116.16399999999999,8,104.068,3,2,3,2,48,0,1,1,0,0,1,0,0,0,1,-0.15470000000000006,33.29,0.5259141552973468,32.704
108.09599999999998,8,104.06399999999998,2,1,2,0,40,0,2,4,0,4,0,0,0,2,0,-0.36970000000000014,37.3,0.45938505400253626,24.984
121.10300000000001,9,118.07900000000001,5,0,5,1,44,1,0,0,0,0,0,0,1,0,0,-0.6673200000000001,75.35,0.4922571557124584,25.723
104.11199999999998,8,100.07999999999998,2,1,2,0,38,0,0,2,0,1,1,0,0,0,0,0.5414699999999999,36.74,0.5200061983475741,21.81
110.116,8,104.068,3,0,3,1,42,1,0,0,0,0,0,0,1,0,0,1.1027,38.92,0.543023238101782,25.212
110.08000000000001,8,108.06400000000001,6,1,6,1,40,1,0,0,0,0,0,0,1,0,0,-1.3407300000000002,88.3,0.45173105054767554,22.125
97.117,7,90.06099999999999,2,1,2,1,38,0,1,1,0,0,1,0,0,0,1,-0.30510000000000015,38.55,0.3599683535957013,27.33
124.18699999999998,9,112.091,2,2,2,0,50,0,1,2,0,0,2,0,0,0,1,-0.0611000000000001,24.06,0.47246953228505134,31.552
127.14699999999998,9,118.07499999999999,4,1,4,0,50,0,1,2,0,0,2,0,0,0,1,0.11269999999999986,49.28,0.4694546498830824,31.195
113.16000000000001,8,102.07199999999999,2,1,2,1,46,0,1,1,0,0,1,0,0,0,1,0.32739999999999997,29.1,0.4962952516715854,29.07
125.08699999999999,9,122.06299999999999,5,1,5,0,46,1,0,0,0,0,0,0,1,0,0,-1.09073,79.84,0.4773413014387305,26.136
119.16699999999997,9,110.09499999999998,1,0,1,2,46,0,0,1,0,1,0,0,0,0,0,2.1764799999999997,23.79,0.5461525298635258,34.168
124.18699999999998,9,112.091,1,2,2,0,50,0,2,2,0,1,1,0,0,1,1,0.8390700000000001,35.88,0.4929026286040759,33.108
113.16,8,102.07199999999999,2,1,2,0,46,0,2,2,0,1,1,0,0,1,1,0.5457999999999998,21.259999999999998,0.4949245048469798,29.308
115.09199999999998,8,110.05199999999999,5,1,5,0,44,0,0,1,0,0,1,0,0,0,0,-0.015500000000000014,57.42,0.48246139483156386,26.875
127.143,9,118.07099999999998,3,1,3,2,50,0,2,2,0,1,1,0,0,1,1,-0.9347000000000001,40.540000000000006,0.4868569570633816,31.542
100.121,7,92.05699999999999,3,2,3,0,40,0,1,1,0,0,1,0,0,0,1,-0.28873000000000015,59.10000000000001,0.43918810381577733,24.462
130.191,9,116.07899999999998,3,3,3,4,54,0,0,0,0,0,0,0,0,0,0,-0.018229999999999857,70.10000000000001,0.4680095113560194,40.256
97.121,7,90.065,3,2,3,0,38,0,1,1,0,0,1,0,0,0,1,-0.9711200000000002,47.85,0.4085628273391346,23.076
108.104,8,104.072,4,1,4,0,40,1,0,0,0,0,0,0,1,0,0,-0.64893,62.52,0.4800475211028595,25.899
96.13299999999998,7,88.069,2,0,2,0,38,0,0,1,0,0,1,0,0,0,0,0.5301,24.72,0.4200039664180215,23.721
120.11500000000001,9,116.083,4,0,4,0,44,1,0,1,0,0,1,0,1,0,0,1.0739,50.5,0.5138462006685554,23.287
124.18299999999998,9,112.08699999999999,1,0,1,0,50,0,4,4,0,2,2,0,0,2,2,1.4313,9.23,0.4744095723700246,30.606
108.104,8,104.072,3,1,4,1,40,1,0,0,0,0,0,0,1,0,0,-0.12922000000000006,65.36,0.5445803170457838,23.008
119.16699999999997,9,110.09499999999997,1,1,1,1,46,0,2,3,0,3,0,0,0,2,0,1.45807,23.85,0.5051458104872315,28.381
125.13099999999999,9,118.07499999999999,4,2,4,3,48,1,0,0,0,0,0,0,1,0,0,0.73607,61.910000000000004,0.5853400904357479,29.332
106.16799999999998,8,96.08799999999998,0,0,0,0,42,0,4,4,0,4,0,0,0,4,0,1.8064,0.0,0.4414937295435729,26.698
123.19899999999998,9,110.09499999999998,1,1,1,0,50,0,3,3,0,2,1,0,0,2,1,1.1467999999999998,12.03,0.5091785111781786,30.816
123.159,9,114.08699999999999,2,2,3,0,48,0,0,1,0,0,1,0,0,0,0,0.5414699999999999,48.24,0.48497647118793,30.837
105.137,7,94.04899999999999,3,1,3,3,44,0,0,0,0,0,0,0,0,0,0,-0.43599999999999994,44.480000000000004,0.4949166510422825,30.948
108.14399999999998,8,100.08,2,0,2,1,42,1,0,0,0,0,0,0,1,0,0,1.039,25.78,0.5367952647550015,25.952
123.11099999999998,9,118.07099999999997,3,1,3,2,46,1,0,0,0,0,0,0,1,0,0,1.0897700000000001,54.06,0.4723411107699121,27.568
117.148,8,106.05999999999999,3,3,3,2,48,0,1,1,0,1,0,0,0,1,0,-0.9509000000000003,52.489999999999995,0.40861160590268397,34.25
109.12799999999997,8,102.07199999999997,2,1,2,2,42,1,0,0,0,0,0,0,1,0,0,1.47167,36.99,0.5734669159140762,25.942
115.176,8,102.07199999999999,2,1,2,3,48,0,1,1,0,0,1,0,0,0,1,0.5126000000000001,38.55,0.5442183420378512,34.525
121.13899999999997,9,114.08299999999997,2,1,2,2,46,0,0,1,0,1,0,0,0,0,0,0.94727,40.92,0.4285001595512997,29.557
94.11299999999999,7,88.06499999999998,1,0,1,1,36,0,1,1,0,1,0,0,0,1,0,0.4546,17.07,0.3404369312272312,25.288
107.15599999999999,8,98.08399999999997,1,1,1,1,42,0,1,2,0,2,0,0,0,1,0,1.74627,23.85,0.49344591814935795,27.336
111.1,8,106.05999999999999,3,1,3,2,42,0,0,1,0,0,1,0,0,0,0,0.46676999999999996,50.15,0.5262588891552408,22.573
123.15899999999999,9,114.08699999999999,3,2,3,0,48,0,2,2,0,0,2,0,0,0,2,-0.44012,57.760000000000005,0.4292109419285884,30.222
112.17599999999999,8,100.07999999999998,2,1,2,0,46,0,3,3,0,0,3,0,0,0,3,0.009900000000000075,15.27,0.47463511285303805,28.477
108.09999999999998,8,104.06799999999998,3,0,3,1,40,1,0,0,0,0,0,0,1,0,0,0.74068,49.82,0.5327024297183609,23.091
122.13099999999999,9,116.083,4,1,4,1,46,0,0,1,0,0,1,0,0,0,0,-0.17045000000000005,63.24,0.3873553137095305,28.519
127.187,9,114.08299999999998,2,2,2,1,52,0,2,2,0,1,1,0,0,1,1,-0.0233000000000001,32.26,0.5184551192347869,33.819
123.15499999999999,9,114.08299999999998,2,1,2,0,48,0,0,2,0,1,1,0,0,0,0,0.9811999999999999,21.259999999999998,0.5181320652100453,29.7
107.116,8,102.076,3,1,3,0,40,0,1,2,0,0,2,0,0,0,1,-0.48992000000000013,48.18,0.45376802592685006,28.144
111.14399999999999,8,102.072,2,2,2,0,44,0,1,2,0,1,1,0,0,0,1,-0.14730000000000015,42.17,0.426863995624918,29.867
107.15599999999999,8,98.08399999999999,1,1,1,2,42,0,1,1,0,1,0,0,0,1,0,1.29537,23.85,0.4059549276344558,30.956
126.199,9,112.08699999999997,1,0,1,0,52,0,2,2,0,1,1,0,0,1,1,1.823,9.23,0.48081014540868067,32.518
112.136,8,104.07199999999999,4,1,4,0,44,1,0,0,0,0,0,0,1,0,0,-0.7619300000000002,46.6,0.4707551480772763,28.691
86.13399999999999,6,76.054,1,0,1,1,36,0,1,1,0,0,1,0,0,0,1,1.1837,12.53,0.43645178509330085,25.246
123.119,9,118.07900000000001,5,0,5,0,46,0,0,1,0,0,1,0,0,0,0,0.8422000000000001,61.8,0.4579429661003948,27.61
106.12399999999998,8,100.07599999999998,1,0,1,1,40,0,1,2,0,2,0,0,0,1,0,1.0715999999999999,17.07,0.4568387006570589,25.746
125.12699999999997,9,118.07099999999997,3,1,3,0,48,0,2,2,0,1,1,0,0,1,1,-0.13672,53.25,0.490031314830085,29.868
109.12799999999997,8,102.07199999999999,2,1,2,1,42,0,3,3,0,2,1,0,0,2,1,-0.45440000000000014,29.1,0.4617726330022377,24.593
124.143,9,116.079,3,0,3,0,48,0,3,3,0,0,3,0,0,0,3,0.14568000000000003,36.26,0.4607459655475901,30.058
125.17099999999998,9,114.083,2,1,2,0,50,0,1,2,0,0,2,0,0,0,1,0.5084,21.259999999999998,0.47613941054343945,31.559
109.128,8,102.07199999999997,2,0,2,0,42,0,0,1,0,0,1,0,0,0,0,1.20428,33.019999999999996,0.46797257707146017,25.911
108.09599999999999,8,104.06399999999998,2,0,2,0,40,0,2,3,0,2,1,0,0,1,1,0.036799999999999944,29.6,0.4097839665757806,23.519
124.14300000000001,9,116.079,3,1,3,1,48,1,0,0,0,0,0,0,1,0,0,0.64252,48.14,0.5587642702861841,31.326
83.13400000000001,6,74.062,1,1,1,0,34,0,2,2,0,2,0,0,0,2,0,0.35350000000000004,26.02,0.4491327032123437,24.346
124.14299999999997,9,116.07899999999998,3,1,3,4,48,0,0,0,0,0,0,0,0,0,0,-0.14532000000000012,52.89,0.24534586764934266,33.025
126.119,9,120.07099999999998,4,2,5,0,48,1,0,0,0,0,0,0,1,0,0,-0.94448,84.66,0.4692686463633798,28.926
120.19499999999998,9,108.09899999999998,0,0,0,0,48,0,0,3,0,3,0,0,0,0,0,2.5287000000000006,0.0,0.43080727720378237,35.751
124.10300000000001,9,120.071,4,0,5,1,46,0,0,1,0,0,1,0,0,0,0,0.32509999999999994,57.39,0.4643140555984284,26.766
123.155,9,114.08299999999998,2,1,2,0,48,0,1,2,0,1,1,0,0,1,0,0.10339999999999977,29.1,0.49480234130485423,29.957
123.155,9,114.08299999999998,2,1,2,0,48,0,1,2,0,1,1,0,0,1,0,0.10339999999999977,29.1,0.49480234130485423,29.957
124.187,9,112.09099999999998,2,2,2,1,50,0,2,2,0,1,1,0,0,1,1,0.6339699999999997,35.88,0.49415851051846504,31.493
109.12799999999997,8,102.07199999999997,2,2,2,1,42,0,4,4,0,4,0,0,0,4,0,-0.12733000000000005,44.08,0.45258034766205046,27.046
112.17599999999999,8,100.07999999999998,2,2,2,0,46,0,0,1,0,0,1,0,0,0,0,0.2107999999999997,38.05,0.46988307621696895,30.971
128.17499999999998,9,116.079,3,2,3,3,52,0,0,1,0,0,1,0,0,0,0,0.23600000000000015,58.61,0.5714900216377224,39.19
123.15499999999999,9,114.08299999999997,2,1,2,1,48,0,0,1,0,0,1,0,0,0,0,1.14877,33.08,0.5210965058817042,30.487
125.17099999999998,9,114.08299999999997,2,1,2,0,50,0,3,3,0,1,2,0,0,1,2,0.34070000000000006,21.259999999999998,0.5038171926480193,29.775
107.11199999999998,8,102.07199999999997,2,1,2,2,40,0,0,1,0,1,0,0,0,0,0,0.70127,40.92,0.40926493216806875,26.656
110.19999999999999,8,96.08799999999998,0,0,0,2,46,0,0,1,0,1,0,0,0,0,0,2.8968000000000016,0.0,0.47933571968493516,32.619
126.19899999999998,9,112.08699999999997,1,1,1,0,52,0,3,3,0,3,0,0,0,3,0,1.4133,20.23,0.5200609287438307,34.805
122.131,9,116.083,2,2,4,2,46,0,0,1,0,0,1,0,0,0,0,0.48624,72.42,0.5000489463148399,28.248
122.12299999999998,9,116.07499999999997,2,0,2,1,46,0,0,1,0,1,0,0,0,0,0,0.6407,34.14,0.4781150467113623,30.099
124.18700000000001,9,112.09099999999998,2,1,2,1,50,0,2,2,0,0,2,0,0,0,2,0.73017,26.86,0.404650555271226,32.236
127.14699999999999,9,118.07499999999999,4,3,4,1,50,0,1,1,0,0,1,0,0,0,1,-0.4331200000000001,68.08,0.4178587804616602,32.411
82.14600000000002,6,72.06599999999999,0,0,0,0,34,0,0,1,0,1,0,0,0,0,0,2.1166,0.0,0.3925134126271643,22.921
125.12699999999997,9,118.07099999999997,3,1,3,0,48,0,0,1,0,0,1,0,0,0,0,1.3481,41.82000000000001,0.5305167864958388,29.359
123.15899999999999,9,114.087,3,3,3,3,48,0,1,1,0,0,1,0,0,0,1,-0.8433300000000001,57.82,0.26011862763388277,34.217
125.131,9,118.07499999999999,4,1,4,1,48,1,0,0,0,0,0,0,1,0,0,0.03752000000000011,61.03,0.5380214684881774,28.438
126.119,9,120.071,5,0,5,0,48,0,0,1,0,0,1,0,0,0,0,0.7864,58.67,0.47287089824906564,29.292
113.16400000000002,8,102.076,3,3,3,0,46,0,0,1,0,0,1,0,0,0,0,-0.6746999999999996,50.08,0.3901057169690463,31.252
111.10000000000001,8,106.05999999999999,2,0,3,0,42,0,2,2,0,0,2,0,0,0,2,-0.8300000000000001,37.15,0.3020034745510955,23.998
107.156,8,98.08399999999999,1,0,1,1,42,0,0,1,0,1,0,0,0,0,0,1.86628,23.79,0.5014373567376259,29.471
114.14399999999999,8,104.06399999999998,2,0,2,2,46,0,2,2,0,1,1,0,0,1,1,0.7676999999999999,18.46,0.5275152122209705,29.055
121.143,9,114.08699999999999,2,2,3,0,46,0,1,2,0,0,2,0,0,0,1,0.29387000000000013,48.24,0.47525706839507237,27.303
106.12399999999997,8,100.07599999999998,1,0,1,1,40,0,0,2,0,2,0,0,0,0,0,0.9274999999999999,17.07,0.35870125219318183,24.699
122.131,9,116.083,4,2,4,1,46,0,1,1,0,0,1,0,0,0,1,-0.3969500000000003,72.03,0.4644369892820288,30.313
111.09999999999998,8,106.05999999999999,3,0,3,1,42,1,0,0,0,0,0,0,1,0,0,-0.76,47.03,0.4473646087437228,26.524
109.132,8,102.076,3,0,3,0,42,0,0,1,0,0,1,0,0,0,0,1.3827,37.08,0.45039698587982324,26.132
124.143,9,116.079,3,1,3,1,48,1,0,0,0,0,0,0,1,0,0,0.27731999999999996,46.010000000000005,0.5844085309127388,30.762
106.128,8,100.08,2,1,2,0,40,0,1,2,0,0,2,0,0,0,1,-0.29410000000000003,15.27,0.42663146316553796,26.389
110.12,8,104.07200000000002,4,0,4,1,42,1,0,0,0,0,0,0,1,0,0,-0.17100000000000004,51.56,0.5032419564536686,24.916
132.094,9,127.054,4,1,5,1,50,0,0,1,0,0,1,0,0,0,0,-0.019899999999999918,45.06,0.5097615271417635,29.402
110.15599999999999,8,100.07599999999998,1,1,1,2,44,0,0,1,0,1,0,0,0,0,0,1.2441,20.23,0.5301628444461787,30.491
97.11699999999999,7,90.06099999999999,1,1,2,0,38,0,2,2,0,1,1,0,0,1,1,-0.24930000000000002,29.1,0.41482612418534387,23.694
130.191,9,116.079,3,2,3,0,54,0,1,1,0,0,1,0,0,0,1,-0.11059999999999975,33.29,0.4797632400006428,35.962
129.203,9,114.08299999999998,2,1,2,1,54,0,1,1,0,0,1,0,0,0,1,0.7748999999999997,21.259999999999998,0.5644867599713748,36.296
124.18299999999999,9,112.08699999999997,1,0,1,0,50,0,3,3,0,2,1,0,0,2,1,1.5754000000000001,9.23,0.47605861226243945,30.22
114.14399999999999,8,104.06399999999998,2,1,2,0,46,0,2,2,0,1,1,0,0,1,1,0.15609999999999996,29.46,0.485661876192739,29.86
126.15499999999997,9,116.07499999999999,2,0,2,0,50,0,3,3,0,1,2,0,0,1,2,0.5626,21.759999999999998,0.4423077084762261,28.364
115.13199999999998,8,106.05999999999999,2,1,3,3,46,0,0,0,0,0,0,0,0,0,0,0.5518000000000001,49.66,0.5459026905706152,28.108
107.15599999999998,8,98.08399999999999,1,0,1,1,42,0,0,2,0,1,1,0,0,0,0,1.4072,12.36,0.4800799641848783,28.629
126.115,9,120.067,4,1,4,1,48,0,2,2,0,0,2,0,0,0,2,-0.8192200000000001,67.49000000000001,0.4659742182731249,30.754
123.15899999999998,9,114.08699999999999,3,1,3,0,48,0,2,3,0,0,3,0,0,0,2,-0.7404,27.4,0.42948478434696735,28.829
92.141,7,84.07699999999998,0,0,0,0,36,0,0,1,0,1,0,0,0,0,0,1.7299,0.0,0.3990477195768876,25.138
129.15900000000002,9,118.07099999999998,3,0,3,4,52,0,0,1,0,0,1,0,0,0,0,0.7992,30.82,0.52548851760706,33.973
100.161,7,88.06499999999998,1,0,1,2,42,0,1,1,0,1,0,0,0,1,0,1.4329,9.23,0.5097887967064497,30.198
108.14399999999998,8,100.08,2,0,2,1,42,1,0,0,0,0,0,0,1,0,0,1.039,25.78,0.5367952647550015,26.007
130.19099999999997,9,116.07899999999998,3,2,3,1,54,0,1,1,0,0,1,0,0,0,1,0.017199999999999993,47.28,0.49173139070629773,36.618
124.18299999999999,9,112.08699999999997,1,0,1,1,50,0,2,2,0,2,0,0,0,2,0,1.6215,17.07,0.4853423293460464,31.806
126.11499999999998,9,120.067,4,2,4,1,48,1,0,0,0,0,0,0,1,0,0,-0.32550000000000007,66.24000000000001,0.5405581232324249,29.365
119.12299999999998,9,114.08299999999997,2,0,2,0,44,0,0,1,0,0,1,0,0,0,0,0.67348,33.019999999999996,0.43898271041862086,28.224
111.144,8,102.072,2,1,2,2,44,0,0,0,0,0,0,0,0,0,0,0.1311000000000001,43.09,0.3125001469636888,33.536
125.171,9,114.08299999999998,2,1,2,2,50,0,1,2,0,0,2,0,0,0,1,0.6881999999999999,23.240000000000002,0.5864808716976561,34.97
113.20399999999998,8,98.08399999999999,1,1,1,0,48,0,1,1,0,0,1,0,0,0,1,1.2519,12.03,0.49829784393121207,33.291
118.139,9,112.09099999999998,2,0,2,0,44,0,0,1,0,0,1,0,0,0,0,0.6040800000000001,36.15,0.42898606135006323,28.654
128.171,9,116.07499999999997,2,0,2,1,52,0,2,2,0,1,1,0,0,1,1,1.3019,21.759999999999998,0.4963768558512265,33.143
108.10399999999998,8,104.07199999999999,4,1,4,0,40,1,0,0,0,0,0,0,1,0,0,-0.6489300000000002,62.52,0.4800475211028595,22.853
124.14299999999999,9,116.079,3,1,3,1,48,1,0,0,0,0,0,0,1,0,0,0.7445999999999997,46.010000000000005,0.6003240329306639,30.177
115.22,8,98.08399999999999,1,1,1,4,50,0,0,0,0,0,0,0,0,0,0,1.7713999999999999,26.02,0.5934062427577447,39.233
126.11499999999998,9,120.067,3,2,4,2,48,0,0,0,0,0,0,0,0,0,0,-0.8042000000000002,61.69,0.1270170011783281,32.996
123.155,9,114.08299999999997,2,1,2,1,48,0,0,1,0,1,0,0,0,0,0,1.3153700000000002,40.92,0.5246266150516937,30.85
113.116,8,106.05999999999999,3,1,3,1,44,0,2,2,0,1,1,0,0,1,1,-0.37870000000000026,38.33,0.4709851776171561,26.851
111.144,8,102.07199999999999,2,0,2,2,44,0,1,1,0,1,0,0,0,1,0,1.07908,33.019999999999996,0.5337998763763679,30.736
122.21099999999998,9,108.09899999999998,0,0,0,1,50,0,1,2,0,2,0,0,0,1,0,2.752700000000001,0.0,0.469007947565809,33.062
124.147,9,116.083,3,3,4,0,48,0,1,1,0,0,1,0,0,0,1,-0.3986500000000001,71.7,0.4112206188031279,30.18
121.18299999999998,9,110.09499999999998,1,1,1,0,48,0,2,3,0,2,1,0,0,1,1,0.9244000000000001,12.03,0.4699092100537821,28.376
126.11499999999998,9,120.067,4,1,4,1,48,0,0,1,0,0,1,0,0,0,0,-0.09309999999999996,54.18000000000001,0.5332946008579849,29.191
111.108,8,106.06800000000001,3,3,5,2,42,1,0,0,0,0,0,0,1,0,0,-0.17633000000000026,77.45,0.365777575080143,24.315
126.15499999999999,9,116.07499999999997,2,0,2,1,50,0,2,2,0,1,1,0,0,1,1,0.6103,26.3,0.48104833751520626,29.869
122.21099999999997,9,108.09899999999998,0,0,0,2,50,0,1,2,0,2,0,0,0,1,0,2.752700000000001,0.0,0.49391213296725806,35.652
128.171,9,116.07499999999997,2,1,2,1,52,0,0,1,0,0,1,0,0,0,0,1.0614999999999999,29.46,0.5718530091855918,34.846
94.117,7,88.069,2,1,2,0,36,0,0,1,0,0,1,0,0,0,0,0.99437,36.21,0.46450455451448974,22.956
125.17099999999999,9,114.08299999999998,2,1,2,1,50,0,2,2,0,1,1,0,0,1,1,0.18330000000000007,29.1,0.5065222544472773,30.764
110.11199999999998,8,104.064,2,0,2,1,42,0,1,1,0,0,1,0,0,0,1,-0.1665000000000001,26.3,0.3458942707826013,27.486
125.21499999999999,9,110.09499999999998,1,1,1,1,52,0,2,2,0,1,1,0,0,1,1,1.5369,12.03,0.5602023791123882,34.837
114.14799999999998,8,104.06799999999998,3,3,3,1,46,0,2,2,0,1,1,0,0,1,1,-1.3746,68.19,0.36814132753228035,30.373
125.17099999999999,9,114.08299999999998,2,2,2,1,50,0,1,1,0,0,1,0,0,0,1,-0.26749999999999996,32.26,0.47284733654358796,34.847
127.14699999999998,9,118.07499999999999,4,1,4,2,50,1,0,0,0,0,0,0,1,0,0,-0.20969999999999994,50.94,0.5976893354870747,31.815
125.17500000000001,9,114.08699999999999,3,2,3,0,50,0,1,1,0,0,1,0,0,0,1,-0.41072000000000036,61.84,0.4623412974705468,33.014
128.171,9,116.07499999999997,2,1,2,1,52,0,2,2,0,2,0,0,0,2,0,1.8087,29.46,0.43077515529293037,34.496
95.10499999999999,7,90.065,2,1,3,0,36,0,1,2,0,0,2,0,0,0,1,-0.6014000000000002,46.66,0.40103540762592765,24.119
125.17099999999999,9,114.08299999999998,2,0,2,1,50,0,2,2,0,2,0,0,0,2,0,1.9414,29.43,0.49226532081864544,35.069
95.10499999999999,7,90.065,3,2,3,0,36,0,3,3,0,0,3,0,0,0,3,-0.8711200000000001,47.85,0.4108495713595258,20.617
110.15999999999998,8,100.08,2,2,2,0,44,0,1,2,0,0,2,0,0,0,1,0.038899999999999824,24.06,0.45977693688505616,27.825
123.15499999999999,9,114.08299999999998,1,0,2,1,48,0,1,2,0,0,2,0,0,0,1,0.5472000000000001,20.08,0.46601408301006453,30.688
120.195,9,108.09899999999998,0,0,0,2,48,0,1,2,0,2,0,0,0,1,0,2.6618000000000013,0.0,0.4913293107932103,34.504
126.199,9,112.08699999999997,1,0,1,2,52,0,2,2,0,2,0,0,0,2,0,1.823,9.23,0.5481017663020097,34.844
130.187,9,116.07499999999997,2,0,2,2,54,0,1,1,0,0,1,0,0,0,1,1.5495,18.46,0.5642842765640288,35.189
128.13099999999997,9,120.06699999999998,4,3,4,1,50,0,1,2,0,0,2,0,0,0,1,-1.5587000000000002,74.76,0.37379773510712166,33.699
126.15499999999999,9,116.07499999999997,2,2,2,1,50,0,1,2,0,2,0,0,0,1,0,0.20390000000000003,40.46,0.492739678886677,34.241
126.199,9,112.08699999999997,1,1,1,0,52,0,3,3,0,3,0,0,0,3,0,1.5574,20.23,0.5219035164518339,32.705
124.18299999999998,9,112.08699999999997,1,1,1,0,50,0,1,1,0,1,0,0,0,1,0,1.0266,20.23,0.4780328763444055,36.686
110.11199999999998,8,104.06399999999998,2,0,2,1,42,0,1,2,0,1,1,0,0,0,1,0.14029999999999987,26.3,0.4486595145204908,25.244
124.18299999999999,9,112.08699999999997,1,0,1,0,50,0,3,3,0,2,1,0,0,2,1,1.5754,9.23,0.47605861226243945,30.947
110.116,8,104.06799999999998,2,1,3,0,42,0,3,3,0,0,3,0,0,0,3,-1.2421,32.11,0.31219712604598,24.253
122.17099999999999,9,112.091,2,2,2,2,48,0,2,2,0,1,1,0,0,1,1,-0.33050000000000024,33.97,0.3882318130213069,34.274
130.14700000000002,9,120.06699999999998,4,2,4,4,52,0,0,0,0,0,0,0,0,0,0,-0.7305200000000003,65.28,0.4922632687412574,36.472
124.18299999999998,9,112.08699999999997,1,0,1,0,50,0,3,3,0,2,1,0,0,2,1,1.2872,9.23,0.4725027951983828,31.15
110.11599999999999,8,104.068,3,0,3,2,42,0,0,1,0,0,1,0,0,0,0,0.4058999999999999,41.79,0.4743614359142305,27.825
121.14299999999999,9,114.08699999999999,3,0,3,0,46,0,0,2,0,0,2,0,0,0,0,0.6037,27.96,0.46098787618225084,28.395
111.14399999999999,8,102.07199999999999,2,1,2,2,44,0,0,0,0,0,0,0,0,0,0,-0.07399999999999995,43.09,0.4000074195946299,32.961
109.08399999999997,8,106.05999999999997,3,0,3,1,40,0,1,1,0,1,0,0,0,1,0,-0.4760200000000001,57.93,0.3373826050631663,25.51
123.15899999999999,9,114.08699999999999,3,1,3,1,48,0,0,2,0,0,2,0,0,0,0,-0.38700000000000023,50.739999999999995,0.5070506058164763,31.483
122.21099999999998,9,108.09899999999998,0,0,0,0,50,0,3,3,0,3,0,0,0,3,0,2.442500000000001,0.0,0.462670394315191,31.686
125.17099999999996,9,114.08299999999997,2,1,2,2,50,0,1,1,0,1,0,0,0,1,0,0.613,32.59,0.5388025970290008,36.758
122.127,9,116.079,3,1,3,2,46,0,0,0,0,0,0,0,0,0,0,-0.06349999999999995,41.46,0.3163919957437529,33.735
104.10799999999999,8,100.07599999999998,1,0,1,0,38,0,1,1,0,1,0,0,0,1,0,0.21199999999999997,17.07,0.40142917157485647,28.154
110.156,8,100.07599999999998,1,0,1,1,44,0,1,1,0,0,1,0,0,0,1,1.1887,9.23,0.4605613802175556,29.802
127.18699999999998,9,114.08299999999998,2,1,2,2,52,0,2,2,0,0,2,0,0,0,2,0.3831999999999998,24.56,0.5423679014387669,34.802
108.18399999999998,8,96.08799999999998,0,0,0,1,44,0,1,2,0,2,0,0,0,1,0,2.3626000000000005,0.0,0.45222425483209194,30.029
125.13099999999999,9,118.07499999999999,3,1,4,0,48,0,0,1,0,0,1,0,0,0,0,-0.08950000000000008,53.82,0.4829758722130826,29.615
123.199,9,110.09499999999998,1,1,1,0,50,0,4,4,0,3,1,0,0,3,1,1.0043,21.94,0.4768715748213809,32.495
111.14399999999999,8,102.07199999999999,2,2,2,0,44,0,0,1,0,1,0,0,0,0,0,0.7170700000000001,44.08,0.4749004768617752,29.785
114.14800000000001,8,104.068,3,3,3,3,46,0,0,0,0,0,0,0,0,0,0,-1.1660999999999997,58.28,0.24612176657356954,34.629
125.17099999999999,9,114.08299999999998,2,1,2,0,50,0,3,3,0,1,2,0,0,1,2,0.1729,23.240000000000002,0.46645626214577995,33.815
125.17099999999998,9,114.08299999999998,2,1,2,2,50,0,1,1,0,0,1,0,0,0,1,0.49189999999999995,29.1,0.4296532358848439,33.515
129.159,9,118.07099999999998,3,2,3,2,52,0,2,2,0,1,1,0,0,1,1,-0.6885000000000001,51.400000000000006,0.48518960299916664,35.176
125.21500000000002,9,110.09499999999998,1,1,1,5,52,0,0,0,0,0,0,0,0,0,0,1.5288,26.02,0.43738768778609616,40.929
125.13099999999999,9,118.07499999999999,4,2,4,1,48,1,0,0,0,0,0,0,1,0,0,-0.4489,72.03,0.5329163099423446,29.826
97.16100000000002,7,86.073,1,0,1,1,40,0,2,2,0,0,2,0,0,0,2,0.8529,3.01,0.4383108941265219,26.52
114.14799999999998,8,104.06799999999998,3,1,3,3,46,0,0,1,0,0,1,0,0,0,0,0.2718000000000001,27.799999999999997,0.5336560873906131,33.801
124.143,9,116.079,3,1,3,0,48,0,0,1,0,0,1,0,0,0,0,0.7488000000000001,47.61,0.5175890539918315,32.438
126.15899999999999,9,116.079,3,2,3,3,50,0,1,1,0,0,1,0,0,0,1,-0.1922000000000001,46.5,0.23827668047260359,33.637
129.203,9,114.08299999999998,2,1,2,5,54,0,0,0,0,0,0,0,0,0,0,1.84277,33.08,0.4456573527051084,36.004
125.17099999999999,9,114.08299999999998,1,1,2,0,50,0,2,2,0,1,1,0,0,1,1,0.5325,29.1,0.5024946366263637,31.471
120.195,9,108.09899999999998,0,0,0,0,48,0,1,2,0,2,0,0,0,1,0,2.5177000000000005,0.0,0.4307854031905696,33.476
127.18699999999998,9,114.08299999999998,2,1,2,1,52,0,0,1,0,0,1,0,0,0,0,0.5866,23.47,0.5209210642379783,36.743
127.23100000000001,9,110.09499999999998,1,1,1,1,54,0,1,1,0,0,1,0,0,0,1,1.9286,12.03,0.5672306113744934,37.751
131.17499999999998,9,118.07099999999998,3,2,3,1,54,0,1,1,0,0,1,0,0,0,1,0.474,41.489999999999995,0.4013572308360875,36.401
129.159,9,118.07099999999998,2,2,3,1,52,0,1,1,0,0,1,0,0,0,1,-0.49510000000000004,49.33,0.5013861902048912,33.269
126.20300000000002,9,112.091,2,1,2,0,52,0,3,3,0,0,3,0,0,0,3,0.0376999999999999,29.259999999999998,0.496227649805391,34.376
114.05999999999997,8,112.04399999999998,4,1,5,0,42,0,0,1,0,0,1,0,0,0,0,-1.6155,81.75,0.30297179136856195,23.454
123.19899999999997,9,110.09499999999998,1,1,1,0,50,0,3,3,0,2,1,0,0,2,1,1.0043,12.03,0.5065279656244773,33.952
111.144,8,102.07199999999999,2,0,2,2,44,0,1,1,0,0,1,0,0,0,1,0.46040000000000003,15.54,0.37976729167398643,31.568
122.17099999999998,9,112.091,2,0,2,1,48,1,0,0,0,0,0,0,1,0,0,1.34742,25.78,0.5615020463476318,31.869
126.15899999999998,9,116.07899999999998,3,1,3,1,50,0,1,1,0,0,1,0,0,0,1,-0.4234199999999999,47.260000000000005,0.48514146960068505,32.334
129.203,9,114.08299999999998,1,1,2,5,54,0,0,0,0,0,0,0,0,0,0,1.3111,29.1,0.5570374468434852,40.166
126.15499999999999,9,116.07499999999999,2,0,2,0,50,0,3,3,0,1,2,0,0,1,2,0.42169999999999996,21.759999999999998,0.43869482889700007,31.517
113.16,8,102.07199999999999,2,1,2,0,46,0,0,1,0,0,1,0,0,0,0,0.9854,35.25,0.5080103609726845,31.236
109.12799999999997,8,102.07199999999999,1,1,2,1,42,0,1,2,0,1,1,0,0,0,1,0.2049999999999999,29.1,0.4788498493544645,29.501
128.21499999999997,9,112.08699999999997,1,0,1,2,54,0,1,1,0,0,1,0,0,0,1,2.2115,9.23,0.5537179613932961,35.915
124.18299999999998,9,112.08699999999997,1,0,1,1,50,0,1,2,0,1,1,0,0,0,1,1.7414999999999998,9.23,0.48369233958356034,34.879
123.19899999999998,9,110.09499999999997,1,0,1,0,50,0,1,2,0,1,1,0,0,1,0,1.8772,12.36,0.46607046661470913,32.365
128.219,9,112.091,2,1,2,4,54,0,0,0,0,0,0,0,0,0,0,1.9013,38.379999999999995,0.26687977868815266,38.925
129.159,9,118.071,3,0,3,3,52,0,2,2,0,0,2,0,0,0,2,0.36849999999999994,28.07,0.5151639178628884,34.248
109.17199999999998,8,98.08399999999999,1,1,1,1,44,0,1,2,0,1,1,0,0,1,0,1.4161,12.03,0.536596287678026,30.819
122.17099999999999,9,112.09099999999998,2,0,2,0,48,0,0,2,0,0,2,0,0,0,0,1.0643,24.72,0.45878575395745974,33.434
120.15099999999997,9,112.08699999999997,1,0,1,1,46,0,0,0,0,0,0,0,0,0,0,0.9922,17.07,0.3723248188027658,34.518
110.15599999999998,8,100.07599999999998,1,0,1,2,44,0,1,2,0,2,0,0,0,1,0,1.2089,9.23,0.4853372304149752,29.399
114.14399999999999,8,104.06399999999998,2,0,2,1,46,0,1,1,0,0,1,0,0,0,1,0.8154,26.3,0.47150335811305055,30.282
126.15899999999998,9,116.079,3,2,3,2,50,0,1,1,0,0,1,0,0,0,1,-0.5398000000000001,33.29,0.4874489563119163,34.524
126.20300000000002,9,112.091,2,1,2,4,52,0,0,0,0,0,0,0,0,0,0,1.27508,49.81,0.6163975094315973,39.452
118.13499999999998,9,112.08699999999997,1,0,1,1,44,0,0,0,0,0,0,0,0,0,0,0.27280000000000004,9.23,0.44903280952319546,33.875
119.12,8,110.04799999999999,4,2,4,3,48,0,0,0,0,0,0,0,0,0,0,-1.1749999999999998,72.55,0.36225531290995333,33.837
122.17099999999998,9,112.09099999999998,2,1,2,0,48,0,4,4,0,1,3,0,0,1,3,0.3400700000000001,27.090000000000003,0.49255827838027527,28.388
122.211,9,108.09899999999998,0,0,0,0,50,0,0,1,0,1,0,0,0,0,0,2.9078000000000017,0.0,0.43325381573695154,38.212
126.15499999999999,9,116.07499999999997,2,1,2,0,50,0,1,1,0,0,1,0,0,0,1,0.3646,29.46,0.47488666784117173,33.591
129.203,9,114.08299999999998,2,1,2,2,54,0,1,1,0,0,1,0,0,0,1,0.7748999999999999,21.259999999999998,0.5944608425001529,36.228
127.18699999999998,9,114.08299999999998,2,1,2,1,52,0,2,2,0,0,2,0,0,0,2,0.563,23.240000000000002,0.5201884266724959,35.282
106.16799999999999,8,96.08799999999998,0,0,0,1,42,0,1,1,0,1,0,0,0,1,0,1.9759,0.0,0.44822645819527973,30.955
125.171,9,114.08299999999998,1,1,2,0,50,0,2,2,0,1,1,0,0,1,1,0.5325,29.1,0.5024946366263637,31.468
124.18299999999999,9,112.08699999999997,1,0,1,2,50,0,1,1,0,1,0,0,0,1,0,1.4347,9.23,0.5059465839425271,36.486
118.17899999999999,9,108.09899999999998,0,0,0,0,46,0,0,1,0,1,0,0,0,0,0,2.2861000000000002,0.0,0.3379324205357543,33.06
111.14400000000002,8,102.072,2,1,2,2,44,0,1,1,0,0,1,0,0,0,1,-0.7039,23.240000000000002,0.37585071923516744,31.714
123.15499999999997,9,114.08299999999998,1,1,2,1,48,0,1,1,0,0,1,0,0,0,1,0.28829999999999983,39.010000000000005,0.39472821581753437,34.657
129.203,9,114.08299999999998,2,1,2,2,54,0,1,1,0,0,1,0,0,0,1,1.3276,21.259999999999998,0.6069526344429876,36.12
130.18699999999998,9,116.07499999999999,2,1,2,1,54,0,1,1,0,0,1,0,0,0,1,0.9346999999999999,29.46,0.5719593414758767,37.686
120.15499999999999,9,112.091,2,1,2,1,46,0,1,1,0,1,0,0,0,1,0,0.46888,35.82,0.40303585962025373,33.871
123.19899999999998,9,110.09499999999998,1,1,1,3,50,0,0,0,0,0,0,0,0,0,0,2.21967,23.85,0.33782083244662814,38.341
128.171,9,116.07499999999997,2,0,2,2,52,0,2,2,0,1,1,0,0,1,1,1.3018999999999998,21.759999999999998,0.5227343223105189,34.604
128.17499999999998,9,116.079,2,2,3,3,52,0,1,1,0,0,1,0,0,0,1,-0.5172000000000001,41.129999999999995,0.5021994549190941,35.324
124.18699999999998,9,112.09099999999998,2,2,2,2,50,0,1,1,0,0,1,0,0,0,1,0.94417,35.88,0.4169244361613588,35.335
128.215,9,112.08699999999997,1,0,1,2,54,0,1,1,0,0,1,0,0,0,1,2.355600000000001,9.23,0.5543873820063958,36.814
122.211,9,108.09899999999998,0,0,0,4,50,0,1,1,0,1,0,0,0,1,0,2.5900000000000007,0.0,0.3969083104598868,38.279
125.17099999999999,9,114.08299999999998,2,1,2,1,50,0,1,1,0,0,1,0,0,0,1,0.20160000000000006,21.259999999999998,0.505437035075494,34.632
123.199,9,110.09499999999998,1,1,1,0,50,0,1,1,0,1,0,0,0,1,0,1.1371,26.02,0.48011980881206684,38.741
131.17499999999998,9,118.071,3,2,3,1,54,0,1,1,0,0,1,0,0,0,1,0.0491999999999998,41.489999999999995,0.5280216946128599,36.841
113.16,8,102.07199999999997,2,1,2,2,46,0,0,0,0,0,0,0,0,0,0,1.2511700000000001,40.92,0.5377857937909217,34.315
122.17099999999999,9,112.091,2,0,2,0,48,0,2,3,0,1,2,0,0,1,1,0.4911,15.6,0.45631903199560064,29.851
108.18399999999997,8,96.08799999999998,0,0,0,1,44,0,1,2,0,2,0,0,0,1,0,2.3626000000000005,0.0,0.45222425483209194,33.473
112.17599999999999,8,100.07999999999998,2,1,2,3,46,0,1,1,0,0,1,0,0,0,1,0.73017,26.86,0.4226259031572198,32.521
102.13599999999998,8,96.08799999999998,0,0,0,0,38,0,1,3,0,3,0,0,0,1,0,1.5059,0.0,0.4065213561101446,28.192
127.187,9,114.08299999999998,2,1,2,5,52,0,0,0,0,0,0,0,0,0,0,0.24570000000000003,21.259999999999998,0.4218871039866401,38.876
114.18799999999999,8,100.07599999999998,1,1,1,1,48,0,1,1,0,1,0,0,0,1,0,1.5574,20.23,0.5481314454759371,33.568
129.203,9,114.08299999999998,1,1,2,5,54,0,0,0,0,0,0,0,0,0,0,1.1685999999999999,29.1,0.5545482726125767,40.036
125.13099999999999,9,118.075,4,0,4,2,48,1,0,0,0,0,0,0,1,0,0,-0.12120000000000009,47.78,0.5174866525388999,29.011
110.116,8,104.068,2,0,3,0,42,0,0,1,0,0,1,0,0,0,0,1.2727,41.79,0.4626299528432823,27.843
100.161,7,88.065,1,0,1,2,42,0,1,1,0,1,0,0,0,1,0,1.5754000000000001,9.23,0.5115395887396084,30.569
110.15599999999999,8,100.07599999999998,1,0,1,1,44,0,1,2,0,2,0,0,0,1,0,1.5565,9.23,0.49737059464993194,32.438
112.12799999999997,8,104.06399999999998,2,0,2,2,44,0,1,1,0,0,1,0,0,0,1,0.8779999999999999,29.6,0.3917003850585359,30.402
131.175,9,118.07099999999998,3,1,3,0,54,0,1,1,0,0,1,0,0,0,1,0.09660000000000013,44.480000000000004,0.5066765168744092,35.444
132.203,9,116.07499999999997,2,1,2,5,56,0,0,0,0,0,0,0,0,0,0,2.3023,29.46,0.45913607933628586,42.514
109.172,8,98.08399999999999,1,0,1,2,44,0,1,2,0,1,1,0,0,0,1,1.0206,3.01,0.3777089292265268,31.525
126.15499999999999,9,116.07499999999997,2,0,2,2,50,0,2,2,0,2,0,0,0,2,0,0.4678,26.3,0.5372116283634268,33.275
122.21099999999997,9,108.09899999999998,0,0,0,0,50,0,1,2,0,2,0,0,0,1,0,2.608600000000001,0.0,0.43313913903041357,35.719
124.187,9,112.091,2,0,2,2,50,0,1,1,0,0,1,0,0,0,1,0.85178,27.03,0.5102019879472124,34.766
130.147,9,120.067,4,2,4,5,52,0,0,0,0,0,0,0,0,0,0,-0.25382999999999994,62.18,0.2332352532603368,35.671
108.13999999999999,8,100.07599999999998,1,0,1,1,42,0,1,1,0,1,0,0,0,1,0,0.9887999999999999,17.07,0.45763133595263733,31.768
109.128,8,102.07199999999999,2,0,2,2,42,1,0,0,0,0,0,1,0,0,0,-0.02978000000000014,29.43,0.49023246823147937,29.574
107.156,8,98.08399999999999,1,1,1,0,42,0,1,1,0,1,0,0,0,1,0,1.43947,23.85,0.45279623614519754,29.311
124.187,9,112.091,2,1,2,4,50,0,0,0,0,0,0,0,0,0,0,2.11005,47.64,0.4525016807699295,36.874
121.13899999999997,9,114.08299999999998,2,2,2,2,46,0,0,0,0,0,0,0,0,0,0,0.02356999999999998,44.08,0.39242623069674004,34.869
94.15699999999998,7,84.07699999999998,0,0,0,1,38,0,0,0,0,0,0,0,0,0,0,1.8317999999999999,0.0,0.3432816345028544,29.686
123.15499999999997,9,114.08299999999998,2,1,2,3,48,0,0,1,0,1,0,0,0,0,0,0.6742699999999999,33.08,0.4340548305791503,35.849
111.14399999999999,8,102.07199999999999,2,1,2,2,44,0,0,0,0,0,0,0,0,0,0,0.83708,44.019999999999996,0.5363692838082675,32.422
112.13199999999998,8,104.068,2,1,3,3,44,0,0,0,0,0,0,0,0,0,0,-0.7876000000000001,32.34,0.29469070976602435,31.715
123.11499999999998,9,118.07499999999999,3,2,4,2,46,0,0,0,0,0,0,0,0,0,0,-1.2360199999999997,64.91999999999999,0.20885657031431423,32.5
112.12799999999999,8,104.06399999999998,2,0,2,1,44,0,3,3,0,1,2,0,0,1,2,0.3627,26.3,0.45773883981617086,27.996
124.14299999999999,9,116.079,3,2,3,4,48,0,0,0,0,0,0,0,0,0,0,-0.5721300000000002,52.95,0.22803437679885777,34.256
122.16699999999997,9,112.08699999999997,1,0,1,1,48,0,1,1,0,1,0,0,0,1,0,1.3789,17.07,0.48004501802624494,35.767
108.09599999999998,8,104.06399999999998,2,1,2,1,40,0,0,0,0,0,0,0,0,0,0,-0.8156000000000001,37.3,0.3519051308454223,28.958
124.14699999999999,9,116.083,4,0,4,1,48,0,0,1,0,0,1,0,0,0,0,0.3218,40.32,0.4959509286423706,30.181
125.17099999999998,9,114.08299999999998,2,1,2,2,50,0,1,1,0,0,1,0,0,0,1,-0.3138,23.240000000000002,0.40383395101072933,37.792
110.19999999999999,8,96.08799999999998,0,0,0,2,46,0,2,2,0,2,0,0,0,2,0,2.5866000000000007,0.0,0.5122230160739796,32.573
111.14399999999998,8,102.07199999999997,2,1,2,2,44,0,0,1,0,1,0,0,0,0,0,0.45260000000000006,29.1,0.5602897349759517,29.942
112.12799999999999,8,104.064,2,1,2,1,44,0,1,1,0,0,1,0,0,0,1,-0.37310000000000004,29.46,0.468717612503042,29.886
126.15499999999999,9,116.07499999999997,2,1,2,3,50,0,1,1,0,0,1,0,0,0,1,0.5086999999999999,32.76,0.33927136663615703,36.232
116.12,8,108.056,3,2,4,2,46,0,0,0,0,0,0,0,0,0,0,-1.6119999999999992,86.18,0.4253053730947022,32.024
131.175,9,118.07099999999998,3,2,3,4,54,0,0,0,0,0,0,0,0,0,0,-0.32480000000000014,63.32000000000001,0.5490569053854903,39.852
111.18799999999997,8,98.08399999999999,1,1,1,1,46,0,0,1,0,0,1,0,0,0,0,1.3144999999999998,12.03,0.5030289443379085,33.317
123.19899999999996,9,110.09499999999998,1,0,1,2,50,1,0,0,0,0,0,0,1,0,0,2.2065200000000003,4.93,0.5678582066250322,35.826
126.199,9,112.08699999999997,1,0,1,0,52,0,2,2,0,1,1,0,0,1,1,1.823,9.23,0.48081014540868067,31.007
127.14299999999999,9,118.071,3,2,3,0,50,0,1,2,0,0,2,0,0,0,1,0.1464999999999999,44.79,0.45502687777252987,32.03
112.17199999999998,8,100.07599999999998,1,0,1,2,46,0,0,0,0,0,0,0,0,0,0,1.7876,17.07,0.4975600557053786,35.428
124.13899999999997,9,116.07499999999997,2,1,2,0,48,0,1,3,0,3,0,0,0,1,0,0.12230000000000002,37.3,0.4656506910560555,31.855
117.15099999999998,9,110.09499999999997,1,0,1,0,44,0,0,1,0,1,0,0,0,0,0,1.4795800000000001,23.79,0.34799582338513324,29.603
130.18699999999998,9,116.07499999999997,2,0,2,3,54,0,1,1,0,1,0,0,0,1,0,1.0578,18.46,0.5683611020386126,39.209
107.11199999999998,8,102.07199999999999,2,1,2,0,40,0,0,0,0,0,0,0,0,0,0,0.9751799999999999,44.019999999999996,0.37005676933792925,26.842
118.139,9,112.091,2,2,2,1,44,0,0,0,0,0,0,0,0,0,0,-0.9118999999999999,38.05,0.2655483070640042,35.376
125.17099999999998,9,114.08299999999998,2,1,2,4,50,0,0,0,0,0,0,0,0,0,0,0.04420000000000002,29.1,0.3264497608900086,37.465
125.17099999999998,9,114.08299999999998,2,1,2,4,50,0,0,0,0,0,0,0,0,0,0,0.04420000000000002,29.1,0.3264497608900086,37.465
128.215,9,112.08699999999997,1,0,1,4,54,0,0,0,0,0,0,0,0,0,0,2.401700000000001,17.07,0.5678599283041542,41.609
127.18699999999998,9,114.08299999999997,2,0,2,3,52,0,1,1,0,1,0,0,0,1,0,0.5270999999999999,20.310000000000002,0.550796974312657,37.69
129.159,9,118.07099999999998,3,1,3,3,52,0,0,1,0,0,1,0,0,0,0,0.2218000000000001,44.480000000000004,0.5925541965783742,35.894
125.17099999999999,9,114.08299999999998,1,1,2,4,50,0,0,0,0,0,0,0,0,0,0,0.5343,29.1,0.4308157236959308,37.585
113.204,8,98.08399999999999,1,1,1,3,48,0,0,0,0,0,0,0,0,0,0,1.6899,26.02,0.5536474781137571,37.873
123.199,9,110.09499999999998,1,0,1,0,50,0,3,3,0,1,2,0,0,1,2,1.0989,3.01,0.43579879996483245,32.755
104.10799999999998,8,100.07599999999998,1,0,1,1,38,0,0,0,0,0,0,0,0,0,0,0.23029999999999995,9.23,0.3415765787944238,29.941
126.199,9,112.08699999999997,1,0,1,0,52,0,2,2,0,1,1,0,0,1,1,1.9655,9.23,0.48185805075088745,34.032
122.12299999999996,9,116.07499999999997,2,1,2,2,46,0,0,0,0,0,0,0,0,0,0,0.6688,29.46,0.33112253228826477,32.577
90.12499999999999,7,84.07699999999998,0,0,0,0,34,0,0,0,0,0,0,0,0,0,0,1.1990999999999998,0.0,0.3919323564320316,25.814
128.215,9,112.08699999999997,1,0,1,2,54,0,1,1,0,0,1,0,0,0,1,2.355600000000001,9.23,0.5543873820063958,38.49
116.16,8,104.06399999999998,2,0,2,3,48,0,1,1,0,1,0,0,0,1,0,0.8118000000000001,18.46,0.54296798597963,33.624
132.15900000000002,9,120.06299999999997,3,1,3,5,54,0,0,0,0,0,0,0,0,0,0,-0.027200000000000057,46.53,0.5343056017088765,38.223
110.16000000000001,8,100.08,2,1,2,3,44,0,0,0,0,0,0,0,0,0,0,0.039200000000000235,38.379999999999995,0.40402246542276404,33.558
107.156,8,98.08399999999999,1,0,1,0,42,0,0,1,0,1,0,0,0,0,0,1.86628,23.79,0.4632320498334141,28.57
129.159,9,118.07099999999998,3,2,3,3,52,0,1,1,0,0,1,0,0,0,1,0.1758699999999998,56.61,0.42146181155866214,35.983
127.18699999999998,9,114.08299999999998,2,1,2,3,52,0,0,0,0,0,0,0,0,0,0,1.0871,29.1,0.5747924289898628,39.673
112.17600000000002,8,100.08,2,1,2,2,46,0,2,2,0,1,1,0,0,1,1,0.4201,24.950000000000003,0.5235792005135349,31.643
123.199,9,110.09499999999998,1,0,1,3,50,0,1,1,0,1,0,0,0,1,0,2.3362800000000004,23.79,0.5646926009370553,36.783
132.20299999999997,9,116.07499999999997,2,1,2,4,56,0,0,0,0,0,0,0,0,0,0,1.3874,29.46,0.5855606482896928,42.22
112.172,8,100.076,1,1,1,2,46,0,0,0,0,0,0,0,0,0,0,1.0266,20.23,0.5287902203760073,36.475
130.191,9,116.07900000000001,3,3,3,4,54,0,0,0,0,0,0,0,0,0,0,0.12426999999999983,70.1,0.4730764196926381,40.015
112.176,8,100.07999999999998,2,2,2,3,46,0,0,0,0,0,0,0,0,0,0,1.70184,47.7,0.5219728692728657,34.325
126.19899999999997,9,112.08699999999997,1,1,1,1,52,0,2,2,0,2,0,0,0,2,0,1.5574,20.23,0.56494778341825,36.194
118.139,9,112.091,2,1,2,0,44,0,0,0,0,0,0,0,0,0,0,-0.13601999999999992,49.81,0.45006998243708307,35.187
130.191,9,116.07900000000001,2,2,3,4,54,0,0,0,0,0,0,0,0,0,0,0.95407,45.11,0.33793966106141954,40.552
114.18799999999997,8,100.07599999999998,1,1,1,3,48,0,0,0,0,0,0,0,0,0,0,1.7235,20.23,0.5537880507124328,37.776
129.203,9,114.083,2,1,2,4,54,0,0,0,0,0,0,0,0,0,0,1.0929000000000002,43.09,0.6171491471277819,41.081
125.17099999999999,9,114.08299999999997,2,0,2,3,50,0,1,1,0,0,1,0,0,0,1,1.46918,33.019999999999996,0.5349221732376315,33.29
128.131,9,120.067,2,2,4,2,50,0,0,0,0,0,0,0,0,0,0,-1.0499,66.56,0.36784388379770894,35.493
120.15099999999998,9,112.08699999999997,1,0,1,3,46,0,0,0,0,0,0,0,0,0,0,0.9922,17.07,0.3081976105065068,35.66
127.18699999999997,9,114.08299999999997,2,2,2,2,52,0,0,1,0,1,0,0,0,0,0,0.6344999999999998,32.26,0.5700672377190016,36.542
115.22,8,98.08399999999999,1,1,1,3,50,0,0,0,0,0,0,0,0,0,0,1.7698,26.02,0.5956998774389228,39.743
129.207,9,114.08699999999999,3,3,3,2,54,0,0,0,0,0,0,0,0,0,0,0.09080000000000055,64.07,0.36554373378844196,43.306
116.20800000000001,8,100.08,2,2,2,5,50,0,0,0,0,0,0,0,0,0,0,0.6824000000000001,38.05,0.4093094372075809,37.681
111.144,8,102.07199999999999,2,1,2,0,44,0,1,1,0,0,1,0,0,0,1,-0.2641999999999999,35.25,0.4368410446363519,29.083
126.16300000000001,9,116.083,3,3,4,1,50,0,0,0,0,0,0,0,0,0,0,-0.22834999999999994,85.69,0.25755250569526755,37.879
109.12799999999997,8,102.07199999999999,2,2,2,1,42,0,0,0,0,0,0,0,0,0,0,0.91567,44.08,0.3812998071085927,31.449
126.19899999999997,9,112.08699999999997,1,0,1,1,52,0,2,2,0,1,1,0,0,1,1,1.8214000000000001,9.23,0.5204512910381257,35.997
125.17099999999998,9,114.08299999999998,2,0,2,2,50,0,0,1,0,0,1,0,0,0,0,1.0562,29.43,0.5421716013382831,35.308
124.18299999999999,9,112.08699999999997,1,1,1,0,50,0,1,1,0,1,0,0,0,1,0,1.1706999999999999,20.23,0.4805099740579979,35.266
129.20299999999997,9,114.08299999999998,2,1,2,5,54,0,0,0,0,0,0,0,0,0,0,0.9650999999999998,29.1,0.5601953640185275,40.323
106.16799999999998,8,96.08799999999998,0,0,0,1,42,0,0,0,0,0,0,0,0,0,0,1.525,0.0,0.4445307987304462,35.261
132.159,9,120.06299999999997,3,1,3,2,54,0,1,1,0,0,1,0,0,0,1,0.13020000000000004,38.69,0.5800807185008175,34.757
114.18799999999999,8,100.07599999999998,1,0,1,1,48,0,1,1,0,1,0,0,0,1,0,1.8214000000000001,9.23,0.5049594437391501,35.195
124.18700000000001,9,112.091,2,2,2,0,50,0,3,3,0,3,0,0,0,3,0,0.7633700000000001,49.870000000000005,0.49190403673739225,34.215
126.15499999999997,9,116.07499999999997,2,1,2,1,50,0,1,1,0,1,0,0,0,1,0,1.2779,29.46,0.3255561692668971,39.001
131.17499999999998,9,118.07099999999998,3,2,3,1,54,0,1,1,0,0,1,0,0,0,1,0.05080000000000007,41.489999999999995,0.528085645871497,35.331
127.14299999999999,9,118.07099999999998,3,2,3,1,50,0,0,1,0,0,1,0,0,0,0,-0.5766000000000002,49.33,0.4633550312547205,33.939
131.219,9,114.08299999999998,2,1,2,5,56,0,0,0,0,0,0,0,0,0,0,1.8877,23.47,0.5758066543746545,42.771
126.15899999999996,9,116.079,2,1,3,3,50,0,1,1,0,0,1,0,0,0,1,-0.03439999999999993,51.37,0.4185747197452025,34.313
125.17500000000003,9,114.08699999999999,3,2,3,0,50,0,1,2,0,0,2,0,0,0,1,-0.7982999999999991,55.05,0.32906100792148707,35.21
124.13899999999998,9,116.07499999999997,2,0,2,2,48,0,0,0,0,0,0,0,0,0,0,0.7389,26.3,0.400595254925899,33.132
127.18699999999998,9,114.08299999999998,2,1,2,2,52,0,2,2,0,0,2,0,0,0,2,0.5256999999999998,34.47,0.5488279697057603,36.71
124.22699999999998,9,108.09899999999998,0,0,0,2,52,0,2,2,0,2,0,0,0,2,0,2.6885000000000012,0.0,0.5306399704594945,38.956
124.13899999999997,9,116.07499999999997,2,2,2,2,48,0,0,0,0,0,0,0,0,0,0,-0.6337000000000002,40.46,0.4808966475035993,36.205
124.227,9,108.09899999999998,0,0,0,4,52,0,0,0,0,0,0,0,0,0,0,2.836000000000001,0.0,0.5054285689129528,42.142
126.15499999999997,9,116.07499999999997,2,1,2,3,50,0,0,1,0,1,0,0,0,0,0,0.6565000000000001,37.3,0.4451657915447141,36.656
122.21099999999997,9,108.09899999999998,0,0,0,1,50,0,1,2,0,2,0,0,0,1,0,2.752700000000001,0.0,0.46900794756580894,36.293
111.14399999999999,8,102.07199999999999,2,1,2,2,44,0,0,0,0,0,0,0,0,0,0,0.67587,33.08,0.41217598538002814,30.452
110.19999999999999,8,96.08799999999998,0,0,0,1,46,0,0,1,0,1,0,0,0,0,0,2.752700000000001,0.0,0.4551795439182434,35.467
128.171,9,116.07499999999997,2,0,2,4,52,0,0,0,0,0,0,0,0,0,0,0.6710999999999999,18.46,0.5179972678059521,38.709
131.17499999999998,9,118.07099999999998,3,0,3,3,54,0,1,1,0,0,1,0,0,0,1,0.6161,21.700000000000003,0.5600087107251145,36.189
126.20299999999999,9,112.09099999999998,2,2,2,2,52,0,1,1,0,0,1,0,0,0,1,1.02247,35.88,0.5323688294088341,37.368
132.159,9,120.06299999999997,3,1,3,3,54,0,1,1,0,0,1,0,0,0,1,-0.01390000000000019,41.989999999999995,0.5488559469969226,37.448
127.18699999999998,9,114.08299999999998,2,1,2,4,52,0,0,0,0,0,0,0,0,0,0,-0.06619999999999998,23.47,0.5344584400954562,39.902
124.143,9,116.079,3,1,3,2,48,0,0,0,0,0,0,0,0,0,0,0.052880000000000094,45.05,0.41770379540718294,35.497
116.16399999999997,8,104.06799999999998,2,2,3,1,48,0,0,0,0,0,0,0,0,0,0,0.2536699999999999,47.32000000000001,0.29296624867259474,35.802
127.23099999999998,9,110.09499999999998,1,1,1,4,54,0,0,0,0,0,0,0,0,0,0,1.949,12.03,0.5690663389130314,42.809
112.21599999999998,8,96.08799999999998,0,0,0,2,48,0,0,0,0,0,0,0,0,0,0,2.8546000000000014,0.0,0.48173849324509443,39.038
113.16,8,102.072,2,1,2,2,46,0,0,0,0,0,0,0,0,0,0,0.9169799999999999,44.019999999999996,0.5782367851013254,34.637
125.17099999999999,9,114.08299999999998,2,2,2,1,50,0,1,1,0,0,1,0,0,0,1,-0.4100000000000001,32.26,0.46686865766784286,34.947
130.143,9,120.06299999999997,3,0,3,2,52,0,1,1,0,0,1,0,0,0,1,0.19589999999999996,35.53,0.5006173893894873,33.994
124.183,9,112.08699999999997,1,0,1,0,50,0,1,1,0,0,1,0,0,0,1,1.5788,9.23,0.44536761159710203,34.28
128.219,9,112.091,2,2,2,1,54,0,1,1,0,0,1,0,0,0,1,0.4740999999999999,38.05,0.5386043522942431,39.131
118.13499999999998,9,112.08699999999997,1,0,1,1,44,0,0,0,0,0,0,0,0,0,0,0.7682,17.07,0.36686108832261677,31.843
124.187,9,112.091,2,2,2,4,50,0,0,0,0,0,0,0,0,0,0,-0.2775000000000001,38.05,0.30722076977751805,38.742
128.171,9,116.07499999999997,2,1,2,2,52,0,2,2,0,1,1,0,0,1,1,0.6886999999999999,32.76,0.5548087422736966,36.766
90.12499999999999,7,84.07699999999998,0,0,0,0,34,0,0,0,0,0,0,0,0,0,0,1.1990999999999998,0.0,0.3919323564320316,25.962
130.14699999999996,9,120.067,3,1,4,2,52,0,0,0,0,0,0,0,0,0,0,-0.7039999999999997,63.400000000000006,0.3966871336901443,36.477
125.17099999999999,9,114.08299999999998,2,1,2,3,50,0,0,0,0,0,0,0,0,0,0,1.0629,21.259999999999998,0.44960272635971926,38.885
131.17499999999998,9,118.07099999999998,3,2,3,3,54,0,0,0,0,0,0,0,0,0,0,0.77107,53.31,0.4388066189203624,38.882
130.14299999999997,9,120.06299999999997,3,1,3,3,52,0,1,1,0,1,0,0,0,1,0,0.8452,46.53,0.45464208995867333,36.993
115.17599999999999,8,102.07199999999999,2,1,2,4,48,0,0,0,0,0,0,0,0,0,0,0.7544,21.259999999999998,0.43105989678783835,35.737
127.14299999999999,9,118.071,2,1,3,3,50,0,1,1,0,0,1,0,0,0,1,0.034999999999999754,48.24,0.4293662330729766,34.432
128.175,9,116.079,3,2,3,1,52,0,1,1,0,0,1,0,0,0,1,-0.7353999999999998,55.12,0.48899418963708013,35.549
124.18299999999998,9,112.08699999999997,1,1,1,2,50,0,1,1,0,1,0,0,0,1,0,1.0282,20.23,0.5449691314621155,38.655
108.13999999999997,8,100.07599999999998,1,1,1,1,42,0,0,0,0,0,0,0,0,0,0,0.3939,20.23,0.4817535377066218,33.195
124.227,9,108.09899999999998,0,0,0,4,52,0,0,0,0,0,0,0,0,0,0,2.836000000000001,0.0,0.5054285689129528,42.154
124.143,9,116.079,3,0,3,3,48,0,0,0,0,0,0,0,0,0,0,0.68626,56.809999999999995,0.5556520368427654,33.666
126.15899999999998,9,116.07899999999998,3,2,3,1,50,0,0,0,0,0,0,0,0,0,0,0.18047000000000024,45.11,0.22770332373386978,36.829
131.17499999999998,9,118.07099999999998,3,1,3,5,54,0,0,0,0,0,0,0,0,0,0,-0.20330000000000004,52.32,0.4148928111383815,38.88
115.17599999999999,8,102.07199999999999,2,2,2,2,48,0,0,0,0,0,0,0,0,0,0,0.6198000000000001,46.25,0.5538407410970762,37.582
130.18699999999995,9,116.07499999999997,2,1,2,2,54,0,1,1,0,0,1,0,0,0,1,1.1414,29.46,0.607066206794716,38.789
126.199,9,112.08699999999997,1,1,1,4,52,0,0,0,0,0,0,0,0,0,0,1.4183,20.23,0.5646836651789343,40.866
129.203,9,114.08299999999998,2,1,2,3,54,0,1,1,0,0,1,0,0,0,1,0.7602000000000001,38.55,0.5712338158264375,40.191
132.11499999999998,9,124.05099999999999,4,0,4,2,52,0,0,0,0,0,0,0,0,0,0,0.7043999999999999,52.6,0.3150882884419274,33.741
131.17499999999995,9,118.07099999999998,3,1,3,4,54,0,0,0,0,0,0,0,0,0,0,-0.15450000000000003,40.54,0.4256887410415274,39.22
127.18699999999998,9,114.08299999999997,1,1,2,3,52,0,0,0,0,0,0,0,0,0,0,1.2922,29.1,0.6077986818096193,38.878
129.15899999999996,9,118.07099999999998,3,2,3,3,52,0,1,1,0,0,1,0,0,0,1,-0.7034000000000002,59.24,0.3909401778730345,35.664
131.17499999999998,9,118.07099999999998,3,2,3,4,54,0,0,0,0,0,0,0,0,0,0,-0.32640000000000013,63.32,0.5135479146877125,39.137
124.18299999999996,9,112.08699999999997,1,1,1,0,50,0,0,1,0,1,0,0,0,0,0,1.0266,20.23,0.4780328763444054,36.96
128.21499999999997,9,112.08699999999997,1,1,1,3,54,0,1,1,0,1,0,0,0,1,0,1.8034,20.23,0.6141850014781624,41.106
122.21099999999998,9,108.09899999999998,0,0,0,2,50,0,0,0,0,0,0,0,0,0,0,2.612000000000001,0.0,0.3898899010792636,38.235
129.203,9,114.08299999999998,2,2,2,4,54,0,0,0,0,0,0,0,0,0,0,1.43467,44.08,0.554027605437556,41.366
130.23099999999997,9,112.08699999999997,1,0,1,3,56,0,0,0,0,0,0,0,0,0,0,2.6016000000000012,9.23,0.53347705032188,44.375
125.17099999999999,9,114.08299999999997,2,1,2,0,50,0,1,1,0,1,0,0,0,1,0,1.06108,44.019999999999996,0.5257576391323447,33.169
133.147,9,122.05899999999998,4,4,4,3,54,0,0,0,0,0,0,0,0,0,0,-1.2614300000000005,84.53999999999999,0.36238798245805104,38.148
130.191,9,116.079,3,2,3,3,54,0,0,0,0,0,0,0,0,0,0,0.7765999999999997,35.5,0.4374341878263271,41.091
134.17499999999998,9,120.06299999999997,3,2,3,4,56,0,0,0,0,0,0,0,0,0,0,1.2306,49.69,0.3451723250891037,41.866
113.204,8,98.08399999999999,1,1,1,0,48,0,1,1,0,0,1,0,0,0,1,1.3943999999999999,21.94,0.47106422718990276,37.465
113.20399999999998,8,98.08399999999999,1,1,1,3,48,0,0,0,0,0,0,0,0,0,0,2.31817,23.85,0.5429901169140726,37.293
126.19899999999996,9,112.08699999999997,1,1,1,2,52,0,2,2,0,2,0,0,0,2,0,1.2708,20.23,0.5904486221349842,39.003
128.171,9,116.07499999999999,2,0,2,2,52,0,1,1,0,0,1,0,0,0,1,1.1429,26.3,0.5571422212527364,36.088
131.219,9,114.08299999999998,2,2,2,4,56,0,0,0,0,0,0,0,0,0,0,0.7569,32.26,0.5900108127378907,43.69
125.17099999999998,9,114.08299999999998,2,2,2,1,50,0,0,1,0,1,0,0,0,0,0,0.81897,44.08,0.39520403409045207,34.311
124.18299999999998,9,112.08699999999997,1,1,1,1,50,0,1,2,0,2,0,0,0,1,0,1.6215999999999997,20.23,0.5265246315511823,35.497
127.187,9,114.08299999999998,2,0,2,2,52,0,2,2,0,0,2,0,0,0,2,0.827,12.24,0.5091768041078704,33.879
123.19899999999998,9,110.09499999999998,1,0,1,1,50,0,0,0,0,0,0,0,0,0,0,1.8806,12.36,0.37268354078527177,39.817
128.215,9,112.08699999999997,1,1,1,3,54,0,1,1,0,1,0,0,0,1,0,1.6609,20.23,0.6125548938194084,41.001
124.227,9,108.09899999999998,0,0,0,4,52,0,0,0,0,0,0,0,0,0,0,2.836000000000001,0.0,0.5054285689129528,42.111
126.19899999999998,9,112.08699999999999,1,0,1,3,52,0,0,0,0,0,0,0,0,0,0,1.6807,9.23,0.5226718322355997,41.119
131.131,9,122.05899999999998,4,2,4,3,52,0,0,0,0,0,0,0,0,0,0,-1.5374999999999999,80.38999999999999,0.45484460579598074,35.742
117.148,8,106.05999999999999,3,2,3,3,48,0,0,0,0,0,0,0,0,0,0,0.28729999999999994,43.7,0.41213322604776964,34.753
146.23,10,128.08599999999998,2,1,2,6,62,0,0,0,0,0,0,0,0,0,0,1.4315,29.46,0.6139664134357481,46.449
140.22999999999996,10,124.10199999999999,2,2,2,2,58,0,0,0,0,0,0,0,0,0,0,0.46440000000000003,52.04,0.5475546588217065,46.63
148.202,10,132.07399999999998,3,2,3,6,62,0,0,0,0,0,0,0,0,0,0,0.013799999999999923,49.69,0.557742996540038,45.227
142.242,10,124.09799999999997,1,0,1,3,60,0,1,1,0,1,0,0,0,1,0,2.4591000000000003,9.23,0.587855062486171,44.643
142.242,10,124.09799999999997,1,0,1,3,60,0,1,1,0,0,1,0,0,0,1,2.4575000000000005,9.23,0.5878497741767648,44.358
142.24200000000002,10,124.09799999999997,1,1,1,4,60,0,1,1,0,1,0,0,0,1,0,2.1951000000000005,20.23,0.6376457899464086,44.105
131.17499999999998,9,118.07099999999998,2,2,3,5,54,0,0,0,0,0,0,0,0,0,0,-0.10659999999999997,49.33,0.511496062183036,38.652
111.14399999999999,8,102.07199999999999,2,1,2,1,44,0,2,2,0,1,1,0,0,1,1,-0.20680000000000004,29.1,0.4743987766607867,30.984
125.13099999999999,9,118.075,4,3,4,1,48,0,0,2,0,0,2,0,0,0,0,-1.5250999999999995,53.160000000000004,0.37227298323676133,28.789
124.14299999999997,9,116.07899999999998,3,0,3,0,48,0,0,1,0,0,1,0,0,0,0,0.9754,33.95,0.4735035900561268,31.995
123.15499999999999,9,114.08299999999998,2,1,2,0,48,0,0,1,0,0,1,0,0,0,0,1.8066,32.59,0.5230832871185448,29.859
126.20299999999997,9,112.091,2,1,2,4,52,0,0,0,0,0,0,0,0,0,0,1.75287,36.21,0.5570769254222357,39.083
115.132,8,106.05999999999999,2,1,3,2,46,0,1,1,0,0,1,0,0,0,1,-0.47869999999999985,38.33,0.49355683717776916,29.639
123.15899999999999,9,114.087,3,1,3,1,48,0,0,2,0,0,2,0,0,0,0,-0.040999999999999814,50.739999999999995,0.5222121710574262,32.918
126.199,9,112.08699999999997,1,1,1,3,52,0,0,1,0,1,0,0,0,0,0,1.7250999999999999,20.23,0.5707951083638947,37.981
123.19899999999998,9,110.09499999999998,1,1,1,0,50,0,1,2,0,1,1,0,0,0,1,1.518,21.94,0.4845182246646648,35.082
110.15999999999998,8,100.08,2,2,2,4,44,0,0,0,0,0,0,0,0,0,0,0.2488699999999998,35.88,0.3035418362410558,32.715
141.258,10,122.10599999999998,1,1,1,3,60,0,1,1,0,0,1,0,0,0,1,2.1746000000000003,12.03,0.6348917573145194,43.664
142.286,10,120.10999999999997,0,0,0,6,62,0,0,0,0,0,0,0,0,0,0,4.002900000000003,0.0,0.49159252030348993,49.509
112.176,8,100.08,2,2,2,2,46,0,0,0,0,0,0,0,0,0,0,0.25320000000000004,38.05,0.305180808850256,35.591
113.15999999999998,8,102.07199999999999,2,2,2,1,46,0,2,2,0,1,1,0,0,1,1,-0.12840000000000018,42.17,0.4650974361404842,32.334
140.186,10,128.09,3,2,3,0,56,0,3,3,0,0,3,0,0,0,3,-0.5649,36.589999999999996,0.44257475881803526,33.151
102.09599999999999,8,100.08,2,1,2,0,36,0,0,0,0,0,0,0,0,0,0,0.16635,47.64,0.34360280032191143,26.334
120.15499999999999,9,112.09099999999998,2,1,2,0,46,0,2,3,0,1,2,0,0,1,1,0.6077700000000001,26.86,0.465680449044728,28.965
124.187,9,112.09099999999998,2,2,2,1,50,0,2,2,0,1,1,0,0,1,1,0.4914699999999999,35.88,0.4902714934719416,31.902
110.16000000000001,8,100.07999999999998,2,2,2,1,44,0,0,1,0,1,0,0,0,0,0,0.6834699999999999,49.870000000000005,0.4790746734898235,29.78
123.11899999999999,9,118.079,5,1,5,2,46,1,0,0,0,0,0,0,1,0,0,-0.6548200000000002,66.53,0.5302269674830122,26.742
113.16,8,102.07199999999999,2,2,2,0,46,0,2,2,0,1,1,0,0,1,1,-0.12680000000000047,32.26,0.45851996103811016,30.181
123.115,9,118.07499999999999,4,0,4,0,46,0,0,1,0,0,1,0,0,0,0,0.04409999999999992,54.15,0.44844682467062424,26.549
