SMILES,des_cv,pred_cv,DFT_cv,RE_des,RE_pred
c1nnnn1N1CC1,,,22.574,,
CCNCN,41.483,38.093864440918,23.054,79.9384054827796,65.2375485421966
Nn1cc(O)cn1,27.749,29.781135559082,23.206,19.5768335775231,28.3337738476342
C=CNN=NNO,36.569,34.0547866821289,23.433,56.0576964110443,45.3283262157167
CCNC=CN,29.794,32.4536933898926,24.097,23.6419471303482,34.6793932435266
COC(=O)N=C=N,34.203,31.5785331726074,24.213,41.2588279023665,30.4197463040821
CN=CC=CN=N,30.367,28.6907920837402,24.245,25.2505671272427,18.3369440451235
ON1CNNNC1,32.342,29.5476379394531,24.245,33.3965766137348,21.8710577003634
COCNN=NN,34.111,31.7964763641357,24.389,39.8622329738817,30.3722020752622
COC(=O)NNN=N,38.695,36.3336868286133,24.622,57.1562017707741,47.5659443936857
CCC(C)N,32.029,33.8677673339844,24.629,30.0458808721426,37.5117436111267
CCC(C)N,32.029,33.8677673339844,24.629,30.0458808721426,37.5117436111267
CC(N)CC#N,31.297,31.5403556823731,24.942,25.4791115387699,26.4547978605288
C=CNNNN,36.111,32.6701812744141,25.091,43.920130724164,30.2067724459531
N=CNC(N)N,29.902,26.9370918273926,25.133,18.9750527195321,7.178179395188
Cc1cc(O)nnn1,,,25.247,,
CCCC(=N)N,32.675,34.626953125,25.365,28.8192391090085,36.5146979105066
ONCN1CNN1,36.111,33.1063117980957,25.448,41.901131719585,30.0939633688137
COCNC=NN,36.569,33.838981628418,25.601,42.8420764813875,32.1783587688684
CC=CC=CNO,32.988,30.2437438964844,25.716,28.2781147923472,17.606719149496
N=CNN=NCO,32.342,31.3562679290771,25.823,25.2449366843512,21.4276727300356
COC=NNCN=N,34.203,31.9919738769531,26.127,30.9105523022161,22.4479422702687
COCNCN,39.033,35.2909469604492,26.145,49.2943201376936,34.9816292233666
Nc1cnc(N)nn1,31.619,31.3135833740234,26.158,20.8769783622601,19.7093943498104
ONCN1CCN1,32.342,29.1995964050293,26.186,23.508745130986,11.5084258956286
OCn1cc(O)nn1,32.029,34.2429885864258,26.227,22.122240439242,30.5638791566927
OCn1cc(O)nn1,32.029,34.2429885864258,26.227,22.122240439242,30.5638791566927
C1=C2NN=NCC2=NC1,41.819,30.5060729980469,26.448,58.117816091954,15.3435911904375
Cc1nnnnc1C,32.029,34.3853530883789,26.495,20.8869598037366,29.7805362837475
C#Cc1nnc(C)[nH]1,30.229,31.8084030151367,26.496,14.0889190821256,20.0498302201717
CC(=N)CCN,31.619,33.9833564758301,26.513,19.2584769735601,28.1762021492479
C=CNN=CC=N,34.203,31.5599365234375,26.52,28.9705882352941,19.0042855333239
COCCN=CN,32.342,33.2677230834961,26.596,21.6047525943751,25.0854379737408
N=CNC(N)N=O,32.342,34.1709022521973,26.776,20.7872721840454,27.6176510763269
C=CC(C)NN,32.029,33.7466430664062,26.792,19.5468796655718,25.9579093251948
Nc1cn(CO)nn1,32.029,32.5446624755859,26.872,19.1909794581721,21.1099377626745
Cc1cc(N)nnn1,42.171,32.7641410827637,26.956,56.4438343967948,21.5467468569658
CCC1=CC(=N)N=N1,32.029,29.8866233825684,26.993,18.6566887711629,10.7199028732205
CCC1=CC(=N)N=N1,32.029,29.8866233825684,26.993,18.6566887711629,10.7199028732205
CC1=CNC(N)N1,30.744,31.7347164154053,27.051,13.6519906842631,17.3143928705235
COCNN=CN=N,34.927,36.2146224975586,27.082,28.9675799423972,33.7221124642146
NNn1ncc(N)n1,27.749,28.9768733978271,27.184,2.0784284873455,6.59532591902259
C#CC1=NN=C(C)[CH]1,31.297,31.7321891784668,27.198,15.0709611000809,16.6710389678168
C1=NCC(N2CC2)C1,30.119,31.9084949493408,27.208,10.6990591002646,17.2761502107498
C1=NCC(N2CC2)C1,,,27.208,,
O=CC1=CC=NC=NN1,27.866,29.0256004333496,27.37,1.81220314212641,6.04896029722177
CONC(O)=NC=N,38.695,35.0635070800781,27.403,41.2071670984929,27.9549942709853
N=CNC(O)OO,29.794,28.1524982452393,27.403,8.72532204503157,2.7350955925968
Cc1cnn(N2CC2)n1,32.029,30.0393009185791,27.411,16.8472511035716,9.58848972521652
Cc1cnn(N2CC2)n1,32.029,30.0393009185791,27.411,16.8472511035716,9.58848972521652
CC=CCCN,38.548,36.946964263916,27.418,40.5937705157196,34.7544104745642
CC1=NN=C(F)NN=C1,32.029,34.7609977722168,27.438,16.7322691158248,26.6892549464859
CC1(C)CC1N,30.229,32.4439125061035,27.546,9.74007115370653,17.7808484211991
COCC(=CN)OO,36.453,37.173828125,27.598,32.0856583810421,34.6975437531705
CC1CN1C(=N)N,32.029,32.6105613708496,27.662,15.7870002169041,17.8893838871
C#CC(C#N)N1CN1,31.297,33.3527297973633,27.674,13.0917106309171,20.5200903279732
CC1C=NN=NNC1,25.33,33.2928733825684,27.702,8.56255866002456,20.1822012221804
CC1=CNC=CN=N1,30.229,32.3397521972656,27.731,9.00796942050412,16.6194951399719
C#CC1=NC(=N)C1N,32.675,31.3468379974365,27.77,17.6629456247749,12.8802232532823
CCc1nnc(N)o1,27.319,29.8892974853516,27.779,1.65592713920587,7.59673669085137
C=CNN=NNN,36.447,34.5289344787598,27.883,30.7140551590575,23.8350768524183
COC(F)N=CN=O,34.82,32.0911178588867,27.883,24.8789585051824,15.0920555854345
Cc1nn(N)nc1O,32.029,32.2657699584961,27.908,14.7663752329081,15.614769809718
Cc1nn(N)nc1O,32.029,32.2657699584961,27.908,14.7663752329081,15.614769809718
NC12CC1CCN=N2,30.744,30.7890396118164,27.937,10.047607116011,10.2088256141189
CC1=NOC(N)=NN1,32.029,31.4901313781738,27.951,14.589817895603,12.6619132702723
CN(N)C1C#CC1,31.619,29.5143547058106,27.995,12.9451687801393,5.42723595574424
O=CC1CC#CCC1,,,28.033,,
COCNN=CC=N,38.097,34.9692649841309,28.037,35.8811570424796,24.7254163574238
N=CC1=C2C(O)C2N=N1,31.619,30.8794898986816,28.038,12.7719523503816,10.1344243479621
C#Cc1nnnc(=O)nn1,32.675,30.1179542541504,28.054,16.4718043772724,7.35707654577031
CC1CC2(N)CC12,32.029,31.5462265014648,28.067,14.1162218976022,12.3961467255667
Cc1cn(CN)nn1,32.029,34.1967926025391,28.157,13.7514649998224,21.4504123398768
C#CNC(C#N)=NC,41.819,33.0541610717773,28.26,47.9794762915782,16.9644765455672
COCCC=COO,34.927,31.5967597961426,28.337,23.2558139534884,11.5035458804482
NC1=N[CH]CCC=N1,32.029,29.3331031799316,28.354,12.9611342315017,3.45313952151937
Cc1ncn2c1N2C=O,31.618,30.2669563293457,28.355,11.5076706048316,6.74292480813154
CC1=CNN=NN1N,32.029,32.5336990356445,28.453,12.5680947527502,14.3418937744508
CC1=CNN=NN1N,32.029,32.5336990356445,28.453,12.5680947527502,14.3418937744508
OC1=CC(N2CC2)C1,30.229,31.8387870788574,28.536,5.93285674236052,11.5741066682695
Cc1nnn2c1N2C=O,31.618,29.1986045837402,28.571,10.6646599698996,2.1966489928256
CONNN=CN,34.927,31.6979293823242,28.595,22.1437314215772,10.8513005152097
N#CC1CN(CN)N1,30.229,32.7079086303711,28.598,5.70319602769425,14.3713148834572
CC1C=NC(N)=NN1,27.866,30.0162887573242,28.66,2.77041172365667,4.73234039540894
NC(N)C1CNC1,30.229,30.5083751678467,28.661,5.47084888873381,6.44560611230137
CC1=CN=C(F)NN=N1,31.619,31.3118934631348,28.675,10.2667829119442,9.19579237361743
NNN1N=CC(O)N1,31.619,31.1718406677246,28.682,10.2398716965344,8.68084745737606
C#CN1C(C#N)N1C,32.029,32.7963981628418,28.707,11.5720904309054,14.2452996232341
C#CN1C(C#N)N1C,32.029,32.7963981628418,28.707,11.5720904309054,14.2452996232341
CC(C#N)COC#N,32.675,35.1368179321289,28.719,13.7748528848497,22.3469408131512
CC=C1N=NN=NN=N1,27.866,30.4390029907227,28.741,3.04443130023312,5.90794680325215
CC1=COC(N)=NN1,32.029,31.5641460418701,28.753,11.3935937119605,9.77687907999201
N=C(O)C(N)NN,32.675,34.9115829467773,28.762,13.6047562756415,21.3809295138631
OC1N=NC2=C1C(O)N2,31.618,31.6384162902832,28.77,9.89920055613487,9.97016437359472
OC1=C2C=CNN=NC12,,,28.773,,
NN(N)C1CCC1,32.029,31.5618572235107,28.781,11.2852228901011,9.66212856923214
NN(N)C1CCC1,32.029,31.5618572235107,28.781,11.2852228901011,9.66212856923214
N=C1C=C2C(O)C2N=N1,31.618,29.2034320831299,28.79,9.822855158041,1.43602668680062
CC1NC(N)C1O,31.619,32.3613967895508,28.82,9.71200555170021,12.2879833086426
CC1CC1C(=N)N,32.675,32.9412956237793,28.841,13.2935751187545,14.2168982482553
COCCN=CNO,39.336,35.5336608886719,28.902,36.1013078679676,22.9453355777175
CC1=CN=NN(N)N1,32.675,31.3763580322266,28.912,13.0153569452131,8.52365119060114
C#CC1C(C)N1N,31.618,33.1342277526856,28.915,9.3480892270448,14.5918303741504
CC1CC(=N)C1C#N,31.619,30.9106216430664,28.919,9.33642242124555,6.88689665294926
CC1N=NC(=N)N2N=C12,32.675,31.9600830078125,28.952,12.8592152528323,10.3898970979984
CC1=C2CC2(N)N=N1,32.029,32.3259506225586,28.976,10.536305908338,11.5611216957434
CONNNNN,38.097,35.6700782775879,28.987,31.4278814641046,23.0554327028941
C#Cc1nnncc1C,31.297,32.2569923400879,29.015,7.86489746682749,11.1735045324415
OC1=CNN=C(O)N=N1,30.229,31.7533264160156,29.056,4.03703193832599,9.28319939432681
CC1=C2NNN2N=NC1,31.297,30.366024017334,29.067,7.671930367771,4.46906807490969
CN1OC1OCC=O,,,29.15,,
CCN=C=CCO,36.569,34.2092742919922,29.167,25.3779956800494,17.2875999999733
O=COc1ncc(O)nn1,27.866,29.7036437988281,29.18,4.50308430431803,1.79452981092564
N#Cc1nnc(N)n1N,32.029,31.8137626647949,29.181,9.75977519618931,9.02218109315958
N#Cc1nnc(N)n1N,32.029,31.8137626647949,29.181,9.75977519618931,9.02218109315958
N#CC1=NN1NCN,31.619,32.6728897094727,29.185,8.33990063388728,11.9509669675268
Cc1c(O)cnn1N,30.229,31.6795997619629,29.208,3.49561763900302,8.46206437264757
OC1CN=NC2=C1NC2,32.675,30.091402053833,29.211,11.8585464379857,3.01394013841703
COCCN=NC=N,35.416,32.1381530761719,29.226,21.1797714363922,9.96425469161673
C#CC1(NC#N)CC1,27.319,29.8976516723633,29.266,6.6527711337388,2.15831228170334
NCc1cc(O)nnn1,32.675,30.0899639129639,29.32,11.4427012278308,2.62607064448806
CC1=CON(N)C=C1,41.004,31.6707096099854,29.34,39.7546012269939,7.9437955350559
CC1CCC(=N)C1=N,41.819,34.1912994384766,29.347,42.4983814359219,16.5069664309013
CC1C(C)C1C=N,32.029,34.9542846679687,29.412,8.89772881816947,18.8436171221566
CC1C(C)C1C=N,32.029,34.9542846679687,29.412,8.89772881816947,18.8436171221566
CC1C2N=NC(=O)NC12,30.229,30.521427154541,29.418,2.75681555510232,3.75085714372494
CC1=C2C=NNN=NC12,31.297,28.6070766448975,29.48,6.16350067842604,2.96106972558514
CC1N=C1C(N)N,31.619,32.4819259643555,29.506,7.16125533789738,10.0858332690148
Nc1nnc(C=O)n1N,32.029,32.5402603149414,29.528,8.4699268490924,10.2013692594873
Nc1nnc(C=O)n1N,32.029,32.5402603149414,29.528,8.4699268490924,10.2013692594873
CN1CC1N(N)N,31.297,32.6122970581055,29.531,5.98015644576885,10.4341101151519
CC1=NN=CC(C)N1,32.029,32.0776519775391,29.548,8.39650737782593,8.56116142391736
C#CC1CO[N+]1(N)[O-],31.619,32.0207977294922,29.553,6.99083003417588,8.35041359419414
CC(C)C(N)N,38.076,34.5870742797852,29.557,28.822275603072,17.0182165977102
CC1CN=NN=C1C#N,32.675,35.1165809631348,29.576,10.4780903435218,18.7333681469259
Cc1c[nH]nc1CN,41.819,35.1958694458008,29.595,41.3042743706707,18.9250530353127
CCC1(C#N)C#CN1,25.33,32.0916862487793,29.619,14.4805699044532,8.34831104621796
CC1=NN2CC1=NNN2,32.675,33.1019287109375,29.629,10.2804684599548,11.721383478813
CC1=C2CC=NNC2=N1,32.029,31.6438331604004,29.639,8.0636998549209,6.76417274672021
CNCCCC=O,,,29.65,,
NC1=NNN=C(O)C=N1,27.866,30.6151752471924,29.652,6.023202482126,3.24826401993928
C1=COONCCN1,36.447,33.0144348144531,29.668,22.8495348523662,11.2796104033069
CC(CN)CC#N,38.076,34.6326293945312,29.674,28.3143492619802,16.7103504567338
CC1OC(N)C1C#N,31.297,33.4150772094727,29.678,5.45521935440392,12.5920790129817
C=CNN=CN=NN,31.454,31.5234794616699,29.684,5.962808246867,6.19687192315692
OCc1ccc(O)nn1,31.297,31.7200775146484,29.703,5.36646130020536,6.79082084182877
Cc1cc(C)c(C)nn1,31.297,30.1721858978271,29.713,5.33099989903408,1.54540402459227
CC1=COC(N)=CN1,27.866,29.837963104248,29.726,6.25714862410011,0.376650421341592
CCc1c[nH]c(=O)nn1,31.619,32.1273345947266,29.727,6.36458438456622,8.07459412226796
C1CCN2N=C2N=NC1,42.171,30.203784942627,29.731,41.8418485755609,1.59020867991994
C=C1C(C)CC1C,32.029,31.9876079559326,29.765,7.6062489501092,7.46718614457451
CC1CC(N)C1O,31.297,31.3532676696777,29.792,5.05169172932329,5.24056011572805
CCN(N)C1=CC1,30.229,31.0389938354492,29.796,1.45321519667069,4.17168021026044
CC1CC1(C#N)C=N,30.229,32.4240112304687,29.798,1.44640579904692,8.81270968007484
NN(N)C1CC1O,30.229,32.6534385681152,29.803,1.42938630339227,9.56426724865013
Cc1nnn2c1C(N)N2,30.229,30.2978687286377,29.815,1.38856280395773,1.61954965164413
N#CC1CN1NCN,32.675,32.4881553649902,29.816,9.58881137644217,8.96215241813188
Cc1cnn(N)c1N,32.029,32.8734359741211,29.844,7.32140463744807,10.1509046177493
Cc1cnn(N)c1N,32.029,32.8734359741211,29.844,7.32140463744807,10.1509046177493
CC1N=NC2=C1C(O)N2,27.866,30.4836311340332,29.862,6.68408010180162,2.08167950583752
C=C(CC#N)C1CC1,32.029,32.5813865661621,29.91,7.0845870946172,8.93141613561385
Cc1cnc(N)n1N,31.618,33.0588912963867,29.932,5.63276760657492,10.4466500614282
C#CC1NC#CC1C,32.029,32.7731208801269,29.959,6.90944290530393,9.39324036225142
C#CC1NC#CC1C,32.029,32.7731208801269,29.959,6.90944290530393,9.39324036225142
CC1=CNC(=O)N=NC1,27.866,29.6524353027344,30.015,7.15975345660503,1.20794501837615
N=CNNNCN=N,34.82,32.0196533203125,30.031,15.9468549165862,6.62200166598682
CC1N=NC(=O)N2C=C12,30.229,31.0229339599609,30.074,0.515395358116638,3.15533005240705
CC1N=NC(=O)N2C=C12,30.229,31.0229339599609,30.074,0.515395358116638,3.15533005240705
CC1=CON(N)N=N1,32.029,33.0590095520019,30.102,6.40156800212612,9.8232992890901
CC1N=NC2C1N2C=N,30.229,32.6043014526367,30.103,0.418562933926843,8.30914344961198
CC(N)C1CCC1,30.229,31.8565006256104,30.121,0.358553832874076,5.76176297470336
Cc1cc(N)nn1N,41.819,34.0726127624512,30.128,38.8044344131705,13.0928463968773
C1=NN=NCCCNN1,32.703,30.2284469604492,30.129,8.54326396495072,0.330070564735636
Oc1cnnn[nH]nnn1,32.029,30.9281196594238,30.131,6.29916033321165,2.64551345598818
CC1=C2C(=NC2C)N=N1,27.866,30.5122928619385,30.144,7.55705944798301,1.22177833711021
Cc1cnc(N)n1C,32.029,32.5089607238769,30.156,6.21103594641201,7.80262874345704
Cc1cnc(N)n1C,32.029,32.5089607238769,30.156,6.21103594641201,7.80262874345704
NC1=NN=C(O)C=CN1,30.744,29.1536064147949,30.171,1.89917470418614,3.3720910318024
Cc1nnnocc[nH]1,41.819,31.8483200073242,30.179,38.5698664634349,5.53139602811293
C#CC(C#N)C(C)=N,32.675,34.0991592407227,30.211,8.15596967991791,12.8700117199785
NN1C2CCCCC21,37.993,31.3066310882568,30.215,25.7421810359093,3.6128780018428
NN1C2CCCCC21,,,30.215,,
NC1CC1N(N)N,30.229,30.4650268554687,30.261,0.105746670632167,0.674223771417658
C#CC1=C(N)C(C)=N1,32.675,29.7584381103516,30.273,7.9344630528854,1.69973867686849
Cc1cnn(N)c1C,32.029,33.7997627258301,30.28,5.77608982826949,11.6240512742077
CNNC1CC1C,31.619,31.7561531066894,30.3,4.35313531353135,4.80578583065808
CC1=C2C(NC=O)=NC12,31.619,30.4112052917481,30.303,4.34280434280434,0.357077819846548
CC1=NN=NNCN=C1,31.619,31.1136245727539,30.31,4.31870669745959,2.65135127929362
CC1=CNN=C(O)N=N1,30.229,32.5485458374023,30.311,0.270528850912212,7.38195980799809
CC1=NCC(C)=C1C#N,32.029,32.8827781677246,30.329,5.60519634673086,8.42025179770056
CC1=C(C#N)N=NCC1,32.675,33.1868476867676,30.343,7.68546287446857,9.37233525613024
OC1C2=NN2N2CN=NC12,27.866,30.6343040466309,30.344,8.16635908252044,0.956709882121333
ONC1=NC(O)C2=NC12,31.619,30.8064880371094,30.355,4.16405863943337,1.48735970057453
CC1=CNN=NN=NC1,32.675,34.3494338989258,30.357,7.63580063906182,13.1516088510914
C#CC1(COO)CC1,,,30.378,,
CC1=C(CCN)N1,32.029,31.2143974304199,30.389,5.39668959162856,2.7161059278683
C#CC1NCCN1C,25.33,31.5349578857422,30.397,16.6694081652795,3.74365195822681
Cc1c(N)nnn1N=N,32.674,34.1896476745606,30.41,7.44491943439658,12.4289630863551
Cc1c(N)nnn1N=N,,,30.41,,
Cc1nnc(O)nc1N,32.675,34.4146728515625,30.421,7.40935537950757,13.1280130553318
Cc1cnn(NNN)c1,30.229,31.1618003845215,30.426,0.647472556366263,2.4183276951341
N#CC1=NN=NC1(N)N,31.618,30.2149467468262,30.433,3.89379949397037,0.71650265558374
CC1=NN=C2NC(C)=C12,32.675,29.7811164855957,30.437,7.352892860663,2.15488883399909
CC1=C2CC2(N)C=N1,30.229,30.7749767303467,30.451,0.729040097205351,1.0639280494785
CC1=C2CC2(N)C=N1,30.229,30.7749767303467,30.451,0.729040097205351,1.0639280494785
CC1=NC#CC=NN1N,32.029,31.7905960083008,30.472,5.10960882121292,4.32723814748227
CC1=NC#CC=NN1N,32.029,31.7905960083008,30.472,5.10960882121292,4.32723814748227
CC1=c2c([nH]n2C=N)=N1,31.619,30.6941795349121,30.481,3.73347331124306,0.699384977238598
N#CC1CC1NCN,32.029,32.0820236206055,30.495,5.03033284144943,5.20420928219545
N#CC1CC1NCN,32.029,32.0820236206055,30.495,5.03033284144943,5.20420928219545
CC1=CNC=NN=NC1,32.675,35.112663269043,30.501,7.12763515950295,15.1197117112324
NC1=NN=NC(O)=CN1,32.029,29.9312553405762,30.522,4.93742218727477,1.93547165789856
NC1=NN=NC(O)=CN1,32.029,29.9312553405762,30.522,4.93742218727477,1.93547165789856
CC1CC(=N)C1C=N,30.229,31.6861019134521,30.535,1.00212870476503,3.76977865875914
CC(=N)C(N)NN,32.029,32.2558631896973,30.562,4.8000785288921,5.54238331816406
CC(=N)C(N)NN,32.029,32.2558631896973,30.562,4.8000785288921,5.54238331816406
CC1=C2CCN=NC2=C1,25.33,30.0827388763428,30.562,17.1192984752307,1.56816021090636
CC1CC1N(N)N,31.618,32.4219665527344,30.586,3.37409272216048,6.00263699972013
CC1CC1N(N)N,31.618,32.4219665527344,30.586,3.37409272216048,6.00263699972013
CC(C=N)CCO,31.618,33.5992126464844,30.612,3.28629295701034,9.75830604496406
CC(C=N)CCO,31.618,33.5992126464844,30.612,3.28629295701034,9.75830604496406
C=CNNCCN,38.631,36.3829002380371,30.655,26.0185940303376,18.6850439994686
CC1=CNC(=O)C=NC1,31.618,31.2520980834961,30.685,3.04057357014829,1.84812802182208
CC1=CNC(=O)C=NC1,31.618,31.2520980834961,30.685,3.04057357014829,1.84812802182208
NCCNNNN,32.675,33.6666946411133,30.686,6.48178322361988,9.71353268954345
N#CC(NN)C1CC1,32.675,31.9146537780762,30.712,6.39163844751236,3.91590836831271
CCOC=CCOC,,,30.72,,
N#CC1(CCN)CN1,32.029,32.6284332275391,30.736,4.20679333680376,6.15705761172273
NC(C=O)NN1CC1,32.675,33.2300300598144,30.744,6.28090033827738,8.0862284016862
CC1=C(C#N)C=NCC1,31.618,33.7840423583984,30.768,2.76261050442018,9.80252976598544
NCCC1=NNC1O,30.229,33.0832939147949,30.772,1.76459118679319,7.51102923045269
CC1N(C=N)C12CC2,25.33,31.5617427825928,30.796,17.7490583192622,2.48650078774126
NC1=N[CH]C=C(O)C=N1,30.229,31.9307556152344,30.796,1.84114820106507,3.68475001699701
CC1=NN=C(C)NN=C1,32.029,29.6026153564453,30.797,4.00038964834238,3.87824997095398
CCCC(=N)NN,32.675,35.9252319335937,30.8,6.08766233766233,16.6403634207588
CC1=NN=NN(N)N=C1,32.029,30.5089416503906,30.806,3.9700058430176,0.964287312891647
CC1NC2=C1CCC=N2,30.744,30.3435478210449,30.827,0.269244493463529,1.56827514501932
Cc1nnc(C=N)n1N,32.029,31.9028511047363,30.829,3.89243893736418,3.48324987750592
Cc1nnc(C=N)n1N,32.029,31.9028511047363,30.829,3.89243893736418,3.48324987750592
COC1=NNN(N)N=N1,27.749,29.4268188476562,30.834,10.0051890769929,4.56373208906987
NCNn1ncc(O)n1,31.619,32.1707992553711,30.84,2.52594033722438,4.31517268278567
CCc1nnnc(N)n1,32.029,31.3843193054199,30.872,3.74773257320551,1.65949502921708
CCc1nnnc(N)n1,32.029,31.3843193054199,30.872,3.74773257320551,1.65949502921708
NC12CCCCC1C2,31.619,31.4417991638184,30.884,2.37987307343608,1.80611049028105
OC1N=NN=Nn2nncc21,30.229,30.2403106689453,30.892,2.14618671500712,2.10957312914249
CNCC1CC1C,36.102,34.6940689086914,30.9,16.8349514563107,12.2785401575774
CC1=NN=NC(O)=CN1,32.029,31.9599227905273,30.905,3.63695194952274,3.41343727722796
CC1=NN=NC(O)=CN1,32.029,31.9599227905273,30.905,3.63695194952274,3.41343727722796
CON(CN)NN,38.48,37.7826995849609,30.915,24.4703218502345,22.2147811255407
CC1N=NC2=C1C(N)N2,30.229,30.4410858154297,30.936,2.28536333074735,1.59980018286237
NC1(CO)C2C(O)C21,31.618,31.2369728088379,30.94,2.19133807369102,0.959834546987395
NC1(CO)C2C(O)C21,31.618,31.2369728088379,30.94,2.19133807369102,0.959834546987395
COCNNNN=O,38.895,40.7178573608398,30.993,25.4960797599458,31.3775928785203
CC1=NC=NN(N)N=C1,31.619,34.0797958374023,30.997,2.00664580443269,9.94546516566862
CC1=NNC=C(O)N=N1,27.866,29.3835792541504,31,10.1096774193548,5.21426047048258
CCC12CC1(N)C=N2,30.229,31.1969032287598,31.009,2.51539875520011,0.605963522718557
CCNNCOC,29.902,28.1736469268799,31.009,3.56993131026476,9.14364562907575
CC1NC2=NCC(O)=C21,31.618,29.8259754180908,31.027,1.90479259999356,3.87090141460405
CC1NC2=NCC(O)=C21,31.618,29.8259754180908,31.027,1.90479259999356,3.87090141460405
CC1=COC(N)=NN=N1,32.675,32.0574188232422,31.032,5.29453467388501,3.30439167066961
CN(N)C1=NCCC1,32.029,32.4395866394043,31.043,3.17623940985087,4.49887781272527
CCC1NCC1C=O,32.029,31.2847328186035,31.059,3.12308831578609,0.726787142546445
CC1=CON(N)N1N,32.029,33.5757942199707,31.074,3.07330887558731,8.05108521584184
CC1C2NC(NN)C12,32.029,31.974308013916,31.075,3.06999195494772,2.89399199972969
CC1C2NC(NN)C12,32.029,31.974308013916,31.075,3.06999195494772,2.89399199972969
C#CC(C=N)NC=N,31.618,34.4901504516602,31.08,1.73101673101674,10.9721700503867
CC1=NN=CN(N)N=C1,32.675,31.0417518615723,31.08,5.13191763191763,0.123063508454635
CC1=NN=C(N)NN=C1,27.866,30.4785537719727,31.084,10.3525929738772,1.94777450787319
CC1=C(C=N)N=NCN1,32.675,35.5276107788086,31.096,5.07782351427835,14.2513853190398
CC1=C2N(C=N)NN2C1,32.029,30.7628116607666,31.118,2.92756603894853,1.1414240607796
NC1=CC=CC(O)N=N1,31.619,28.7182846069336,31.121,1.60020564891874,7.72055972837118
C#CC(C#N)CNN,32.675,33.9518432617187,31.129,4.96643001702591,9.06821054874458
CCN=CCCN,30.367,28.8087062835693,31.133,2.46041178171072,7.46569144133459
CC(=N)N1CCN1N,32.029,33.5498657226562,31.141,2.85154619312163,7.73535121754665
CN1CC(O)C(N)N1,31.297,33.9819107055664,31.145,0.488039813774273,9.10871955551902
NNCC(N)CO,30.229,32.3154335021973,31.157,2.97846390859197,3.71805213017075
CC1=NN=NN=NC1C,32.029,33.7830619812012,31.158,2.79542974516979,8.42500154439052
C#CC1=C(C2CC2)N=N1,,,31.167,,
CC1C2=CN(CN)C21,30.229,28.891393661499,31.177,3.04070308240049,7.3310656525676
C1CC(C2CC2)ON=N1,41.675,30.4488220214844,31.187,33.629396864078,2.36694128488024
C1CC(C2CC2)ON=N1,,,31.187,,
CC1=C2N=NNCCC12,31.619,29.7307167053223,31.205,1.32671046306682,4.72450983713412
COC=C(N)CN,32.703,32.384593963623,31.213,4.77365200397271,3.75354488073237
CCCNNNN,32.029,34.1493949890137,31.224,2.57814501665387,9.3690590219501
CCCNNNN,32.029,34.1493949890137,31.224,2.57814501665387,9.3690590219501
Cc1cc(NN)nnn1,31.297,33.2406768798828,31.235,0.198495277733304,6.42124821476807
CC1=CN=C(C)NN=C1,31.619,31.9078826904297,31.237,1.2229087300317,2.14771806008804
O=CCC1C#CCCO1,,,31.238,,
C=C(CC#N)CCC,38.076,35.0949745178223,31.24,21.8822023047375,12.33986721454
C=NC(=NNN)OC,34.927,31.6016178131103,31.245,11.7842854856777,1.14135961949207
C#COCC(C)C#N,31.297,33.119384765625,31.25,0.150399999999991,5.98203125
N=CNc1ncc(O)nn1,31.618,32.4187927246094,31.252,1.17112504799694,3.73349777489248
N=CNc1ncc(O)nn1,31.618,32.4187927246094,31.252,1.17112504799694,3.73349777489248
Cc1cc(CN)nnn1,31.619,32.7111015319824,31.258,1.15490434448781,4.64873482622817
C#Cc1nnc(N)n1N,41.819,30.323860168457,31.261,33.773711653498,2.9977922380698
CC1C2=CN=NNC1N=N2,32.675,31.1147918701172,31.263,4.51652112721107,0.474068803002922
CN(N)C1CCCC1,32.029,33.3910484313965,31.266,2.44035054052327,6.7966750828264
CC(=NCN=N)NC=N,37.669,39.754264831543,31.279,20.429041849164,27.0957026488794
CCc1nc2cc(C)c1-2,32.029,30.5339126586914,31.286,2.37486415649173,2.40391018765136
CCc1nc2cc(C)c1-2,32.029,30.5339126586914,31.286,2.37486415649173,2.40391018765136
CC1NN(N)CC1O,32.675,33.1172103881836,31.287,4.43634736472017,5.84974714157191
CC1CCC2(N)NC12,31.618,33.2061080932617,31.296,1.02888548057261,6.10336174994152
CC1CCC2(N)NC12,31.618,33.2061080932617,31.296,1.02888548057261,6.10336174994152
N=CC1(NN)CC1O,32.029,33.5623207092285,31.308,2.30292576977132,7.20046221166635
N=CC1(NN)CC1O,32.029,33.5623207092285,31.308,2.30292576977132,7.20046221166635
CC1=CNC(=N)N=NC1,27.866,30.2939491271973,31.31,10.9996806132226,3.24513213926126
CC1C2NNNC(=O)C12,32.675,32.4872055053711,31.32,4.32630906768837,3.72670978726405
NC1=CC(F)=NN=NN=C1,,,31.352,,
COCNNNN=N,38.097,36.7886428833008,31.356,21.4982778415614,17.3256884912004
Cc1cn(C)c(=N)nn1,32.029,32.3671722412109,31.368,2.1072430502423,3.18532339075141
CC1CC1C(N)N,31.619,30.1437454223633,31.374,0.780901383311025,3.92125510816823
CC1=NNN=C(N)N=C1,27.866,29.7887878417969,31.388,11.2208487319995,5.09497947688002
CC1=NN(F)N(N)N=C1,31.297,30.7239551544189,31.392,0.302624872579009,2.12807353969515
CC1=NNC=C(O)N=C1,31.297,32.6954536437988,31.394,0.308976237497615,4.1455489705001
CC1=NNC=C(O)C=N1,32.029,32.3464965820312,31.396,2.01618040514716,3.02744484020639
CC1=NNC=C(O)C=N1,32.029,32.3464965820312,31.396,2.01618040514716,3.02744484020639
C=C1CCCC1CO,,,31.399,,
C1CC(CN2CC2)N=N1,,,31.413,,
CC1C2CN(C#N)CC12,32.029,30.1708583831787,31.452,1.83454152359151,4.07332321258203
CC1C2CN(C#N)CC12,32.029,30.1708583831787,31.452,1.83454152359151,4.07332321258203
C1=CNC=CN=NCC1,31.297,30.9298362731934,31.481,0.584479527333962,1.75078214417142
CC1NC2C(=N)NNC12,42.171,30.0746154785156,31.529,33.7530527450918,4.61284697099305
OC1=CNC=C(O)N=N1,31.297,30.8026847839356,31.531,0.742126795851707,2.30983862251244
CC1(N)CCC1C#N,30.229,32.0393791198731,31.533,4.13535026797324,1.60587042106078
CC1=C2CCNNC2=N1,32.029,29.7997760772705,31.536,1.5632927447996,5.50552994269883
C#CC1NNC1CC,31.618,31.9140300750732,31.544,0.234592949530819,1.17306009089906
C#CC1NNC1CC,31.618,31.9140300750732,31.544,0.234592949530819,1.17306009089906
CC1=CON(N)N1C,32.029,31.5851535797119,31.548,1.52466083428428,0.117768415468181
CCC12CCN=NC1=N2,32.675,30.2201614379883,31.579,3.47066088223185,4.30298160806771
C#Cc1nnc(C)n1N,32.029,31.5705375671387,31.587,1.3993098426568,0.052117747368536
CC1NNC(N)C1O,31.619,33.2144966125488,31.609,0.031636559207814,5.07923886408554
NCCC(O)NN,31.618,32.1172218322754,31.611,0.022144190313503,1.60141037067918
NCCC(O)NN,31.618,32.1172218322754,31.611,0.022144190313503,1.60141037067918
OC1=CN=NCNC=C1F,30.229,30.7396850585937,31.619,4.39609095796831,2.78097011735445
CC1N=NN(C=O)C1N,31.618,32.7183609008789,31.624,0.018972931950407,3.46053915026214
CC1N=NN(C=O)C1N,31.618,32.7183609008789,31.624,0.018972931950407,3.46053915026214
CCN1C=C2C(C)C21,30.229,28.5053520202637,31.646,4.47765910383619,9.92431264531473
CC1=CC(CNN)=N1,31.619,30.4005432128906,31.657,0.120036642764634,3.96896985535395
NCN1N=NC(O)=CN1,32.029,32.3257942199707,31.658,1.17189967780656,2.10940116233083
C1=CCC(NN2CC2)=C1,,,31.662,,
NCC1CCCC1O,31.297,33.7602958679199,31.673,1.18713099485366,6.59014260701513
Cc1ncn2c1CC=NN2,32.029,29.3338813781738,31.696,1.05060575466937,7.45241867057737
Cc1ncn2c1CC=NN2,32.029,29.3338813781738,31.696,1.05060575466937,7.45241867057737
NC1=CNC(N)=NN=N1,32.675,35.282299041748,31.704,3.06270502144839,11.2865854206031
CC=NC(N)CN,34.927,34.9587860107422,31.712,10.1381180625631,10.2383514465887
CC1=C2CC=NNC2=C1,31.618,28.9258537292481,31.714,0.302705429778636,8.79153140805921
CC1=C2CC=NNC2=C1,31.618,28.9258537292481,31.714,0.302705429778636,8.79153140805921
OC1CC2=C1CCNN2,27.319,28.4431571960449,31.727,13.8935291707379,10.3503098432096
CCC12N=NN=C1N2C,31.619,29.1787528991699,31.73,0.349826662464547,8.04048881446613
C=Cc1nnc(N)n1N,30.744,32.5940895080566,31.731,3.11052283256122,2.72001987979138
CC(CO)NNN,31.618,34.3563919067383,31.738,0.378095658201517,8.25002176173137
CC1C=NN(NN)N=N1,31.619,32.0756645202637,31.738,0.374944861049845,1.06391240867005
CC1CC1(N)CN,31.619,32.2884864807129,31.738,0.374944861049845,1.7344712354682
C1CNC2CCCN2C1,41.819,28.6658363342285,31.747,31.725832362113,9.70536953340945
NC1=C(O)N=NN=NN=N1,30.229,30.6520233154297,31.789,4.90735789109441,3.57663558013874
CC1=CNC(N)=NN=N1,32.029,30.796329498291,31.802,0.713791585434891,3.16228696845795
CC1=C(N)NNN1C,32.675,33.7216567993164,31.806,2.732188895177,6.02294158119977
CC1N=NC(N)N2N=C12,32.675,31.4190521240234,31.825,2.67085624509033,1.27556284674501
Cc1ccn(N)c1C,32.029,33.4186096191406,31.846,0.574640457200287,4.9381700029536
CC(N)C1CC1C,32.029,31.9660606384277,31.848,0.568324541572483,0.370700321614241
CCC1=NN2CC(O)=C12,31.619,30.3308486938477,31.885,0.834248079034034,4.87423963039769
C#CC1CN1NCN,30.229,31.9629821777344,31.907,5.25903406775943,0.175454219244679
CC1=CNC(=N)N=CC1,32.029,32.6119880676269,31.93,0.310053241465718,2.13588495968338
C#CC1CC(N)N1N,32.675,33.2628364562988,31.937,2.31079938629175,4.15141201834486
CC1C2C(NCO)C12,30.229,31.9558238983154,31.937,5.3480289319598,0.058940721781622
CCN12CC1C2N,25.33,32.6919631958008,31.938,20.6900870436471,2.36070886029433
Cc1nc2nc(CN)c1-2,32.029,32.0714721679687,31.945,0.262951948661772,0.395905988319612
Cc1nc2nc(CN)c1-2,32.029,32.0714721679687,31.945,0.262951948661772,0.395905988319612
CC1=CN=NN=NC(=N)N=N1,31.297,32.0047073364258,31.972,2.1112223195296,0.102299938777059
NC1CC(O)C(N)N1,31.618,31.9692459106445,31.987,1.15359364741925,0.055504077767528
NC1CC(O)C(N)N1,31.618,31.9692459106445,31.987,1.15359364741925,0.055504077767528
N=C1CCC2C(O)C2N1,32.675,30.8808307647705,31.995,2.12533208313798,3.48232297305674
N=C1CCCC2C(O)C12,31.619,30.9351921081543,32.018,1.24617402710975,3.38187235881598
CCCC(C#N)C=N,38.076,35.3531265258789,32.022,18.905752295297,10.4026185930888
CNNn1ncc(C)n1,32.029,31.8971557617188,32.023,0.018736533116823,0.392980789686163
CC1CCC2(N)CC12,31.618,31.429573059082,32.031,1.28937591708032,1.87764022639942
CC1CCC2(N)CC12,31.618,31.429573059082,32.031,1.28937591708032,1.87764022639942
NN1N=CC(O)=NN=C1F,30.229,30.7699432373047,32.049,5.67880433086836,3.99094125462667
CC1=NC=CN(N)N=C1,32.675,33.4203834533691,32.057,1.92781607761174,4.25299763973267
CC1C(C#N)C1CN,38.076,34.6398429870606,32.069,18.7314852349621,8.01659854395396
NNCC1=NC(N)=C1,31.618,30.8767585754395,32.069,1.40634257382519,3.71773807901869
NNCC1=NC(N)=C1,31.618,30.8767585754395,32.069,1.40634257382519,3.71773807901869
C#CC1(C#CN)CC1,31.618,32.3612785339356,32.076,1.42785883526624,0.889383133606422
C1=NC(CN2CC2)CC1,41.819,30.0197811126709,32.079,30.3625424732691,6.41921159428007
CCNCCNN,33.827,35.8505897521973,32.093,5.40304739351259,11.7084403209338
CC1NN=C1CCN,32.675,32.643856048584,32.095,1.80713506776756,1.71009829750428
CCC12CCN=C1NN2,32.675,32.3786315917969,32.121,1.72472837084772,0.80206591263315
NC1(CO)N=CC(O)=N1,30.229,31.8918170928955,32.124,5.89901631179182,0.722770847666869
CCCOCCN,38.92,35.8334693908691,32.129,21.1366678078994,11.5299865880329
CCC1(N)ON1C=N,32.029,32.9227066040039,32.133,0.323654809697193,2.45761865995673
CCC1(N)ON1C=N,32.029,32.9227066040039,32.133,0.323654809697193,2.45761865995673
C1=CCC2=NN=NC2=NN=C1,25.33,27.0945453643799,32.139,21.186097887302,15.6957423554563
CCC(N)NNN,32.029,33.301155090332,32.148,0.370162996142839,3.5870196912156
Cc1nnn2c1CCNN2,31.619,31.8844299316406,32.154,1.66386763699696,0.838371799338817
CCC1=NC(N2CC2)=N1,31.619,30.2749462127686,32.182,1.74942514449072,5.92583987083277
CCC12CN1NN2C=O,31.619,30.2927188873291,32.205,1.81959323086477,5.93783919475515
Cc1cc(C)nc(N)c1,32.675,31.3629379272461,32.219,1.41531394518761,2.65701006472546
CNNCC(N)N,38.872,35.497875213623,32.219,20.6493063099413,10.1768373122164
Cc1cn(CNN)nn1,31.618,31.2382888793945,32.22,1.86840471756672,3.04689981565953
Cc1cn(CNN)nn1,31.618,31.2382888793945,32.22,1.86840471756672,3.04689981565953
CC1=CNN=C(N)N=C1,32.029,33.1094169616699,32.221,0.595884671487518,2.75726067369077
CC1=CNN=C(N)N=C1,32.029,33.1094169616699,32.221,0.595884671487518,2.75726067369077
C#CC(CC)NC#N,32.675,32.4278144836426,32.231,1.37755576929042,0.610637223922924
CCCCNNN,31.618,34.304573059082,32.231,1.90189569048431,6.43347416798112
CCN1CC2C(C)C21,32.029,31.6498565673828,32.242,0.660628993238614,1.83655924761862
CCC1NC1(N)C=O,30.229,32.9478034973144,32.279,6.35087827999629,2.07194614862418
CCNNCCN,36.447,34.430118560791,32.281,12.905424243363,6.65753403175553
C#Cc1cnc(N)n1N,30.229,31.4720764160156,32.284,6.36538223268492,2.51494109770908
CC1=CNN=C(C)N=N1,27.866,28.8883628845215,32.287,13.6928175426642,10.5263329373386
CC1=CNC(C)=NN=N1,32.029,32.6672058105469,32.309,0.866631588721391,1.10868739529821
CC1=CNC(C)=NN=N1,32.029,32.6672058105469,32.309,0.866631588721391,1.10868739529821
CC1=NC=C(N)NN=C1,41.819,32.9456062316894,32.312,29.4225055706858,1.96090069227967
N=CNC=CNNN,32.625,32.008674621582,32.312,0.968680366427341,0.938739101318379
CC1=NN=C(C)C=N[CH]1,31.619,32.4448432922363,32.336,2.21734289955467,0.336600977969759
CC(C#N)NNNN,31.619,34.1899223327637,32.35,2.2596599690881,5.68754971488006
CC1=NC(N)(C=N)N=C1,31.618,30.3430194854736,32.36,2.2929542645241,6.23294349359209
CC1N=CC2=C1CC=NN2,31.297,28.3598976135254,32.362,3.29089673073359,12.3666719809486
CC1=C2CCNNN2C1,30.229,31.0475120544434,32.385,6.6574031187278,4.12996123377057
Cc1cn(C)c(C=N)n1,31.297,33.0355377197266,32.387,3.36554790502363,2.00246308619692
CC1=NNN=C(N)C=C1,30.229,29.4193687438965,32.388,6.66604915400765,9.16583690287606
CC1=NNN=C(N)C=C1,30.229,29.4193687438965,32.388,6.66604915400765,9.16583690287606
CCC1(C#N)CCN=N1,32.675,32.8162574768066,32.399,0.851878144387161,1.28787146765827
CC1C2C1N2NCN,32.029,30.4058094024658,32.4,1.14506172839505,6.15490925164875
CC1C2C1N2NCN,32.029,30.4058094024658,32.4,1.14506172839505,6.15490925164875
NNCc1cc(O)n[nH]1,31.297,29.4914474487305,32.401,3.40730224375793,8.97982331184069
OC1N=NC2=C1CCNN2,27.749,30.3769111633301,32.412,14.3866469208935,6.27881289852492
NCC(N)CCO,31.297,32.2925338745117,32.416,3.45199901283317,0.380880199556699
CCN1C=NC(O)=CN1,32.675,29.7084808349609,32.455,0.677861654598672,8.4625455709108
NC1NNC2CCCC12,31.618,30.5223045349121,32.457,2.58495856055704,5.96079571460056
OCCC=C1CCC1,41.819,27.5468864440918,32.457,28.8443170964661,15.1280572939834
CC1=CNN(CO)N=N1,31.618,32.1122360229492,32.468,2.61796230134286,1.09573727069978
C#CC1=NCNC(=N)N=N1,31.618,30.2743492126465,32.484,2.66592784139884,6.80227431151799
CC1=NN2CCC(C)=C12,32.029,30.2429389953613,32.494,1.43103342155474,6.92762049805718
N=CNC1NC2C(O)C12,27.866,30.3443565368652,32.513,14.2927444406853,6.67008108490387
CC1=C2N=NN2C(N)N=N1,31.297,32.7869529724121,32.519,3.75780313047757,0.823988967717654
CCC1(C#N)CC1N,30.229,32.9650611877441,32.519,7.04203696300624,1.37169404884562
Cc1nnc(N)nc1C,25.33,29.6471710205078,32.531,22.1358089207218,8.86486422025822
C1=C2CCNNC2=CC1,32.029,30.9355525970459,32.538,1.5643247894769,4.92484910859333
C#Cc1ncc(C)n1N,31.297,31.2444000244141,32.545,3.83469042863729,3.99631272264833
NCC1=NN=CN=NN=C1,41.819,30.498836517334,32.552,28.46829687884,6.30733436552593
NNNC1CCC1O,31.297,31.9797859191894,32.554,3.86127664803098,1.76388179888985
CC1=CNC(C)=NC=N1,31.619,34.669734954834,32.555,2.87513438795884,6.49588375006604
N#CC1CCCCNN1,31.618,34.3914031982422,32.572,2.92889598428098,5.58578901584856
N#CC1CN(CNN)N1,31.297,33.0624923706055,32.573,3.9173548644583,1.50275495227797
CC1N=C2NC(CO)=C21,30.229,29.8156604766846,32.578,7.21038737798515,8.47915625058445
CC1=CNC=C(O)N=N1,32.029,31.7691955566406,32.58,1.69122160834866,2.48865697777593
CCNn1ncc(N)n1,31.618,30.3478164672852,32.584,2.96464522465014,6.86282694793397
CC1=CNN=C(C)N=C1,32.029,33.4900398254394,32.598,1.74550585925516,2.73648636554207
C#CC1=C(CCN)N1,,,32.599,,
C#Cc1cnc(C)n1N,30.229,32.7026176452637,32.602,7.27869455861603,0.308624149634082
ONN1N=CC(O)=NN=N1,32.675,29.7011127471924,32.603,0.220838573137428,8.90067555994112
CC1=CN=C(C)C=NN1,32.029,32.5605926513672,32.631,1.8448714412675,0.215768283634598
CC1N=C2NC(NN)=C21,31.618,31.7016754150391,32.633,3.11034842031073,2.85393492771397
CC1N=C2NC(NN)=C21,31.618,31.7016754150391,32.633,3.11034842031073,2.85393492771397
CC1=CNN=NN1NN,30.744,33.0874099731445,32.637,5.80016545638386,1.38005935945245
N=CNN=CN(N)N,35.022,32.8092498779297,32.64,7.29779411764705,0.5185351652258
C#CCC(N)N1CC1,36.102,32.5100326538086,32.649,10.5761279059083,0.425640436740482
C1NNNNNNON1,31.454,29.1983985900879,32.649,3.66014273025208,10.5687813100312
CCCC(O)OC=O,,,32.662,,
CON(N=NN)NN,36.447,35.9400825500488,32.674,11.5474077247965,9.99596789511171
C#CCNNNNN,42.171,36.3843612670898,32.681,29.0382791224259,11.3318480679594
C#CCNNNNN,,,32.681,,
CC1=CC12CC=NNC2,31.619,30.3724498748779,32.685,3.26143490897966,7.07526426532692
CNCc1nnc(N)[nH]1,31.618,32.3339614868164,32.691,3.2822489370163,1.09216149149186
CNCc1nnc(N)[nH]1,31.618,32.3339614868164,32.691,3.2822489370163,1.09216149149186
CCC(N)NNC,32.029,32.6123275756836,32.698,2.04599669704568,0.262011206545965
CC1(C)CNNN1N,31.618,33.0818519592285,32.708,3.33251803840038,1.14299853011038
CC1(C)CNNN1N,31.618,33.0818519592285,32.708,3.33251803840038,1.14299853011038
NCCC1=C[CH]C1O,31.619,32.3489570617676,32.711,3.33832655681575,1.10679263315826
N=CNNNCCO,31.744,29.6013717651367,32.728,3.0065998533366,9.55337397599395
CC1=NNN(NN)N=C1,31.619,30.9054756164551,32.732,3.40034217279726,5.58024069273157
CC1CCC1C(=N)N,31.297,30.5302410125732,32.76,4.46581196581197,6.80634611546642
CC1C2CCC12CN,31.619,30.5189838409424,32.775,3.52707856598016,6.88334449750603
CC1=CON(N)N=NC1,32.675,33.3772659301758,32.776,0.308152306565799,1.83447013111972
CN1CCC1N1CNN1,30.744,29.7714614868164,32.788,6.23398804440648,9.20012966080152
NC1=CN(N)C(O)=CO1,27.034,31.6609649658203,32.79,17.554132357426,3.44322974742208
C#CC(NC#N)N1CC1,41.004,29.4125213623047,32.797,25.0236302100802,10.3194762865363
N=Cn1nnc(CCO)n1,30.229,32.6172752380371,32.797,7.82998444979723,0.54799146861876
CC1=CNN=C(C)C=N1,32.029,30.8673915863037,32.799,2.34763254977285,5.88922959143968
CONNC=NNN,34.433,33.2830696105957,32.801,4.97545806530288,1.46967961524253
Cc1nnc(CCO)[nH]1,32.029,32.5924453735352,32.82,2.4101157830591,0.693341335968316
CC1=NCC=CN=C1N,30.229,31.1873397827148,32.83,7.92263173926287,5.00353401548948
CC(C)CNNN,31.619,31.9156379699707,32.849,3.74440622241163,2.84137121382477
CC1=CNN=NC(N)=C1,32.675,30.7727432250977,32.849,0.529696489999694,6.32060877013698
CC1=CNC(C=N)=CC1,32.029,32.7206954956055,32.853,2.50814233098955,0.402716660257807
OC1CCC2NC1C2O,30.229,32.295036315918,32.857,7.99829564476367,1.71033169212647
NC1(O)CCC2COC21,25.33,32.4452171325684,32.862,22.9200900736413,1.26828211134928
CCCCC1=CNC1,41.004,32.5784683227539,32.863,24.7725405471199,0.865811633892525
NC1=CNC=C(O)C=N1,32.675,32.4261322021484,32.867,0.584172574314663,1.34136914793439
C#CC1CC(N)C1N,31.619,32.8818054199219,32.871,3.80882845060997,0.032872197140014
C=CC1CCCC1C,,,32.875,,
N=CC1NNCCC1O,31.619,32.7293510437012,32.896,3.88193093385214,0.506593373962793
N#CC1CON(C=N)NN1,32.675,32.0438957214356,32.902,0.689927663971807,2.60806114693455
CC(C#N)CNNN,32.029,32.9755325317383,32.906,2.66516744666625,0.211306545123393
CC(C#N)CNNN,32.029,32.9755325317383,32.906,2.66516744666625,0.211306545123393
CC1=C2C(=N1)NC2CN,31.618,29.7164669036865,32.909,3.92293901364367,9.70109421833997
CN1CCCNC1C#N,32.675,32.878547668457,32.921,0.747243400868753,0.128952132508137
Cc1cc(N)nc(N)n1,32.029,32.2126121520996,32.927,2.72724511798827,2.16961110304734
CCNCC(C)O,30.367,30.3505935668945,32.928,7.77757531584061,7.82740048926597
C=C1N=NCC(C)=CN1,31.618,31.8156929016113,32.941,4.01627151574026,3.41612913508607
C#CN1C(C)CC1N,31.618,32.6245727539062,32.947,4.03375117613136,0.978623990329324
C#CN1C(C)CC1N,31.618,32.6245727539062,32.947,4.03375117613136,0.978623990329324
CC(CCN)NN,32.029,34.8910446166992,32.981,2.88651041508747,5.79134840271428
CC1=NN(C=N)N=NN=C1,30.744,30.419319152832,32.988,6.80247362677337,7.78671288701346
CC1CC2NNCNC12,30.229,31.467845916748,32.991,8.37198023703435,4.61687758252857
CCn1[nH]c2c1=C(C)N=2,31.619,30.8254776000977,32.995,4.17032883770268,6.57530656130413
C=CNN=CNNN,38.695,35.7498626708984,33.007,17.2327082134093,8.30994234828492
CCC12CCC1C2N,31.618,31.2698917388916,33.01,4.21690396849438,5.27145792519963
COC(CO)N=NN,40.244,37.795955657959,33.014,21.8998000848125,14.4846297266584
CCCC(N)NN,38.076,40.4536743164063,33.016,15.3259025926823,22.527484602636
COCNC=NN=NO,38.631,36.9036674499512,33.02,16.992731677771,11.7615610234743
Cc1cn(CN)n1N,32.029,32.2950668334961,33.024,3.01296027131782,2.20728308655493
CC1NNC1N(N)N,32.029,30.9931201934814,33.049,3.08632636388392,6.22070200768132
CC1NNC1N(N)N,32.029,30.9931201934814,33.049,3.08632636388392,6.22070200768132
C#CC1(N)CCC1N,31.619,33.0438652038574,33.058,4.35295541170065,0.042757565922316
OCCc1cnc(O)nn1,32.675,33.2180786132812,33.064,1.17650616985242,0.466001128965643
CC1(C)CCNNC1,32.029,34.3379783630371,33.066,3.13615193854715,3.84678631536049
CC1(C)CCNNC1,32.029,34.3379783630371,33.066,3.13615193854715,3.84678631536049
CN1CCCC1CN,42.171,34.8909225463867,33.092,27.4356339900882,5.43612518550314
CCc1cc(=N)nncn1,32.675,30.8060073852539,33.095,1.26907387822935,6.9164303210337
CC1C2CCC(C=N)N12,40.772,30.2241516113281,33.121,23.100147942393,8.74625883479334
CC1C2CCC(C=N)N12,,,33.121,,
CC1C2CCNC(=N)C12,31.619,32.2473106384277,33.122,4.53776945836604,2.64081082534962
CNNn1cc(C)cn1,31.618,32.80322265625,33.122,4.54078859972223,0.962433861934666
CCc1n[nH]c(NN)n1,32.029,30.157693862915,33.127,3.31451685935943,8.96340186882302
CC1CCN2NN(N)C12,31.618,31.7293186187744,33.135,4.57824053116039,4.24228574385272
CC1N=NC2=C1NCNN2,30.229,30.4899215698242,33.136,8.77293577981652,7.98550950680771
CC1N=NC2=C1NCNN2,30.229,30.4899215698242,33.136,8.77293577981652,7.98550950680771
NC1NN(N)N=NC1O,31.297,32.6659469604492,33.138,5.55555555555556,1.42450672807894
CC1CCN(N)C1N,32.029,31.4522953033447,33.154,3.39325571575074,5.1327281675071
CCC1=NNC(N)N=N1,32.029,32.1151885986328,33.155,3.3961695068617,3.1362129433485
CC1N=C(NN)C2C=C12,30.744,31.4237594604492,33.158,7.28029434827191,5.23023264235117
C#CC1N=NC(N)N1N,32.029,31.8210601806641,33.174,3.45149816121057,4.07831379796195
C#CC1N=NC(N)N1N,32.029,31.8210601806641,33.174,3.45149816121057,4.07831379796195
CC1C2C1C2(N)CO,31.619,29.4159049987793,33.178,4.69889685936463,11.3391253276891
COC(C=NN)OO,36.569,33.7780838012695,33.191,10.1774577445693,1.76880419773282
CCC(N)CCO,30.367,28.7944049835205,33.193,8.51384328020967,13.2515741767225
CC1CN=NNn2nnnc21,31.618,29.7226371765137,33.197,4.75645389643643,10.4658939768241
CC1CN=NNn2nnnc21,31.618,29.7226371765137,33.197,4.75645389643643,10.4658939768241
NNCC1CCC1O,32.029,32.1650924682617,33.205,3.54163529588916,3.13177994801476
NNCC1CCC1O,32.029,32.1650924682617,33.205,3.54163529588916,3.13177994801476
CCC12C=NN=C(C=N1)C2,32.675,29.422290802002,33.206,1.59910859483228,11.3946551767693
CC1COC(=O)NC1N,32.029,34.0579071044922,33.209,3.55325363606251,2.55625614891202
CC1COC(=O)NC1N,32.029,34.0579071044922,33.209,3.55325363606251,2.55625614891202
NC(N)CC1=CCC1,32.675,33.0562744140625,33.21,1.61096055405,0.462889448772963
CC1=C2CCNNC2=C1,32.029,30.5597915649414,33.215,3.57067589944302,7.99400401944485
CC1=C2CCNNC2=C1,32.029,30.5597915649414,33.215,3.57067589944302,7.99400401944485
NNNCC1CN1N,32.029,32.9062652587891,33.235,3.62870467880245,0.989122133927791
NNNCC1CN1N,32.029,32.9062652587891,33.235,3.62870467880245,0.989122133927791
CC1N=NC1(N)NC#N,31.618,33.031436920166,33.238,4.87393946687526,0.62146663407545
CC1=CN=NN(CN)C1,31.619,34.2126960754394,33.242,4.88237771493893,2.92008927092054
C#CCCC(C#C)=NC,,,33.265,,
C=CC(C#N)CCC,32.029,34.9941711425781,33.269,3.72719348342299,5.18552148419882
C=CC(C#N)CCC,32.029,34.9941711425781,33.269,3.72719348342299,5.18552148419882
CC1CCCC1NN,32.675,32.7827072143555,33.271,1.79134982417121,1.46762281159116
NC1=COC(N)(N)N=N1,32.675,30.6961212158203,33.272,1.79430151478721,7.74188141434148
CN(N)CC1(C#N)N=N1,31.618,30.4806880950928,33.274,4.97685880867945,8.39487859862715
CN(N)CC1(C#N)N=N1,31.618,30.4806880950928,33.274,4.97685880867945,8.39487859862715
CCC1CNNC1C#N,,,33.277,,
NNN1N=NN=CC(O)=N1,32.029,30.647102355957,33.282,3.76479778859442,7.91688493492878
NNN1N=NN=CC(O)=N1,32.029,30.647102355957,33.282,3.76479778859442,7.91688493492878
CC1=NC(N)(C=N)C=C1,32.675,30.4357414245605,33.294,1.85919384874151,8.58490591529854
CC1C(N)CC12CC2,32.029,34.5763473510742,33.303,3.82548118788095,3.82352145774915
NNCC(N)C1C#C1,32.675,31.1704978942871,33.325,1.95048762190549,6.46512259778816
CC1=C2C=NN2C(N)N=N1,30.229,30.2105865478516,33.326,9.29304446978336,9.34829698178119
C=C(CC=N)CCO,32.029,33.6334762573242,33.33,3.90339033903389,0.910519823954993
C=C(CC=N)CCO,32.029,33.6334762573242,33.33,3.90339033903389,0.910519823954993
CC1C2CC(=N)CNC12,31.619,29.4376983642578,33.337,5.15343312235655,11.6966182792159
CCC1=NC=NN(C)N1,,,33.339,,
CCC12COC1C(=N)C2,32.675,30.9289150238037,33.34,1.99460107978406,7.23180856687553
C#CC1=NN=NC(C)=NN=N1,31.619,32.3841896057129,33.345,5.17618833408307,2.88142268492158
OC1CC2CCCNC12,31.618,32.2114410400391,33.358,5.21614005635828,3.43713340116583
OC1CC2CCCNC12,31.618,32.2114410400391,33.358,5.21614005635828,3.43713340116583
C#CC1CC(C)C1N,32.029,30.7134437561035,33.36,3.98980815347721,7.93332207403027
CC1NNC(N)C1C,31.619,34.3716697692871,33.384,5.2869638150012,2.95851236906033
NNN1N=CC(O)=NN=N1,30.229,29.4291534423828,33.388,9.46148316760513,11.8570940386282
CC1NCC1CNN,32.029,31.614917755127,33.391,4.07894342786977,5.31904478713725
NNC1=C(CCO)N1,32.029,31.7140121459961,33.399,4.10191921913829,5.04502486303152
NNC1=C(CCO)N1,32.029,31.7140121459961,33.399,4.10191921913829,5.04502486303152
CCC12CCNNC1=N2,30.229,31.2138404846191,33.4,9.4940119760479,6.54538777060149
Cc1cn(NN)n1N,30.229,33.0186271667481,33.407,9.51297632232765,1.16254926587811
CC1NCN(C)C1N,32.029,32.1413040161133,33.407,4.12488400634596,3.78871489174932
CC1NCN(C)C1N,32.029,32.1413040161133,33.407,4.12488400634596,3.78871489174932
C#CC1=NN(CN)CC1,31.618,30.9282131195068,33.414,5.37499251810618,7.43935739657987
C#CC1=NN(CN)CC1,31.618,30.9282131195068,33.414,5.37499251810618,7.43935739657987
CC1C2C1N2N(C)C,31.619,32.9801635742187,33.418,5.38332635106829,1.31018141654587
CC1N=C1N(C)NN,31.297,33.5402374267578,33.422,6.35808748728383,0.353771248751745
OC1C=NC=NNN=NN1,31.618,29.7668285369873,33.433,5.42876798372865,10.9657268657096
OC1C=NC=NNN=NN1,31.618,29.7668285369873,33.433,5.42876798372865,10.9657268657096
CC1CCNC1CN,32.029,30.5615329742432,33.438,4.21376876607452,8.60238957400803
CC1CCNC1CN,32.029,30.5615329742432,33.438,4.21376876607452,8.60238957400803
NN1N=CC(O)=NN=C1O,31.619,31.1899108886719,33.44,5.44557416267942,6.72873538076584
CCN1N=NC(N)=CN1,31.619,31.2769546508789,33.447,5.46536311178881,6.4880119266933
CC1C2C1C2(N)NO,30.229,31.2386474609375,33.464,9.66710494860148,6.6499896577292
ONN1C=CC(O)=NN=N1,27.749,29.2303428649902,33.475,17.1053024645258,12.6800810605222
CNCC1CN(C)C1,42.171,34.3702239990234,33.482,25.9512573920315,2.65284032920197
CNCC1CN(C)C1,,,33.482,,
CC1=NC(N)(CO)N=C1,32.029,31.6646995544434,33.487,4.35392839012154,5.44181457149522
CC1=NC(N)(CO)N=C1,32.029,31.6646995544434,33.487,4.35392839012154,5.44181457149522
CC1=CNN(C)N=NC1,30.229,31.5434722900391,33.488,9.73184424271381,5.80664031880345
C#CC1(NC#N)CCC1,31.619,31.429027557373,33.503,5.62337701101394,6.19040815039549
C#CC(CN)C1CC1,31.619,32.6776428222656,33.517,5.66279798311306,2.50427298903362
C#CC1(N)CC(C)C1,41.819,34.8439445495606,33.563,24.598516223222,3.8165377039019
NC(N)C1CCCC1,31.618,30.6675605773926,33.564,5.79787867953759,8.62960142595459
NC(N)C1CCCC1,31.618,30.6675605773926,33.564,5.79787867953759,8.62960142595459
CC1=CN(CN)N=NC1,32.675,31.6862716674805,33.571,2.66897024217331,5.61415606481635
CC1=C2C(=NN2CO)C=N1,32.029,29.283561706543,33.578,4.61313955566144,12.7894403879236
CC1=C2C(=NN2CO)C=N1,32.029,29.283561706543,33.578,4.61313955566144,12.7894403879236
C#CC(C)COOO,,,33.588,,
NC12NCCC1CC2O,41.819,29.3157958984375,33.603,24.4501978989971,12.758396873977
CC1=CNC=C(O)C=C1,31.618,32.3296890258789,33.605,5.91281059366164,3.79500364267549
CC1=CNC=C(O)C=C1,31.618,32.3296890258789,33.605,5.91281059366164,3.79500364267549
CC1CC1(N)CC=O,31.297,31.8894367218018,33.609,6.87910976226607,5.11637739354995
CCCCC(C)=NC#N,,,33.618,,
NNC1=NN=NC2C(O)=C12,32.675,30.7212085723877,33.619,2.8079359885779,8.61950512392487
CC1=NN=C(F)N(N)N=C1,31.619,32.7259292602539,33.632,5.9853710751665,2.69407332227075
CC1C2CCCC(=N)C12,32.029,31.9473972320557,33.639,4.78611135883944,5.02869516913198
CC1=CNC=C(C)N=N1,27.866,30.5819549560547,33.644,17.1739388895494,9.10131091411634
CC1=NCCC2=C1N2N,32.029,30.6949253082275,33.652,4.82289314156662,8.78721826866903
CC1=NCCC2=C1N2N,32.029,30.6949253082275,33.652,4.82289314156662,8.78721826866903
CC1CC1NNNN,32.675,33.0600090026856,33.652,2.90324497801023,1.75915546569121
CC1CCCCC1N,41.819,33.837760925293,33.656,24.2542191585453,0.540055043062153
CC1CCC1NNN,32.029,32.0020751953125,33.657,4.83703241524792,4.91703005225509
CC1CCC1NNN,32.029,32.0020751953125,33.657,4.83703241524792,4.91703005225509
CC1=C2C(C)NN2CC1,31.618,31.4571113586426,33.659,6.06375709319943,6.54175299728868
Cc1nc(O)cn1CN,32.675,30.5260734558105,33.659,2.92343801063609,9.30784201607148
C=C1C=C2C(C)C2CC1,31.618,30.116325378418,33.693,6.15854925355414,10.6154828052771
CC(C#N)CCNN,32.675,33.5837326049805,33.705,3.05592642041241,0.359790520752096
CC1NC(N)CN2N=C12,31.297,31.8056716918945,33.707,7.14985017948795,5.64075209335005
NNCC1=NCN=NN=N1,42.171,32.0081939697266,33.713,25.088244890695,5.05682090076055
OCCC1=NN=NNN=C1,30.229,29.2719230651856,33.718,10.34758882496,13.1860636301513
Cc1nnn(CN)c1N,32.029,31.1724452972412,33.719,5.01201103235564,7.55228418031021
Cc1nnn(CN)c1N,32.029,31.1724452972412,33.719,5.01201103235564,7.55228418031021
C#CC1(CN)CC1N,31.618,32.8760757446289,33.726,6.25037063393227,2.52008615125156
C#CC1CCC1(C)N,32.029,32.4169197082519,33.73,5.04298843759263,3.89291518454816
C#CC1(NN)CC1C,32.029,32.4802398681641,33.735,5.05706239810285,3.71946089176197
C#CC1(NN)CC1C,32.029,32.4802398681641,33.735,5.05706239810285,3.71946089176197
CC1=C(CNNN)N1,32.675,32.5147476196289,33.741,3.15936101478914,3.63430953549421
Cc1cnc(N)c(C)c1,,,33.767,,
CC1N=NN=C1CCN,31.619,34.7434539794922,33.78,6.39727649496744,2.85214321933746
CC1N=NC(N)C1C=N,31.619,32.3004760742187,33.783,6.40558860965575,4.38837263055768
NC1=CN=NN=CN=C1N,42.171,31.1463871002197,33.789,24.8068898162124,7.82092663227766
CN(N)C1CCN1C,32.029,31.2100925445557,33.797,5.23123354143857,7.65425172484038
CN(N)C1CCN1C,32.029,31.2100925445557,33.797,5.23123354143857,7.65425172484038
CCNC1C2C(C)C12,31.297,31.893196105957,33.8,7.40532544378698,5.64143163918047
CCC1(N)N=CC(O)=N1,30.744,32.1236076354981,33.802,9.04680196438081,4.9653640746166
CC1CCC1N1CNN1,31.619,31.5587310791016,33.809,6.47756514537549,6.65582809576857
CCN1C2=C1C(C)N=N2,30.744,30.9028148651123,33.818,9.08983381631084,8.62021744304127
C1=CN=NN(N2CC2)CC1,25.33,30.0770950317383,33.821,25.1057035569616,11.0697642537527
CC1=NNC=C(O)CC1,32.029,32.3092880249023,33.823,5.30408302042988,4.47539241077876
CC1NNC(C)C1C,31.618,32.5710716247559,33.833,6.54686253066532,3.72987430982799
CC1CN(C#N)NC1N,32.029,34.2377777099609,33.834,5.33487024886209,1.19340813962552
CC1CN(C#N)NC1N,32.029,34.2377777099609,33.834,5.33487024886209,1.19340813962552
CC1=NC(N)N(N)N=C1,31.619,31.6623954772949,33.845,6.5770423991727,6.44882411790546
CCC12CC1NN2C=N,30.744,30.4084587097168,33.845,9.16235780765253,10.1537635995958
CN1COC1N(N)C=N,31.297,31.2042026519775,33.848,7.53663436539826,7.81079339406316
CCc1nnc(=O)n(N)n1,41.819,30.6970634460449,33.861,23.5019639112844,9.34389579148607
C=CN1CCC2C(C)=C21,41.819,30.3911018371582,33.871,23.4655014614272,10.2739752674613
Cc1ccc(C)c(N)n1,41.819,29.723201751709,33.874,23.4545669244849,12.2536406928352
COCCN=CNN,36.569,37.7402420043945,33.875,7.95276752767528,11.4103085000576
CC1C2CCC(C=N)C12,32.029,31.4237365722656,33.887,5.48292855667364,7.26905134043852
N#CC1CNC(N)C1N,31.618,32.1380424499512,33.933,6.82226740930657,5.28971075368756
CC1=NC(N)(NN)N=C1,31.297,31.4977111816406,33.934,7.77096717156834,7.17949200907467
CC1=NC(C)C=NN1N,31.619,30.7774906158447,33.935,6.82481214085753,9.30458047489407
CC1=C(NCNN)N1,31.618,33.7718048095703,33.938,6.83599504979669,0.489702370291994
CC1=CNC=C(C)N=C1,32.029,34.4797592163086,33.941,5.63330485253823,1.58734043283521
CC1NC(NO)C2N=C12,30.229,32.6559219360352,33.941,10.936625320409,3.78621155524234
CC1NC(NO)C2N=C12,30.229,32.6559219360352,33.941,10.936625320409,3.78621155524234
CC1C2C(NNC=O)C12,32.029,31.0104484558105,33.942,5.63608508632372,8.63694403449856
CC1C2C(NNC=O)C12,32.029,31.0104484558105,33.942,5.63608508632372,8.63694403449856
Cc1nc2n(CCN)c1-2,31.619,31.3954467773438,33.942,6.84402804784633,7.50266107670791
CCc1nc(C)n(N)n1,35.128,32.0332946777344,33.948,3.47590432426063,5.64011229605749
CCc1nc(C)n(N)n1,,,33.948,,
CNCC(C)(C)O,,,33.972,,
C#CC1=NCC(C)N1N,31.619,33.1855430603027,33.977,6.93998881596373,2.32939029254289
CN1C(O)C1CNN,32.675,33.3505973815918,33.981,3.84332421058828,1.85516205646743
CC1CCC1N(N)O,32.029,33.8388214111328,33.987,5.76102627475211,0.435986079581006
CONCC=CCO,35.823,32.6556625366211,34.003,5.35246889980296,3.9624076210302
Cc1cc(N)cc(N)n1,42.171,31.9263401031494,34.008,24.0031757233592,6.12108885218361
CC1=C(C#N)N(CN)C1,31.618,34.3470916748047,34.012,7.03869222627308,0.985216026122234
CC1=C(C#N)N(CN)C1,31.618,34.3470916748047,34.012,7.03869222627308,0.985216026122234
CC1CN(C)NC1C,38.076,34.3284568786621,34.016,11.9355597365946,0.918558556744191
CC1=C2CCCCC2=C1,41.675,29.3494625091553,34.045,22.4115141724188,13.7921500685701
NC1=NN=C(O)C=NN1N,32.029,31.1058921813965,34.064,5.97404884922498,8.683970815534
NCC1(N)CCC1O,31.619,33.0193099975586,34.067,7.18583966888778,3.07538087428127
NNC(N)C1CC1O,31.618,33.5282707214356,34.072,7.20239492838695,1.59582436770488
N#CC1(CN)CCC1O,32.029,32.7001304626465,34.084,6.02922192230959,4.06017350473391
N#CC1(CN)CCC1O,32.029,32.7001304626465,34.084,6.02922192230959,4.06017350473391
CC1=C2C(N)=NC2NC=N1,31.618,29.6872100830078,34.107,7.29762218899345,12.9586006303463
CC1=C2C(N)=NC2NC=N1,31.618,29.6872100830078,34.107,7.29762218899345,12.9586006303463
Cc1nnn2[nH]n(CN)c12,31.618,31.600269317627,34.127,7.35195006886043,7.40390506746272
Cc1nnn2[nH]n(CN)c12,31.618,31.600269317627,34.127,7.35195006886043,7.40390506746272
C#CC1(C#N)CCNN=N1,30.229,30.4566802978516,34.128,11.4246366619784,10.7575002993097
CC1CCC1CNN,32.029,31.9066505432129,34.139,6.18061454641319,6.53900072288908
CC1CN=NCn2nnnc21,31.619,30.4391670227051,34.144,7.39514995313964,10.850612046904
OCCC1=CN=NN=NN1,32.675,30.0232582092285,34.148,4.31357619772756,12.0790142637094
CN1CCC1NCC#N,32.675,31.2071628570557,34.15,4.31918008784773,8.61738548446355
C#Cc1nn[nH]nc[nH]n1,32.029,32.9104309082031,34.156,6.22730998946011,3.64670655755034
COCNC=CNN,36.447,33.6319808959961,34.16,6.6949648711944,1.54572337237674
C#CC(=NC)C(N)N,36.481,32.5507049560547,34.163,6.78511840295058,4.71941879795479
C#CC(=NC)C(N)N,,,34.163,,
Cc1cn(NN)n1C,31.618,32.8420677185059,34.169,7.46583160174426,3.88343902804912
Cc1cn(NN)n1C,31.618,32.8420677185059,34.169,7.46583160174426,3.88343902804912
CCC12CN1N2CC=O,32.029,29.9471969604492,34.182,6.2986367093792,12.3889855466351
CCC12CN1N2CC=O,32.029,29.9471969604492,34.182,6.2986367093792,12.3889855466351
CN1CCC1C(N)N,,,34.198,,
NC1CCCC(C=O)N1,32.675,33.9487228393555,34.202,4.46465118998889,0.740533187078223
CC1NCC1CCN,32.675,32.3262405395508,34.231,4.54558733311912,5.56442832651456
CN1CCCNC1C=N,25.33,34.0548782348633,34.234,26.0092305894725,0.523227683404508
CCC1C(C)C1C=N,31.619,32.7231292724609,34.25,7.68175182481752,4.45801672274189
C=C(CCC)NC=N,32.675,33.2258529663086,34.258,4.6208184949501,3.01286424686614
COC(CO)N=CN,37.65,34.6491622924805,34.258,9.90133691400547,1.14181298523117
CC1CCCC2CC1N2,31.619,31.8408031463623,34.259,7.70600426165387,7.05857396198867
NC1N2CCCCCN12,32.029,32.5909156799316,34.288,6.58831077928136,4.94949930024613
NC1N2CCCCCN12,32.029,32.5909156799316,34.288,6.58831077928136,4.94949930024613
CC1CCC12CNCN2,31.619,32.3062248229981,34.289,7.78675376943043,5.78254010616205
CCC1=NC2=C1C(C)C2,41.819,32.2590599060059,34.29,21.9568387284923,5.92283491978448
CCC1=NC2=C1C(C)C2,,,34.29,,
C=C(CCCC)OC,,,34.305,,
OC1C=NC=NNC=NN1,31.297,30.9094085693359,34.307,8.77371964905123,9.90349325404175
CC(=N)CC1CC1C,32.675,33.9077377319336,34.32,4.79312354312355,1.20123038480886
Cc1c(N)n(N)n1N,31.618,31.6175804138184,34.333,7.90784376547344,7.90906587301314
CN1OOOCC1CO,,,34.344,,
C#CNC(=N)CCC,36.102,33.9303283691406,34.346,5.11267687649217,1.21024757136025
CCCC(C)CN,38.076,34.4627075195312,34.355,10.8310289623054,0.313513373690011
N#CC1CNC1(O)CN,,,34.359,,
CC1CNN(C=O)C1N,32.675,34.3403854370117,34.381,4.96204298886014,0.118130836765373
CC1CCC1(O)NN,32.029,32.6704750061035,34.402,6.89785477588512,5.03321026073048
COc1nnc(N)c(N)n1,32.675,29.8347625732422,34.408,5.03661939083935,13.2912038675825
CONCC=CNN,34.433,34.8473854064941,34.414,0.055210088917296,1.25932878042104
CC1=C(NNN)N1N,31.619,34.3225708007812,34.426,8.15372102480684,0.300439200658809
CC1NC(NN)C1C,31.619,34.0460472106934,34.429,8.16172412791543,1.11229716026201
CCC(C)C(N)N,38.076,35.3639297485352,34.429,10.5928141973336,2.71552978168173
CCC12CCCC1NN2,31.619,31.4980201721191,34.443,8.19905350869552,8.55029999675086
N#CC1(C#N)CCNCC1,30.229,30.9356803894043,34.447,12.2448979591837,10.1933974238561
Cc1c(C)n(N)n1C,32.029,32.9803085327148,34.455,7.04106805978812,4.2800506959373
C#CC1(CN)CC1C,32.029,33.6237335205078,34.458,7.04916129781182,2.42111114833186
CONNN(N)NN,40.244,37.2612800598145,34.46,16.7846778874057,8.12907736452264
CC1CNC2NC(N)C12,32.675,31.8179168701172,34.463,5.18817282302761,7.67513893126774
CCCn1c2nc(C)c1-2,31.618,31.4995574951172,34.465,8.26055418540549,8.60421443459395
CCCn1c2nc(C)c1-2,31.618,31.4995574951172,34.465,8.26055418540549,8.60421443459395
N#CC1(NNNC=O)CO1,32.675,32.0528526306152,34.479,5.23217030656342,7.03659436000116
CC1=CN=NN=NC(=O)N=N1,31.619,30.117847442627,34.493,8.33212535876845,12.6841752163425
CNC1(C#N)CCCN1,32.675,32.2112731933594,34.524,5.35569458927124,6.69889585980942
CC1=CON(NN)N=N1,32.675,34.4880867004394,34.553,5.4351286429543,0.187865885916111
CC1=CN(C)N(N)N=C1,31.618,34.1632232666016,34.555,8.49949356098972,1.13377726348836
CC1=NCNC2C1=NN2N,32.029,28.8448143005371,34.559,7.3208136809514,16.5345805708004
CC1=NCNC2C1=NN2N,32.029,28.8448143005371,34.559,7.3208136809514,16.5345805708004
CC1=NN=C2C(C)C2N=N1,31.619,31.2379894256592,34.574,8.54688494244229,9.64889967704287
CC1=C(N)NN(C)N=N1,32.675,35.4605102539062,34.577,5.50076640541401,2.55519638460885
CC1=NC(N)(CN)N=C1,32.029,31.2674522399902,34.577,7.36906035804146,9.57152951386701
CCC12C=C1NNCC2,31.618,30.8340148925781,34.577,8.5577117737224,10.825071890048
C#CC1CCC(=N)C1N,31.619,31.8864479064941,34.58,8.56275303643724,7.78933514605523
C#CC1(CC)NNNN1,41.819,32.4550628662109,34.587,20.9095903084974,6.16398396446382
N#CC1CON1NNC=N,30.229,30.5324058532715,34.588,12.602636752631,11.7254369918136
CC1=NN(NN)N=NN=C1,32.029,31.8299293518066,34.593,7.41190414245657,7.98736926023589
CC1CC1N(N)NN,38.076,35.1410675048828,34.593,10.0685109704275,1.58433065904316
CC1COC(=N)NC1C,31.618,31.7470550537109,34.599,8.6158559495939,8.24285368446804
CC1C2C3CC3CC12N,35.551,32.2284088134766,34.614,2.70699716877565,6.89198355152077
CC1C2C3CC3CC12N,,,34.614,,
C#CC1CCCCNN1,32.029,31.4280509948731,34.644,7.54820459531231,9.28284552917359
CC1CC(N)NC1C#N,32.029,33.0948257446289,34.658,7.58555023371227,4.5102840768974
CC1CC(N)NC1C#N,32.029,33.0948257446289,34.658,7.58555023371227,4.5102840768974
CC1CCC1N(C)N,32.029,33.5145988464356,34.681,7.64683832646116,3.36322814672126
CC1CCC1N(C)N,32.029,33.5145988464356,34.681,7.64683832646116,3.36322814672126
N=CNN=NNNNN,31.744,31.608528137207,34.688,8.48708487084872,8.87762875574551
CN1CNC1N(N)C=N,31.619,29.6315002441406,34.704,8.88946519133241,14.6164700203418
CCCC(C#N)CN,38.076,35.236743927002,34.71,9.69749351771823,1.51755668972055
CN1NC1(C)CCO,32.029,30.7776622772217,34.723,7.75854620856492,11.3623181256755
CC1=CNC=CC(C)=C1,30.744,32.0193138122559,34.729,11.4745601658556,7.80237319745488
CC1=CNC=C(C)C=C1,30.229,32.5641403198242,34.75,13.010071942446,6.29024368395915
NC12CCCCC1C2O,25.33,32.5254898071289,34.761,27.1309801214004,6.43108711737609
CC(N)C1CCN1C,25.33,32.0903778076172,34.777,27.1645052764758,7.72528450522702
CC1=NCNCn2cc1[nH]2,31.619,30.0940856933594,34.795,9.12774823968962,13.5103155816658
CC1=CNCN=CC1C,32.029,33.2364349365234,34.797,7.95470873925911,4.48476898432795
CC1CON(C=N)C1N,36.102,32.9542694091797,34.802,3.7354175047411,5.30926553307369
CCN=C(CO)NN,32.988,33.6022644042969,34.81,5.23412812410228,3.46950760041109
CC1=C(CNN)N1N,32.675,34.4527206420898,34.832,6.19258153422142,1.0888819416347
CC1N=NC2N=C1C2C,31.297,31.001880645752,34.84,10.1693455797934,11.016416056969
CCNC1(N)CCC1,32.029,30.098072052002,34.84,8.06831228473019,13.6105853846097
CCNC1(N)CCC1,32.029,30.098072052002,34.84,8.06831228473019,13.6105853846097
CC1=C2C1C=CC2(C)O,27.034,31.5886764526367,34.844,22.4141889564918,9.34256557043767
CCC1=NC(C)(N)N=N1,32.675,29.9636840820312,34.852,6.24641340525651,14.0259265407116
CC1=NN=NN(NN)N=C1,32.029,30.6176910400391,34.858,8.11578403809741,12.1645216591913
CC1CCC(=O)NC1N,38.076,34.3183479309082,34.858,9.23174020310977,1.54814409631018
OCCC1=CC=NC=NN1,31.619,30.4498062133789,34.865,9.3101964721067,12.6636850326147
CC1CCC1(N)NN,38.076,34.5546340942383,34.871,9.1910183246824,0.907246439051646
N#CC1(CNN)CCC1,32.675,33.5789108276367,34.871,6.29749648705229,3.70534017482523
CCC1(N)C2C(C)C21,31.619,31.24880027771,34.872,9.32840100940583,10.3899969095263
CC1CCC(C)C1N,41.819,33.6226043701172,34.886,19.8733016109614,3.62149753449178
C#CC1CCNC1NN,32.029,28.8855781555176,34.899,8.22373133900684,17.2309288073653
OC1CN=NCC2N=CN=C12,32.675,33.7684326171875,34.902,6.38072316772679,3.24785795316171
CC1CCNC(=O)C1N,32.029,31.1706848144531,34.915,8.26578834311899,10.7240876000198
OC1C=NC=NNC=CN1,31.619,30.8492183685303,34.915,9.4400687383646,11.6447991736208
CC1C2C(NNC=N)C12,32.029,29.8265533447266,34.934,8.31568099845421,14.6202743896302
CC1C2C(NNC=N)C12,32.029,29.8265533447266,34.934,8.31568099845421,14.6202743896302
CC1=NN=C(O)N(N)N=C1,32.029,29.8254508972168,34.935,8.31830542435952,14.6258740597773
CC1=NN=C(O)N(N)N=C1,32.029,29.8254508972168,34.935,8.31830542435952,14.6258740597773
CC1=CN=NCNN=N[CH]1,30.744,31.7604007720947,34.949,12.0318177916392,9.12357786461787
CC1C=NN=NNN=NN1,32.675,30.8341979980469,34.949,6.50662393773785,11.7737331596129
CC1CNN(C=O)C1C,32.029,32.7474746704102,34.95,8.35765379113018,6.30193227350445
CCN1CCC(C=N)N1,36.102,32.8314590454102,34.955,3.28136175082248,6.07507067541067
CC1=NNC=CCN=N1,32.675,32.4143371582031,34.956,6.52534614944503,7.27103456287018
N=CNN=CNNNO,31.744,33.1262245178223,34.957,9.19129215893813,5.23722139250422
[NH]CC(O)C1CCCC1,31.619,32.7735061645508,34.962,9.56180996510498,6.25963570576397
C#CC(N)N1CCCN1,41.004,33.4636955261231,34.972,17.248084181631,4.31289166726783
CCN=C(N)CNO,39.033,35.7212524414062,34.973,11.6089554799417,2.13951460099563
COC1(CN)C=NNC1,31.618,31.7662677764892,34.979,9.60862231624688,9.18474577177964
COC1(CN)C=NNC1,31.618,31.7662677764892,34.979,9.60862231624688,9.18474577177964
CCCC1(C)CNC1,32.029,34.0367126464844,35.001,8.49118596611524,2.75502800924431
CCCC1(C)CNC1,32.029,34.0367126464844,35.001,8.49118596611524,2.75502800924431
C#CC1CCN1NNN,32.675,30.3662071228027,35.018,6.69084470843567,13.284005017983
CC1(COOC=O)CC1,,,35.027,,
C#CC#CCCOOO,,,35.029,,
CC1C(O)CCN1C=N,31.619,31.5252113342285,35.047,9.78115102576539,10.0487592825962
CC1=CON(N)C(C)=C1,32.029,30.5206432342529,35.056,8.6347558192606,12.9374622482517
CC1=CON(N)C(C)=C1,32.029,30.5206432342529,35.056,8.6347558192606,12.9374622482517
CC12CCNCC1CC2,41.819,33.8021850585937,35.07,19.2443684060451,3.61509820760279
CC1CCC1(O)CN,32.029,34.3218078613281,35.071,8.6738330814633,2.13621550190155
CCCC(=N)C(O)=NN,33.398,33.0062789916992,35.071,4.77032305893757,5.88726015312024
CCC12C3CC31CN2N,42.171,31.0747146606445,35.087,20.1898138911848,11.4352476397398
CC1CN=NN=NN=C1N,31.618,33.6658973693848,35.11,9.94588436342922,4.11308069101452
CC1CN=NN=NN=C1N,31.618,33.6658973693848,35.11,9.94588436342922,4.11308069101452
CCNNC=CNN,38.695,36.7010879516602,35.116,10.1919353001481,4.51386248906538
OC1CCC2C=NN=NN=C12,31.297,30.6412162780762,35.118,10.8804601628795,12.7478322282698
CC1CNC2C(NN)C12,32.675,32.4716491699219,35.122,6.96714310119014,7.54612729935113
OC1N=NNCN2NCN=C12,31.618,29.1014633178711,35.126,9.98690428742241,17.1512175657032
CCC(O)C(N)NF,32.029,32.4404907226562,35.137,8.84537666846913,7.67427292410792
CCCNN=CNN,37.65,35.060245513916,35.149,7.1154229138809,0.252509277885571
C#CC(N)NNCC#N,25.33,34.8522109985352,35.162,27.9620044366077,0.881033506241966
CN1CNC(N)C1C=N,31.618,30.8594093322754,35.171,10.1020727303745,12.2589368164812
NC1=NC=C(O)C=NN1N,31.297,31.5071773529053,35.179,11.0349924670969,10.4375412805785
CC(CCO)NC=N,32.029,34.5953330993652,35.203,9.01627702184473,1.72617930470359
CC(CCO)NC=N,32.029,34.5953330993652,35.203,9.01627702184473,1.72617930470359
CCCC(C#N)N1CN1,38.076,35.3005065917969,35.241,8.04460713373628,0.16885613857977
CCn1[nH]c2c1C(C)C2,32.029,32.0110015869141,35.241,9.11438381430719,9.16545618196391
CCNNNC1CC=N1,42.171,30.0294570922852,35.255,19.6170755921146,14.8221327690109
CCC(C)([NH])CC,31.619,31.9221000671387,35.267,10.3439475997391,9.48450373681147
NCC1N=NC(O)C2=NN21,31.618,31.9483261108398,35.269,10.3518670787377,9.41527655777084
NCC1N=NC(O)C2=NN21,31.618,31.9483261108398,35.269,10.3518670787377,9.41527655777084
CC1N=NN=NNN=C1N,32.029,34.6311569213867,35.278,9.20970576563296,1.83355938152192
CC1=C(C#N)C1NNN,31.618,33.5027160644531,35.289,10.4026750545496,5.06187178879225
CC1=C(C#N)C1NNN,31.618,33.5027160644531,35.289,10.4026750545496,5.06187178879225
CNC1CC(N)C1C,32.675,32.5801887512207,35.298,7.43101592158197,7.69961824686754
CC1=NCN(C)N=NN=C1,32.675,33.1901702880859,35.307,7.45461239980742,5.99549582777948
NNCN1[CH]NCC=C1,31.618,30.3170127868652,35.314,10.4661040946933,14.1501591808767
CC1CCCNC1C=N,32.029,33.3512573242187,35.317,9.30996403998074,5.56599562754849
N#CC1CNNN1NNN,32.675,31.4241847991943,35.319,7.48605566409016,11.0275353232133
CC1C=CNNNC1N,32.675,31.7546997070312,35.328,7.50962409420291,10.1146407749343
COCNNCCN,34.82,31.4581756591797,35.329,1.44074273259928,10.9565069512873
CN1CCC2NNNNC21,32.675,32.6642112731934,35.345,7.55410949214882,7.58463354592334
NN1N=C2C(O)NCNC21,30.229,32.0001907348633,35.354,14.4962380494428,9.48636438631186
CC1CCCC1(C)N,32.675,33.1828498840332,35.36,7.59332579185521,6.15709874425001
CC(C)C1=NC=CCC1,25.33,31.2941493988037,35.364,28.3734871620857,11.5084566259368
CCN1CC(C)C1C,42.171,32.569938659668,35.384,19.180985756274,7.9529203604228
CNCC1(C#N)CCC1,31.619,32.2218551635742,35.384,10.6404024417816,8.93665169688504
C#CC(N)CNNC#N,41.819,38.9986114501953,35.393,18.156132568587,10.1873575288766
CC1=CN=NCNN=C1N,32.675,30.775390625,35.395,7.68470122898716,13.0515874417291
C#CC1CCC(=N)NNN1,32.675,31.2308521270752,35.397,7.68991722462356,11.7697767407543
CCCN(C#N)N1CC1,26.196,32.7473030090332,35.411,26.0229872073649,7.52223035488068
CC1C2CC(N)(C=N)C12,31.618,31.9495697021484,35.422,10.7390887019366,9.80303285486872
C=CC(CC)C(=C)O,38.695,35.4008560180664,35.435,9.19994355862847,0.096356658483429
CONCNNNN=N,36.453,34.8202781677246,35.465,2.78584519949246,1.81791014317045
CC=C1CNN(NN)C1,31.618,30.7746772766113,35.468,10.8548550806361,13.2325553270235
CC1C(N)C(C)C1O,32.029,33.3926773071289,35.472,9.70624718087505,5.86187046930284
CC1C2=NC(NN)N=NC21,,,35.488,,
CCC1(N)N=CC(C)=N1,41.819,32.4972152709961,35.489,17.836512722252,8.43017478374679
CCC1=NC2=NCC(C)=C12,32.675,31.6855525970459,35.489,7.92921750401533,10.7172571866046
CCN1C=CC(C)=CN1,32.675,32.5881576538086,35.49,7.93181177796564,8.17650703350634
CC1CCC2NC(C)C12,26.196,31.6824607849121,35.506,26.2209204078184,10.7687129360894
COCNC(N)NN,37.669,35.9196968078613,35.51,6.07997747113489,1.1537505149572
CC(C)C1CCC=NO1,25.33,31.7568626403809,35.525,28.698099929627,10.6070017160284
N=CNN=CNNCO,36.111,33.4082412719727,35.54,1.60664040517726,5.99819563316629
CCC1(N)CNC1C,31.618,33.3805999755859,35.562,11.0904898487149,6.1340757674318
CC1CCC1(C)NN,32.029,32.2160987854004,35.567,9.94742317316613,9.42137716028791
CC1CCC1(C)NN,32.029,32.2160987854004,35.567,9.94742317316613,9.42137716028791
N#CC1(CNCN)CC1,32.029,31.9541549682617,35.57,9.95501827382625,10.1654344440211
N#CC1(CNCN)CC1,32.029,31.9541549682617,35.57,9.95501827382625,10.1654344440211
CC1CNN(C=N)C1N,32.675,32.2417602539062,35.576,8.15437373510233,9.37216029371992
CC=C(NC#N)C1CC1,30.229,30.8216133117676,35.579,15.036960004497,13.3713333377341
CC1=C(NNC=N)CC1,30.744,31.0174446105957,35.58,13.5919055649241,12.823370965161
NCC(O)C(N)NO,32.675,35.417179107666,35.607,8.23433594517933,0.533099930727098
CC1CCC(=N)NC1N,32.029,32.2689056396484,35.626,10.0965586930893,9.42315825619378
CC1CCC(=N)NC1N,32.029,32.2689056396484,35.626,10.0965586930893,9.42315825619378
C#CC1CC(C=N)C1C,25.33,32.7680282592773,35.631,28.9102186298448,8.03505863075047
C#CCNC(C#C)C=N,40.772,32.6808547973633,35.631,14.4284471387275,8.27971486244197
C#CCNC(C#C)C=N,,,35.631,,
CC1=CN=CN=NC(=N)N=N1,30.744,31.2445220947266,35.659,13.7833366050646,12.3797019133273
CC1=CC1(C)CNN,31.618,32.9965171813965,35.665,11.3472592177204,7.48207715856863
CC1=CC1(C)CNN,31.618,32.9965171813965,35.665,11.3472592177204,7.48207715856863
N#CC1CCNNNNN1,31.619,32.0083808898926,35.67,11.3568825343426,10.2652624337185
C#CC(C=N)N1CC1C,31.619,31.7201881408691,35.678,11.3767587869275,11.0931438397077
N=CN1CCC=CCOC1,25.33,28.6935062408447,35.701,29.0496064536007,19.6282842473749
CNN1N=CC(C)=NN=N1,31.619,31.4760589599609,35.713,11.4636126900568,11.8638620111419
CN1CCC1CCC=O,,,35.718,,
CC1=C(CCNN)N=N1,32.675,31.5007057189941,35.731,8.55279729086789,11.8392832022779
CN1CCC1NCC=N,41.819,32.5056648254394,35.74,17.0089535534415,9.0496227603822
CC1=NN=C(O)N(N)C=C1,32.675,31.6522331237793,35.767,8.64484021584143,11.5043668080093
CC1=CN=NN(CN)N=N1,31.297,30.6702041625977,35.78,12.5293460033538,14.2811510268371
CC1=NON(N)N=C1C,41.819,32.859260559082,35.783,16.8683453036358,8.17074991174021
N=CC1(NNNN)CC1,38.076,34.648494720459,35.802,6.35160046924753,3.22190179191386
CC1CCC1(C#N)NN,32.029,33.4756202697754,35.803,10.5410161159679,6.50051596297685
CC1C2=CC=NC(N)=NC21,32.675,29.5423622131348,35.815,8.7672762808879,17.5139963335619
NNCNC1=NN=NC1O,32.029,32.6119079589844,35.82,10.5834729201563,8.95614751818985
CC1CCN(C=N)C1N,36.102,34.5181884765625,35.83,0.759140385152103,3.66120994540189
CC1(N)CCC2CCC21,41.675,31.4330940246582,35.836,16.2936711686572,12.2862651393621
CC1(N)CCC2CCC21,,,35.836,,
OC1=CN=NCNON=N1,31.297,34.3232917785644,35.843,12.6830901431242,4.23990241172781
C#CC(NNN)N1CC1,38.076,34.9103279113769,35.845,6.22402008648348,2.60753825811995
CC1COC(COO)C1,,,35.856,,
Cc1ccn(N)c1CN,37.062,33.2634124755859,35.863,3.34327858795973,7.24866164128516
Cc1ccn(N)c1CN,,,35.863,,
NNC(O)C(N)NO,32.675,35.8136940002441,35.873,8.91478270565607,0.165322107869129
CC1=C(C)C(N)=C1C,32.029,32.2587585449219,35.877,10.7255344649776,10.0851282300028
C#CC1CCC(=O)NNN1,32.029,32.9949264526367,35.883,10.7404620572416,8.04858441981803
Cc1con(N)nnnn1,31.297,31.2357368469238,35.899,12.8192985877044,12.9899527927692
CC1CCNCn2nc1[nH]2,31.619,32.5025177001953,35.903,11.9321505166699,9.47130406875385
CCn1[nH]nc1CNC,41.819,34.0146789550781,35.912,16.4485408777011,5.28325084908082
CC1CNC1NCC=N,32.029,33.7921600341797,35.941,10.8845051612365,5.97879849147299
C#CC(C)C(N)NN,38.076,35.4256629943848,35.969,5.85782201340043,1.5105702288504
N=CNCCC1NC1O,31.618,32.1361999511719,35.97,12.0989713650264,10.6583265188438
N=CNCCC1NC1O,31.618,32.1361999511719,35.97,12.0989713650264,10.6583265188438
CN1CC1N(C=N)NN,32.029,32.8578758239746,35.986,10.9959428666704,8.69261428340298
CN1CC1N(C=N)NN,32.029,32.8578758239746,35.986,10.9959428666704,8.69261428340298
CC1=CN(CN)N=NN=N1,31.619,32.8781890869141,35.995,12.1572440616752,8.65901073228476
CC1=NN=C(N)N(N)N=C1,38.076,34.4656600952148,35.999,5.76960471124197,4.25939582984305
CC1C2OC(N)(CO)C12,,,36.031,,
CNC(=N)CN(C)C,32.675,33.008113861084,36.047,9.35445390739868,8.43034410329847
CC1=C(C#N)N1CCN,32.675,35.0487060546875,36.048,9.35696848646251,2.77212035428457
COC1=C(NN)C(C)=N1,31.619,31.752363204956,36.049,12.2888290937335,11.9188792894227
CC1=CN(C)C(O)=NN=N1,32.675,32.1061248779297,36.064,9.39718278615795,10.9745871840902
COCNNNCN=N,38.631,36.1927642822266,36.074,7.08820757332151,0.329224045646726
CC1CCCC(=CO)C1,,,36.082,,
N#CC1(CNNC=N)CO1,36.102,32.5326042175293,36.084,0.049883604921831,9.84202356299384
OCCC1=NN=NN=NN=N1,31.618,30.9938888549805,36.098,12.4106598703529,14.1395953931506
OCCC1=NN=NN=NN=N1,31.618,30.9938888549805,36.098,12.4106598703529,14.1395953931506
C#Cc1nn[nH]cc[nH]n1,31.618,29.4230575561523,36.099,12.4130862350758,18.493427640233
CC1=CNCN=NC=C1O,30.229,32.978401184082,36.132,16.337318720248,8.72799406597477
CC1(NN)NCC1C=N,31.618,30.0203723907471,36.133,12.4955027260399,16.917022138358
CC1(NN)NCC1C=N,31.618,30.0203723907471,36.133,12.4955027260399,16.917022138358
CC1N=NN(CN)N2N=C12,32.675,30.0419921875,36.225,9.79986197377503,17.0683445479641
CCN1N=NC=C(C)N=N1,26.196,31.0110893249512,36.23,27.695280154568,14.4049425201457
CC1CC2(NNN)CC12,39.114,30.941930770874,36.235,7.94535669932385,14.6076148175135
CC1CC2(NNN)CC12,,,36.235,,
CC1=CN=NN(N)C(N)=N1,32.675,31.4601554870605,36.263,9.89438270413369,13.2444764992954
C#CC1(C)CCCCN1,32.029,30.9994564056396,36.266,11.6831191749848,14.5219864180235
C#CC1CCC(N)N1C,36.481,31.8451995849609,36.286,0.537397343328006,12.238329975856
CC1=C(C=N)N=NN=NN=N1,30.229,32.0318260192871,36.29,16.7015706806283,11.7337392689802
CC1CCCC2C(N)C12,25.33,30.5847835540771,36.31,30.2396034150372,15.7676024398868
CC1N=CN(CN)N2N=C12,32.675,33.5648994445801,36.341,10.0877796428277,7.63903182471561
CC1C2=CC(NN)N=NC21,32.675,31.7030982971191,36.347,10.1026219495419,12.7765749659694
C#CC1=C(N)C=NN=NN=N1,25.33,31.5907459259033,36.376,30.3661755003299,13.1549760119219
CC1=C(C=N)N=NN=NC=C1,31.297,32.5267181396484,36.41,14.0428453721505,10.6654266969283
C#CC1(C#N)CCNCC1,32.675,32.7492141723633,36.428,10.3025145492478,10.0987861744721
C#CC1(NNN)CCC1,32.675,31.8106021881103,36.431,10.3099009085669,12.6825994671837
CC1=C(N)NC(O)=NN=N1,32.029,31.9597244262695,36.459,12.1506349598179,12.3406444875902
CC1CCN=CNC1C#N,32.029,33.0665283203125,36.484,12.2108321455981,9.36704220942742
C#CC1=NN=NN=NN1NN,32.029,32.1201019287109,36.485,12.2132383171166,11.9635413767003
CC1=CNC=C(N)N=C1F,32.029,30.3033218383789,36.49,12.2252671964922,16.954448236835
CN(C)C(O)CCO,,,36.492,,
CC1CC1NNNC=N,31.618,34.0980110168457,36.498,13.3705956490767,6.57567259344156
CC1=C(C)NN(NN)C1,32.675,34.6204986572266,36.539,10.5750020526013,5.25055787726375
C#CC1CCC(C)N1N,25.33,28.6494369506836,36.554,30.7052579745035,21.6243449398599
CCC12C=NNNC1CC2,41.004,32.9202423095703,36.562,12.149225972321,9.96049912594962
Cc1cc(O)ncc1CN,,,36.563,,
C#CC(NN)C1CCC1,41.819,33.4105110168457,36.582,14.3157837187688,8.66953415109698
N=C(N)CC1CCC1O,32.675,32.8502082824707,36.6,10.724043715847,10.2453325615555
CC1=C(NNN)C(N)=N1,38.076,35.3746719360352,36.651,3.88802488335924,3.482382647035
CC(CN)C(O)CO,38.076,37.6471862792969,36.682,3.80022899514748,2.63122588543944
CN1CCC1(N)NC=N,32.029,30.9604682922363,36.687,12.6965955243001,15.6091577609608
CN1CCC1(N)NC=N,32.029,30.9604682922363,36.687,12.6965955243001,15.6091577609608
C#CCC(CC#N)NC,25.33,34.6110153198242,36.697,30.9752840831676,5.68434662281877
CCNCC1=CCCC1,27.034,26.3418235778809,36.719,26.3759906315532,28.2610540105098
CC1N=NC2=C1N2CNO,31.619,30.6023483276367,36.72,13.8916122004357,16.6602714388979
C1CCCN2NNC2CC1,40.772,32.8102378845215,36.721,11.031834645026,10.6499335951594
C1CCCN2NNC2CC1,,,36.721,,
C#CC(CC)CCN,,,36.726,,
CN1CCCC1CON,27.863,32.6566276550293,36.745,24.1719961899578,11.1263364946815
CN1CCCC1CON,,,36.745,,
CC1=NN=C(N)C=NN1N,32.675,32.0598220825195,36.751,11.0908546706212,12.7647626390588
C#CC1(N)CCCN1C,41.819,32.0218963623047,36.776,13.7127474439852,12.92719066156
C#CC1(N)CCCN1C,,,36.776,,
CCC1NN2CC12CC,25.33,30.9452857971191,36.779,31.1291769759917,15.8615356667688
CCNNC1=NC(C)=C1,32.029,30.817798614502,36.784,12.9268160069595,16.2195557456992
CC1CN=NN=C2NCC=C21,32.029,29.6625099182129,36.793,12.9481151305955,19.3800181604846
CC1CN=NN=C2NCC=C21,32.029,29.6625099182129,36.793,12.9481151305955,19.3800181604846
NCCC(O)CCO,38.076,37.820255279541,36.802,3.46176838215315,2.766847670075
COCNNNCC=N,36.447,33.6854286193848,36.84,1.06677524429968,8.56289734151792
CCC(O)C(N)NO,38.076,36.3131866455078,36.852,3.32139368283948,1.46210071228752
CC1=C(C)N=NN=NCC1,38.076,34.6770744323731,36.873,3.2625498332113,5.95537539019581
CCC1CC(=N)C(N)C1,25.33,31.9694595336914,36.873,31.3047487321346,13.2984581300914
CC1=C2N=NNN2NNCC1,25.33,32.4289779663086,36.888,31.3326827152461,12.0880016094432
CN1C2CCC1C2(C)C,42.171,30.6312789916992,36.917,14.2319256711,17.0266300303405
CNCC(=N)N1CC1C,25.33,33.1735649108887,36.948,31.4441918371766,10.215532881648
ONC1=NC(O)C=NN=NN1,32.675,31.8647537231445,36.969,11.6151370066813,13.8068280907125
CCCC1(NC#N)CC1,32.675,32.9534950256348,36.988,11.6605385530442,10.9076050999384
CC(N)C(N)NNN,38.076,34.6657333374023,37.01,2.88030262091327,6.33414391407105
CCCC(N)NNN,36.102,32.6185798645019,37.01,2.45339097541205,11.8654961780548
CC1CCC1NC(=N)N,26.196,29.8358993530273,37.02,29.2382495948136,19.4059985061391
CC1=C(N)NC(N)=NN=N1,32.029,32.6137390136719,37.021,13.4842386753464,11.9047594239164
CCC12CCCC1C2N,41.819,30.2393760681152,37.021,12.9602117716972,18.3183164471106
CCCC(=N)NN1CC1,32.675,33.6903533935547,37.03,11.7607345395625,9.01875940168865
C#CC1=NN=NN=NN1CN,41.819,33.0806007385254,37.035,12.9175104630755,10.6774652665711
CC1CC1N(C=N)NN,32.029,31.6869831085205,37.063,13.5822788225454,14.5050775476338
CC1CC1N(C=N)NN,32.029,31.6869831085205,37.063,13.5822788225454,14.5050775476338
CCC1(N)CNCCO1,25.33,33.5632858276367,37.065,31.6605962498314,9.44749540634912
CCC1C2NNC12CC,41.819,31.5240459442139,37.114,12.6771568680283,15.061577991556
CCC1C(C)NC12CN2,25.33,29.9451026916504,37.119,31.7600150866133,19.326752628976
CN1CCN=CNC1C=N,32.029,31.3479652404785,37.135,13.7498316951663,15.5837747664508
NCN(NC=O)NNN,30.367,30.0599327087402,37.141,18.2386042379042,19.0653652062675
CC1N=NC12CNN2CN,32.675,30.8027057647705,37.146,12.0362892370646,17.0766549163557
C#CC1CCC#CNNC1,32.675,32.3652877807617,37.166,12.0836248183824,12.9169461853261
CC1CCCN=C2C=NN=C21,,,37.17,,
CC1CC2NC(N)C12C,41.819,34.4315414428711,37.191,12.443870828964,7.41969443448388
NCc1nnc(N)cc1N,25.33,32.28466796875,37.194,31.8976178953595,13.1992580288487
CC1=NC=C(CO)C=CC1,41.819,32.115104675293,37.2,12.4166666666667,13.6690734535135
C1=NC=NN=NN=NN=NN=C1,42.171,33.3575477600098,37.201,13.3598559178517,10.3315831294594
NC(O)C1CCCCC1,41.819,32.0060424804687,37.217,12.3653169250611,14.0015517627195
CC(CN)CNNN,38.076,35.3264465332031,37.236,2.25588140509186,5.12824542592355
CC1=CC(N)=C(C)CC1,25.33,32.502326965332,37.244,31.9890452153367,12.7313742741596
CC1=CN=NN=NC(NO)=N1,32.029,31.2145900726318,37.248,14.0114905498282,16.1979433187505
CC1=CN=NN=NC(NO)=N1,32.029,31.2145900726318,37.248,14.0114905498282,16.1979433187505
CCC1CN(C=N)C1C,41.819,32.2093772888184,37.26,12.23564143854,13.5550797401546
C#CC(N)CC1CCC1,41.819,32.5014305114746,37.273,12.1964961231991,12.8016781276672
N#CC1(NNNC=N)CC1,31.618,32.0457611083984,37.289,15.2082383544745,14.0610874295412
CCCC(=N)C1CCC1,26.196,32.1554298400879,37.301,29.7713198037586,13.7947244307448
C#CN(C=N)NNCC#N,41.819,33.1405220031738,37.359,11.9382210444605,11.2917315689023
CC1=CN=CCN[N+]([O-])=N1,32.029,34.1184120178223,37.364,14.2784498447704,8.68640397756583
C#CC1=CN=NC=C(C)N=N1,42.171,32.3443412780762,37.373,12.8381451850266,13.4553252934573
CC1CC1(C=N)NNN,31.619,32.8506088256836,37.382,15.4165106200845,12.1218532296731
CNC1(N)CCCNN1,42.171,34.1403617858887,37.384,12.8049432912476,8.67654133883827
CC1CNC1(C)NC=N,31.618,32.95068359375,37.386,15.4282351682448,11.8635756867544
CC1CNC1(C)NC=N,31.618,32.95068359375,37.386,15.4282351682448,11.8635756867544
N=CC1C#CCCCCC1,32.029,32.4782257080078,37.393,14.3449308694141,13.1435677586505
C#CC1CCC(=N)NCN1,31.618,31.8724784851074,37.439,15.547958011699,14.8682430484057
C=CC(C#N)NCCC,38.076,34.3519172668457,37.458,1.64984782956912,8.29217452387822
N=C1CN(N)CNNCN1,41.819,33.4048347473144,37.471,11.6036401483814,10.851499166517
CNNC1CCC(C#N)N1,41.819,33.2295684814453,37.494,11.5351789619673,11.3736371647589
N=CC1C#CCCCCN1,32.675,31.7714157104492,37.506,12.8806057697435,15.2897784075902
CNC(OC)N(N)C=O,37.65,37.815559387207,37.516,0.357180936133917,0.798484345897762
CCCC1=NCN(N)N=N1,36.102,34.3320465087891,37.522,3.78444645807793,8.50155506425804
CC1CC1COCOO,,,37.547,,
C#CC(CNNN)=NC,42.171,35.2378349304199,37.556,12.2883161146022,6.17255583549925
CCCC(N)NNC,38.076,36.1654319763184,37.565,1.36030879808333,3.7257234757929
CCCN1C(C=N)N1C,41.675,33.0096969604492,37.568,10.9321763202726,12.1334727415641
CNCC(C)CCO,,,37.666,,
CNC1CCCCN1C,42.171,33.3542327880859,37.681,11.9158196438523,11.4826231042544
CC1CC1NNNNN,36.102,34.7183265686035,37.682,4.19298338729368,7.86495788810706
CNC1CC=CC2CCC21,39.8,31.6043128967285,37.698,5.57589262029815,16.1644838009218
CNC1CC=CC2CCC21,,,37.698,,
CN1CCCOC1CC=O,,,37.702,,
CCNNNCC1=CC1,41.819,29.3207931518555,37.707,10.9051369772191,22.2404509723513
N#CC1(CNNC=N)CC1,36.102,34.5410232543945,37.712,4.26919813322021,8.40840248622589
CC1CCN(N)NC1N,38.076,34.3078117370606,37.719,0.946472600015905,9.04368690299161
CONNNCNNO,34.203,31.6302604675293,37.728,9.34319338422391,16.1623715343265
CCC(C)CNNN,38.076,36.273624420166,37.757,0.844876446751603,3.92874322598193
C#CC1(CNCN)CC1,38.076,35.3071136474609,37.777,0.791486883553484,6.53806906990788
CCCC(C)NNN,39.748,37.0780944824219,37.779,5.21189020355224,1.85527811106198
C#CC(=CO)NCCC,41.004,33.008186340332,37.788,8.51063829787234,12.6490252452313
CCc1nn[nH]c1CNC,41.819,30.6639823913574,37.807,10.6117914671886,18.8933732077197
CC1CCCON(C=O)C1,,,37.813,,
CC1C=NN=NNC(=O)N=N1,31.618,31.4742698669434,37.814,16.3854657005342,16.7655633708589
CCC1C(C)C2C(C)N12,25.33,31.8678283691406,37.828,33.0390187162948,15.7559787217389
NNNN1N=CC(O)=NN=N1,32.675,31.5186576843262,37.832,13.6313174032565,16.6878365290595
CC1=NNC(N)=C(C)N=N1,32.675,33.6743278503418,37.841,13.6518590946328,11.0109990477477
CNCC(CC=O)OO,,,37.871,,
CC1=CN=NN=NC(CO)=N1,31.619,29.1143188476562,37.888,16.5461359797297,23.1568864873939
CCCC(C=COO)=NC,,,37.891,,
Nc1n[nH]ncncc(O)n1,32.029,32.8964080810547,37.901,15.4929949077861,13.2043796178077
CC(C#N)CCNNN,38.076,37.079216003418,37.918,0.416688643915822,2.21209978527875
CNCC(=O)CCOO,,,37.921,,
CCN(N)C1C#CCC1,41.004,33.1218032836914,37.941,8.07306080493397,12.7018178653926
CCC1(NNC=N)CC1,31.619,32.6266174316406,37.955,16.6934527730207,14.0386841479631
CCCC(C#N)NNN,39.748,35.7757415771484,37.956,4.7212561913795,5.7441733134461
CC(CN)C(N)NN,38.076,36.0748863220215,37.966,0.28973291892746,4.98107169040326
CN1CCN(C)C1CN,29.52,32.8455429077148,37.973,22.2605535512074,13.5029023050199
CN1CCN(C)C1CN,,,37.973,,
CC1NOC(CN)C1C#N,41.819,31.1151714324951,37.991,10.0760706483115,18.0985722079042
CC1NOC(CN)C1C#N,,,37.991,,
CCCC1=NN=NCCC1,41.819,32.4179153442383,38.006,10.0326264274062,14.7031643839438
COCNN(NN)NO,36.453,34.5061683654785,38.1,4.32283464566929,9.43262896199869
CNCc1c(N)nnn1C,34.899,31.9334411621094,38.106,8.4159974807117,16.1983909040324
CNCc1c(N)nnn1C,,,38.106,,
CN=C1CC(C)NNNO1,41.675,30.4296989440918,38.107,9.363109140053,20.146694979684
CN=C1CC(C)NNNO1,,,38.107,,
CON(N=CN)NNN,35.416,36.8888969421387,38.14,7.1421080230729,3.28029118474384
CNNC(N)C(C)C,38.076,36.4059066772461,38.15,0.193971166448226,4.57167319201546
CC#CCC(OC)OO,,,38.163,,
CC1C=NN=NNC(=N)N=N1,31.619,30.7226104736328,38.164,17.1496698459281,19.498452799411
CCCC1C(C)N1C=N,41.819,31.4506645202637,38.164,9.57708835551829,17.5907543227552
CC1CCCCC2NNC12,25.33,33.1645889282227,38.231,33.7448667311867,13.2521018853216
CC1N=NN=NNNC1N,32.029,34.5029907226562,38.241,16.2443450746581,9.77487324427656
CC1CCN(C)NC1N,41.819,34.1514091491699,38.251,9.32786070952395,10.7176043785263
CC1=CC=NCN(C=N)N=N1,32.029,30.3470020294189,38.259,16.2837502287044,20.6800961096241
C#CC(C#N)NCC1CC1,41.819,32.4489364624023,38.261,9.29928647970518,15.1905688236003
CC1NNC(N)CC1C#N,25.33,30.7412147521973,38.269,33.8106561446602,19.6707132347401
CCC1NNC(N)C1C,38.076,34.3577117919922,38.285,0.54590570719602,10.2580337155748
CNCC(O)C[N+](C)=[N-],42.171,34.7643203735352,38.301,10.1041748257226,9.23390936650428
CCN(C)COCC=O,,,38.31,,
NCC1=NC(O)C=NN=NN1,32.675,31.7613677978516,38.325,14.7423352902805,17.126241884275
COCNNCNCO,29.902,28.7193813323975,38.373,22.0754176113413,25.1573206879902
C1=NCNCNNN=NON1,34.433,31.4248580932617,38.374,10.2699744618752,18.1089850073964
CCC1=NN(N)N=CN1C,32.674,31.0222625732422,38.379,14.8649000755622,19.1686532394221
CCC1=NN(N)N=CN1C,,,38.379,,
CCCC(C)C(N)O,39.748,36.249080657959,38.392,3.53198583038133,5.58168197030893
C#CCCC(N)C1CC1,41.819,33.4856185913086,38.405,8.88946751725036,12.8092212177878
CC(CN)C(C)NN,38.076,34.9579849243164,38.405,0.85665928915506,8.97543308340998
C#CC1=NN=C(N)NNNN1,31.618,31.2237644195557,38.418,17.7000364412515,18.7262105795312
CNCC1(O)CCC1N,41.819,33.1442832946777,38.418,8.85262116716124,13.727202627212
CNCC1(O)CCC1N,,,38.418,,
CCC(CN)N(C)C,,,38.463,,
CON(N=CNN)NN,35.022,34.2043533325195,38.463,8.94626004211841,11.0720605971466
NC1CC2CCCCCN12,25.33,30.3530731201172,38.468,34.153062285536,21.0952658830269
CCC1CN(N)NC1C,41.004,33.2625427246094,38.47,6.58695087080842,13.5364109056163
CCC(CCC#N)OC#N,41.819,34.8711891174316,38.5,8.62077922077923,9.42548281186598
CC1CCC(N)NC1N,38.076,34.2684097290039,38.518,1.14751544732333,11.0327386442601
N#CC(NN)C1CCCC1,38.076,34.9035682678223,38.541,1.2065073558029,9.43782395936197
COCNNCNNO,34.433,31.8861541748047,38.565,10.714378322313,17.3184126155719
CC1NC2C1CCN2NN,42.171,30.771276473999,38.581,9.30509836447992,20.2424082475856
NN1N=CC(O)=NN=NNN1,32.029,31.6980113983154,38.583,16.9867558251043,17.8446170636928
CC(CN)C(N)CN,38.076,35.2508430480957,38.609,1.38050713564195,8.69786047787899
CCC(C)C(N)NN,38.076,34.710693359375,38.623,1.41625456334308,10.1294737348859
CCC1=CN=NN2CC2CO1,29.52,31.0040016174316,38.638,23.5985299446141,19.7577472502935
CCC1=CN=NN2CC2CO1,,,38.638,,
CC1C=NN=NN(C=O)N=N1,32.675,32.5082817077637,38.662,15.4854896280586,15.9167096690194
CC(C)(C)CNNN,38.076,34.9458198547363,38.709,1.63527861737581,9.72171883867758
CC1=C(N)NN(CN)N=N1,38.076,34.5629692077637,38.723,1.67084161867624,10.743048813977
CC1=CN=NCNC=C1N,31.619,32.7026176452637,38.741,18.3836245837743,15.5865423059196
CC1CCC(N)C(N)C1,42.171,34.3832397460937,38.746,8.83962215454498,11.2598984512112
C#CC1(CNNC=N)CN1,32.675,31.6488075256348,38.747,15.6708906495987,18.3193343339232
CC(CCN)C(N)N,38.076,36.4293441772461,38.79,1.84068058778035,6.08573297951508
CCCC(N)(O)CN,39.748,36.2898559570313,38.806,2.42745967118489,6.4839046615696
CC1=CN(CN)N(C)N=N1,38.076,35.0051460266113,38.807,1.88368077924086,9.79682524644704
CNCC(=N)C1=CCCC1,41.819,31.5369338989258,38.81,7.75315640298892,18.7401857796295
CC1CCN(C)C(C)C1,41.819,31.5843353271484,38.814,7.74205183696605,18.6264354945422
C#CC(CN)NNNN,38.076,36.0258865356445,38.877,2.06034416235821,7.33367663234176
C#CCCC(COO)=NC,25.33,33.4508399963379,38.926,34.927811745363,14.0655603032988
CONCN(NN)NN,35.416,35.3229904174805,38.935,9.03814049056121,9.2770247400013
CCC1=NN=NNC(=N)N=N1,32.029,32.5249290466309,38.965,17.8005902733222,16.5278351170771
CCC1=NN=NNC(=N)N=N1,32.029,32.5249290466309,38.965,17.8005902733222,16.5278351170771
OCCC1=CN=CC=CC=N1,27.034,34.1512336730957,39.013,30.7051495655294,12.4619135337049
C#CC(CC=N)CCC,,,39.023,,
CCCN(N)NC1=CC1,41.819,32.5756149291992,39.026,7.15676728334956,16.5284299461918
Cc1cncn[nH]nc(O)n1,32.029,30.8500442504883,39.061,18.0026113002739,21.0208539195405
CCNN1CCCCN=N1,25.33,31.4962730407715,39.085,35.1925291032365,19.4159574241487
CC1=CC2=NN2CCN=CC1,27.034,31.2521686553955,39.122,30.8982158376361,20.1161273569973
CCCC(C#N)CNC,,,39.129,,
CCCc1nnn(N)c1C,41.004,32.7206497192383,39.129,4.79184236755348,16.3774956701211
COCC(NO)NNN,36.569,38.9073944091797,39.139,6.56634047880631,0.591751426506301
CC1C2CCN(NN)NC12,41.819,30.8679504394531,39.156,6.8010011237103,21.1667421609636
CCC(C)(C#N)NNN,38.076,34.6131477355957,39.167,2.78550820844078,11.6267578941566
CCCNONNNN,38.076,34.5338592529297,39.19,2.8425618780301,11.8809409213327
CCCC(N)C(C)N,38.076,35.9063606262207,39.215,2.90450082876451,8.43717805375316
C=CNC(N)C(=N)CC,36.111,38.2391815185547,39.219,7.92473036028457,2.4983260191369
CCC(C)CCCN,38.076,35.4139060974121,39.236,2.95646854929146,9.74129346158603
CC1CCCCOC(=N)C1,,,39.264,,
CNCNC1CCCC=N1,25.33,31.2074546813965,39.277,35.5093311607302,20.5452181139178
CC1CCC=COOCC1,,,39.291,,
NC1C2CCCCCC1C2,25.33,31.013053894043,39.293,35.5355915811977,21.0723184942789
CC1=C(CNN)N1CN,38.076,34.9389152526856,39.301,3.11696903386683,11.0991698616178
CN1C(CN)CC1CN,41.819,32.4854049682617,39.303,6.40154695570314,17.3462459144042
CCCC(C)C(N)N,38.076,36.7121734619141,39.344,3.22285481903213,6.68927037943753
CC1C2=C(CN)NCCC21,25.33,28.0784606933594,39.346,35.6224266761551,28.637064267373
CCCCC(=N)N(C)C,,,39.364,,
NC1=CN=NCN=NN=C1N,41.819,37.4860610961914,39.366,6.23126555911193,4.77553956157242
CNC1(C=N)CCNNC1,41.819,30.1996173858643,39.39,6.16653973089617,23.3317659663257
CNCNOC1=CCCC1,41.819,28.2878227233887,39.414,6.10189272847212,28.2289980124101
CC(CC#N)CCCN,38.076,35.5794334411621,39.415,3.39718381326906,9.73123571949232
CC1CCCCNC(=N)N1,26.196,34.5509796142578,39.425,33.5548509828789,12.3627657216036
CC1=CN=C(N)C(C)=CC1,41.675,32.9027519226074,39.426,5.70435753056358,16.5455488190347
CC1=CN=C(N)C(C)=CC1,,,39.426,,
CCCC(CN)CC#N,25.33,33.3300552368164,39.452,35.7953969380513,15.5174509864737
CCC1NC(N)CC1C,30.119,28.6769981384277,39.454,23.6604653520556,27.3153593084917
CCC1NC(N)CC1C,,,39.454,,
C=CC1CC(C)CCOO1,,,39.455,,
CCCC(C#N)CCN,38.076,37.0595474243164,39.455,3.49512102395133,6.07135363245115
CC1C=NN=NN(C=N)N=N1,30.229,32.2991027832031,39.461,23.3952510073237,18.1493049258683
ONC1=NC(O)=CN=CCN1,31.619,32.1630249023437,39.498,19.9478454605296,18.5704974876103
CCCNNC(=N)NC,41.819,32.8918914794922,39.524,5.80659852241676,16.779952738862
C#CC1NNNC(N)C1C,42.171,35.0558815002441,39.527,6.68909859083664,11.311555391899
CC1CCCN=NC=C1C#N,36.102,32.8589019775391,39.545,8.70653685674549,16.9075686495408
C#CCCN(C#N)CCC,27.034,36.0620727539062,39.553,31.6512021844108,8.82594808508532
CC1NNNNNCC1O,32.029,34.3012619018555,39.557,19.0307657304649,13.2864931570759
Cn1n2n1CCCCCC2,42.171,28.3099422454834,39.564,6.58932362754019,28.4451970339617
CC1(CCCOO)CC1,,,39.568,,
CN1CCCCNC1C=N,41.004,33.5292625427246,39.568,3.62919530934088,15.2616696756859
CNNN1C2CCC(C)C21,25.33,33.0241394042969,39.592,36.0224287734896,16.5888578392178
CCCC(C)CNC#N,38.076,35.3227653503418,39.594,3.8339142294287,10.7875805668995
Cc1cnnn[nH][n+]([O-])nn1,32.029,31.6015777587891,39.615,19.149312129244,20.2282525336638
N=CNNNNNNNN,37.78,35.4964637756348,39.624,4.65374520492631,10.4167580869301
CCC1(CNNN)CC1,41.819,33.3302536010742,39.664,5.43313836224284,15.9685014091514
C#CC(CC=C)CCN,41.819,34.6241264343262,39.665,5.43048027228036,12.7086185949169
CCN(CCC#N)OC=N,41.819,34.6345138549805,39.668,5.42250680649391,12.6890343476341
C#CCCCC(C#C)C#N,,,39.678,,
CC(C)C(C)C(N)N,38.076,37.8086929321289,39.68,4.04233870967742,4.7159956347558
CC1CCC(C)(N)CC1,41.819,31.260290145874,39.68,5.39062500000001,21.2190268501159
CN1CCCC(NC=N)C1,41.004,33.5712013244629,39.702,3.27943176666163,15.4420398859934
CNNC1C2CCC1C2C,25.33,29.711311340332,39.716,36.2221774599658,25.1905747297512
CCCC(C#N)C(N)N,38.076,35.6719512939453,39.733,4.17033699947146,10.2208459115967
CC1CCC1C(C)NN,25.33,29.6317863464356,39.774,36.3151807713582,25.4996069129693
CCC1=NCN=NC=CN1C,35.551,32.3026809692383,39.778,10.6264769470562,18.7925964874094
CCC1=NCN=NC=CN1C,,,39.778,,
CCCC1CCC(C#N)C1,25.33,31.6625709533691,39.779,36.3231856004425,20.4038036316421
CCC(N)C1CCC(=N)O1,25.33,29.6323394775391,39.784,36.3311884174543,25.5169427972574
CCC(N=NNN)NC,38.92,35.8830108642578,39.798,2.20614101211116,9.83715044912358
CCNCNNCNO,31.744,34.1906585693359,39.806,20.2532281565593,14.1067714180377
NCNCC1CC2CCC21,25.33,31.3032989501953,39.851,36.4382324157487,21.4491507109099
CN(C)C(CO)OCO,,,39.865,,
CCCCc1[nH]ncc1C,25.33,31.5523376464844,39.893,36.5051512796731,20.9075836701065
N=CC(CCN)CCO,38.076,34.8373641967773,39.917,4.61207004534409,12.725494909995
CN(C)C#CCCCO,,,39.93,,
CCCC(N)NNC=N,39.748,36.3197898864746,39.964,0.540486437794,9.11873214274196
CC1N=NC(N)NNC1N,36.102,33.7294273376465,39.983,9.7066253157592,15.6405789019171
CC1C2CNCC(N)CC12,42.171,31.7923393249512,40.009,5.40378414856657,20.5370308556795
C=CC(CC)C(O)OO,32.625,30.2104682922363,40.023,18.4843714863953,24.5172318610891
CC1NNCC2NC1C2C,41.819,31.232292175293,40.023,4.48741973365315,21.9641401811633
CC1=CC(O)=NNNN=CC1,42.171,35.5479049682617,40.071,5.24069776147339,11.2877019084582
CC1=CC(O)=NNNN=CC1,,,40.071,,
CCC1=NC=NN=CC=C1C,42.171,30.6282749176025,40.091,5.18819685216133,23.6031156179629
CCC(C)NC(=N)OC,36.102,34.3811149597168,40.12,10.0149551345962,14.3042997016032
CC1=C(N)NNN=N1.N,30.229,33.1817131042481,40.129,24.6704378379725,17.3123847984049
CC1CC1(N)NCNN,38.076,34.5188217163086,40.141,5.14436610946413,14.0060742973304
CCCC(=N)CCNN,38.076,35.0772590637207,40.198,5.27886959550226,12.7387953039437
Cc1cnnnnnnnc1N,42.171,31.5118751525879,40.208,4.88211301233586,21.6278473125052
C#CC(C#N)NCCNN,41.819,33.3822555541992,40.216,3.98597573105232,16.9926010687309
CC1(COCOO)CCO1,,,40.216,,
CNCC(C=N)NCC#N,42.171,33.176872253418,40.276,4.70503525672856,17.6261985961416
C#CC(CCN)CCO,,,40.313,,
CC=NC(CCO)NC,30.985,30.9740219116211,40.331,23.17324142719,23.2004614028388
C#CC(CO)CCCN,,,40.34,,
CCCOCN(C)CO,,,40.36,,
CCCc1nnnoc1=NC,42.171,32.9992446899414,40.362,4.48193845696447,18.2417999852797
COCNC(CN)NN,38.631,35.0324554443359,40.368,4.30291319857313,13.2172625734842
CCc1cnnnc1CNC,25.33,34.0486335754394,40.382,37.2740329849933,15.6836373249482
CCCN(C)COCO,,,40.39,,
CC1=CC=NNNN(C)N=N1,26.196,33.0889892578125,40.393,35.1471789666526,18.0823675938591
NNNC1CCCCNC1,41.004,32.6652526855469,40.412,1.46491141245174,19.1694232268957
NNNCC1CCCCN1,41.819,33.8123893737793,40.497,3.26443934118577,16.506434121591
CC1(CC=O)CCCCC1,,,40.507,,
CC1CC2CN=NNCCC12,42.171,31.3538208007812,40.531,4.0462855592016,22.6423705292709
CNNC12CCC1C(C)N2,25.33,28.4714870452881,40.539,37.5169589777745,29.7676631261548
NCCC1=NCCCCC1,41.819,32.8996124267578,40.553,3.12184055433631,18.8725558485
CCC(N)(CC)CC#N,41.819,34.7976684570312,40.582,3.04814942585383,14.2534412867005
CCC1CNC1(C#N)NC,25.33,30.470027923584,40.618,37.6384854005613,24.9839284957802
CCC1CNN(C=N)C1C,39.8,33.7630577087402,40.632,2.04764717464068,16.9052527349375
CCC1CNN(C=N)C1C,,,40.632,,
CC1CN=NC(N)NC1C,36.102,32.7959632873535,40.64,11.1663385826772,19.3012714385987
NNCCC1=CCCCC1,25.33,28.6042976379394,40.661,37.7044342244411,29.6517605618667
CC(COO)COOC=O,,,40.663,,
CN1CCC1C(C)(C)N,,,40.697,,
CCC(O)OCCNC,,,40.753,,
CC1N=NC1(C)NNNN,36.102,32.8693313598633,40.758,11.4235242161048,19.3548963151693
CCCC(C=N)CNC,39.748,36.0882873535156,40.763,2.49000318916663,11.4680289637279
CC1=CNNNNN=NCN1,32.675,33.6787109375,40.784,19.8827971753629,17.4217562340624
CCC1C(CN)C1NC,35.551,31.3528385162353,40.792,12.8481074720533,23.1397369184269
CCC1C(CN)C1NC,,,40.792,,
N=CNNNCNNNN,32.703,34.0890350341797,40.793,19.8318338930699,16.4341062579862
CC1C=NN=NNC=NCN1,31.619,32.7062835693359,40.798,22.4986518947007,19.8336105462623
CC1C2CC(NCCN)N12,42.171,31.4896621704102,40.803,3.3526946548048,22.8251300874686
CCCc1nnnnc1CC,41.819,32.1849365234375,40.866,2.33201194146724,21.2427530870712
CCCC(C)(C#N)CN,41.819,32.7310333251953,40.89,2.27194913181708,19.9534523717405
CCCC1(NC#N)CCC1,26.169,31.0236587524414,40.918,36.0452612542157,24.1809014310538
CCCC1(NC#N)CCC1,,,40.918,,
C#CCCN(C#N)NCC,25.33,32.7350082397461,40.935,38.1214119946256,20.0317375357369
C#CCCN(C#N)NCC,,,40.935,,
CN=C(OCN)C(C)C,25.33,33.6557464599609,40.945,38.136524606179,17.8025486385129
CCCC(=N)NCCN,38.076,38.0202713012695,40.946,7.00923167098129,7.14533458391663
C#CC(N)(CN)CNC,42.171,32.9711608886719,40.98,2.90629575402636,19.5432872409177
CCCC1NC(C=O)N1C,41.819,31.3438262939453,40.994,2.01248963262917,23.5404539836432
CCCC1NC(C=O)N1C,,,40.994,,
CCCn1nnc(C=N)c1C,37.993,33.5704307556152,41.032,7.4064145057516,18.1847563959466
CCCn1nnc(C=N)c1C,,,41.032,,
CCCC1=NN=NC(C)=NC1,42.171,31.6183662414551,41.054,2.72080674233935,22.9834699628414
C1CCCC2ONN2CCC1,41.819,30.6311073303223,41.079,1.80140704496215,25.4336587299537
CN1CCCNNC(N)C1,25.33,33.8073997497559,41.096,38.3638310297839,17.7355466474696
CCNN1N=NN=CC=C1C,25.33,35.0465469360352,41.136,38.4237650719564,14.8032211784442
CCCC1(CC)NC1N,26.169,32.7151641845703,41.137,36.3857354692856,20.4726543389885
CCCC1(CC)NC1N,,,41.137,,
CC1C2C(NNCNN)C12,25.33,29.5376586914062,41.198,38.5164328365455,28.3031732331516
CCCNCCNNN,36.453,34.8058471679687,41.203,11.5282867752348,15.5259394510868
CCC(C#CN)CNC,,,41.222,,
C#CC(CNN)C1CCC1,26.196,31.3636817932129,41.271,36.5268590535727,24.005520115304
CN(C=NCC=O)CCO,,,41.294,,
CC1(C=COCOO)CC1,,,41.336,,
Nc1ncc(O)nnnnnn1,32.675,31.059196472168,41.369,21.0157364209916,24.921568149658
CC1CCC1C(O)NC=N,41.819,32.9933853149414,41.37,1.08532753202805,20.2480412981837
CCC1CC(C#N)C1CC,42.171,33.8422927856445,41.377,1.91894047417647,18.209892487023
COC(OO)OOCCO,,,41.399,,
CC1CCCC2NNNCC12,41.819,29.0846843719482,41.414,0.977930168542042,29.7708881732066
CC(CCO)N(C)OO,,,41.443,,
CCNN1CCC(N)NC1,25.33,30.2457790374756,41.487,38.9447296743558,27.0957672584771
CC1(COCO)CCCC1,,,41.497,,
CC1CCN(NN)NC1N,38.076,34.5705795288086,41.513,8.27933418447233,16.723485344811
CC1CCOC1CCCO,,,41.562,,
C#CC(CCC)CCN,41.819,34.5119857788086,41.608,0.507114016535295,17.0544467919424
COCNNCCN=NN,39.336,36.1081581115723,41.625,5.4990990990991,13.2536742064329
CC1CC1NNNNNN,38.076,34.2839317321777,41.703,8.69721602762392,17.7902507441247
CNCC(CO)CCN,,,41.707,,
C#CC(C#CCO)CCO,,,41.724,,
CCCC1=NN(C)C=CN=N1,25.33,29.7161178588867,41.729,39.2988089817633,28.7878505143025
CC1=CC2=NN2CCCCC1,25.33,32.5768280029297,41.741,39.3162597925301,21.9548453488663
C#CC(CCOO)OCO,,,41.747,,
CCC1CC1(C#N)CNC,26.196,30.4805641174316,41.783,37.3046454299595,27.0503216202006
CC1CCC(NCN)CN1,26.196,29.2841758728027,41.81,37.3451327433628,29.9589192231459
NNCCNC1CCCC1,41.819,33.3087692260742,41.829,0.023906858877807,20.3691954718635
CC1(C#CCCO)CCC1,,,41.839,,
CC1CCCC(OO)CC1,,,41.859,,
CNC(=N)NNNNNN,39.351,39.4512901306152,41.927,6.14401221170129,5.90481043095094
CNNC(CN)N(C)C,,,41.949,,
C#CC(CCCC)NC#N,42.171,31.2592868804932,41.973,0.47173182760346,25.5252498499197
CCN1CCCC(C)NN1,25.33,31.6397705078125,42.007,39.7005261027924,24.6797664488954
CC(CCO)NN1CCN1,38.076,34.4416313171387,42.046,9.4420396708367,18.0858314295327
CC1CCCNNNC1C,36.102,35.2135581970215,42.105,14.2572141075882,16.3672765775525
COCC(CO)CCC=O,,,42.121,,
CCOC(=O)CCCOC,,,42.145,,
CN(N)NC1CCCN1C,42.171,26.8595371246338,42.154,0.040328319969626,36.2823525059691
CN(N)NC1CCCN1C,,,42.154,,
CC1CCCCN1N(C)N,25.33,32.8134117126465,42.155,39.9122286798719,22.160095569573
C#CCNC(C#C)CNN,,,42.158,,
CC1CCC(N)NNC1N,38.076,34.5006599426269,42.163,9.69333301710029,18.173137721161
NC1=NC(O)C=NC=NN=N1,31.619,30.6672229766846,42.197,25.0681328056497,27.3236889430893
