,SMILES,cv,class,train_tsne1,train_tsne2
0,C#CC(N)C(C#N)CO,36.165000915527344,2.0,-22.860918,-0.02023457
1,COC1(C(N)=O)CCC1,36.19499969482422,2.0,-20.814327,15.319293
2,C#CCn1ccc(N)c1,33.321998596191406,2.0,24.382399,-14.591142
3,CC(O)C(C)C1OC1C,39.99399948120117,3.0,-30.130636,3.4896142
4,CCC(=O)C1CC1CC,38.26499938964844,3.0,-26.266819,-4.808447
5,CC#CC(O)C1CO1,30.722000122070312,1.0,23.831419,-13.458899
6,N#CCC(O)CC=O,30.17099952697754,1.0,-6.3806868,-19.255342
7,c1cc2cc[nH]cc-2c1,26.569000244140625,1.0,43.9279,2.8510592
8,C1=CC2C3COC1CN23,26.66900062561035,1.0,6.2826724,19.357813
9,CC12CC1(C)C(C#N)O2,33.40800094604492,2.0,-14.3328085,20.029524
10,C#CC(=O)C(C#N)CC,34.12900161743164,2.0,-22.098581,15.0181465
11,C#CC(O)C(C)(O)CO,39.928001403808594,3.0,-28.240992,12.471333
12,CC(C)C1C2OCOC21,33.637001037597656,2.0,-4.6682925,-0.062751465
13,O=c1[nH]nn[nH]c1=O,21.957000732421875,0.0,43.4011,0.8374976
14,CC1(C2C3CCC32)CC1,34.83000183105469,2.0,-12.048014,20.371836
15,c1cnc2c(c1)COC2,25.697999954223633,0.0,20.411062,-0.60848695
16,C#CC1=C(CC)COC1,34.24700164794922,2.0,-8.858282,-5.339206
17,CCOCC(C)C(C)=O,40.06800079345703,3.0,-30.160704,-15.137863
18,CC12C=CCC(=O)C1N2,31.18400001525879,1.0,-12.27501,21.688065
19,CC1Cc2nocc2O1,27.743999481201172,1.0,37.114758,-11.506327
20,C1=NC2CCN=C2N1,23.351999282836914,0.0,12.879584,-0.46998498
21,CC(CO)C1(O)CC1C,40.75699996948242,3.0,-24.107264,-4.83884
22,O=C1CC2N=COC12,22.746000289916992,0.0,11.914473,0.8956151
23,CC1OC2CC3OC1C23,28.8700008392334,1.0,3.1051676,5.4813633
24,Nc1cc[nH]c(=O)n1,25.445999145507812,0.0,42.099907,-1.0349339
25,CCC1(C)OCC12CC2,37.422000885009766,3.0,-12.639145,1.0319567
26,Nc1c[nH]c2nncn12,27.37700080871582,1.0,43.397102,2.6442618
27,CCn1ncnn1,21.349000930786133,0.0,45.779896,-5.280742
28,C1=CC2C3OCC1C23,23.125,0.0,11.399284,14.8962965
29,CCC1=CC(=O)C(=O)C1,31.451000213623047,2.0,-9.409951,2.880354
30,CCC1COCCOC1,35.21799850463867,2.0,-9.260188,-19.765598
31,CCc1onc(O)c1C,33.40999984741211,2.0,31.427023,-8.271245
32,NC1=NC2CC2C1=O,25.93600082397461,0.0,10.681089,-3.3001404
33,O=C1OC2C3CC2C13,21.740999221801758,0.0,10.803661,16.52106
34,CC1C=CCC1C(N)=O,34.66699981689453,2.0,-16.719103,3.5503225
35,CC1C(O)C(O)C1(C)C,40.220001220703125,3.0,-29.005455,6.9220304
36,COC12C3CC1C2C3C,33.23099899291992,2.0,-3.06692,10.75628
37,N#CC(N)C(C#N)CO,34.1510009765625,2.0,-16.635855,2.1706321
38,N=c1nn[nH]c(=O)[nH]1,22.81999969482422,0.0,44.033733,-0.32605916
39,OCC12CC1C1CN12,27.922000885009766,1.0,11.646467,-0.32875258
40,C#CC1(OC)CCC1=O,34.029998779296875,2.0,-7.6401644,-4.269515
41,CC1CC=C(C#N)C1C,34.117000579833984,2.0,-13.503976,-4.392497
42,COC1OC(C)C=C1C,35.85200119018555,2.0,-11.616322,-16.387486
43,c1noc(C2CO2)n1,21.802000045776367,0.0,31.291948,-15.794738
44,N#CC12NC1C1OCC12,26.76799964904785,1.0,2.8477497,23.88453
45,C#CC12C(=O)CC1C2C,32.933998107910156,2.0,-5.9709234,14.164021
46,O=C1NCCOCO1,25.322999954223633,0.0,12.871153,-7.0728593
47,Cc1ncc(N)nc1F,30.035999298095703,1.0,36.350704,-6.8075743
48,Nc1nc(O)n(C=O)n1,28.475000381469727,1.0,38.83076,0.70464265
49,CCC12C=CCCC1N2,34.07500076293945,2.0,-8.022897,1.460791
50,O=CCC1(O)CNC1=O,31.656999588012695,2.0,-3.3418143,-3.4286008
51,CC(O)C1(O)CC1(C)C,41.43899917602539,3.0,-28.995121,4.885253
52,N=c1cc(F)cc(N)o1,29.70199966430664,1.0,38.25876,0.9577842
53,Cc1nc[nH]c(=N)n1,25.28499984741211,0.0,41.912373,-0.9919618
54,CNc1nn[nH]n1,21.72800064086914,0.0,45.32327,-7.116005
55,c1occ2c1COC2,22.79599952697754,0.0,26.823112,-1.6454165
56,C#CC1NC1COCC,36.250999450683594,3.0,-10.598079,-4.425536
57,C1Cc2nonc2N1,22.375,0.0,47.720184,-6.1536283
58,O=CCC1OCOC1=O,28.652999877929688,1.0,-2.5652747,-16.075668
59,CC1CN=C(C=O)O1,26.878999710083008,1.0,-0.22535484,-9.143058
60,N#Cc1cnc(=O)on1,24.384000778198242,0.0,30.768866,-14.122417
61,Cn1nncc1O,22.53700065612793,0.0,44.063618,-6.506308
62,Cn1ccnc(F)c1=O,27.683000564575195,1.0,32.79793,-12.492025
63,CC(=O)N1C2C3CC2C31,29.785999298095703,1.0,-1.2542723,24.404032
64,NC(=O)c1noc(=O)[nH]1,27.575000762939453,1.0,42.08526,2.5154488
65,CCC(COC)C1CC1,39.73699951171875,3.0,-16.969831,-12.462068
66,CCC#CC1NC1C,33.0620002746582,2.0,-4.084416,-18.187458
67,CN1C=NCC1=N,23.441999435424805,0.0,23.409134,-6.63852
68,NC1=C(C=O)C2CN2C1,30.839000701904297,1.0,-10.412072,16.279932
69,CCC1CC(C)(CC)O1,40.03499984741211,3.0,-25.55355,-6.7196946
70,Cc1occc1O,24.39299964904785,0.0,39.742508,-8.426171
71,C1C2C3C4C(C5C1N54)N23,24.406999588012695,0.0,2.7882648,27.781271
72,CN1C2C3CC(C3)C21,26.930999755859375,1.0,9.455721,23.39008
73,CC#CC1(C)CC1CC,40.14899826049805,3.0,-24.537405,-13.9210005
74,CCCC1CC2(C)OC12,36.909000396728516,3.0,-9.944797,-3.9371843
75,CCC1CCC=CCO1,35.49800109863281,2.0,-10.8137045,-17.815187
76,N#CC1CC1NCCO,34.56800079345703,2.0,-9.493027,1.6946312
77,CC1CCCC(C)(O)C1,39.117000579833984,3.0,-25.000835,-6.907394
78,OC1CNc2[nH]nnc21,27.88800048828125,1.0,43.686672,5.227865
79,CC1CCc2nnoc21,29.304000854492188,1.0,35.221058,-13.759168
80,Cn1cccc1C=O,26.520999908447266,1.0,37.970085,-8.293584
81,OC12CC1C1CC12,24.472999572753906,0.0,20.824457,-4.3386188
82,O=CCCCO,24.408000946044922,0.0,19.969917,-9.339107
83,CN=c1[nH]c(C#N)no1,28.746000289916992,1.0,41.868896,3.2948148
84,CC(O)C#CCCC#N,36.10499954223633,2.0,-12.6891775,-20.452961
85,C1=Cc2ncoc2CC1,26.1560001373291,0.0,24.45708,-2.7365222
86,COC(C)(C)C1(O)CC1,40.48699951171875,3.0,-30.024052,16.49179
87,O=CN1CC2NC(=O)C21,27.57900047302246,1.0,-1.3404051,25.763475
88,NC(=O)N1CC=CCC1,32.11199951171875,2.0,-6.2766857,-0.044059835
89,C#CCC1(C)OC1C#C,35.7599983215332,2.0,-13.144314,-0.40928322
90,C#CC1CC(CC)C1O,36.97700119018555,3.0,-14.373375,-9.036022
91,CCC1CCCC1CC,39.48500061035156,3.0,-14.06732,-21.050596
92,c1nn2c3c1CNC3C2,25.368999481201172,0.0,17.80591,-2.7144492
93,CCC1C(=O)CCC1C,36.69499969482422,3.0,-15.799105,-12.927333
94,O=c1cnoc(F)c1F,24.642000198364258,0.0,36.320057,-11.948234
95,CC(O)C1CC1OC=N,36.23899841308594,3.0,-14.443363,-5.3206143
96,CC#CC1=CC(O)CC1,34.45500183105469,2.0,-14.527805,-2.746879
97,CC1CC1CCCCO,40.24700164794922,3.0,-30.54942,-0.22092405
98,O=CCCC(=O)N1CC1,32.72600173950195,2.0,-10.331675,-2.9930787
99,N#CC1CC2CC3C1N23,27.08300018310547,1.0,7.2168474,18.301947
100,CCOCC1(C)OC1C,39.40700149536133,3.0,-24.099125,-19.647144
101,N=C(CC1CN1)NC=O,32.05500030517578,2.0,-5.867185,-1.3716836
102,COC12C(=O)CC1C2C,33.874000549316406,2.0,-7.1565475,11.787808
103,COc1c(N)c[nH]c1C,36.112998962402344,2.0,-20.398758,25.165482
104,CC1(O)CC12COC=N2,32.10900115966797,2.0,-8.250554,18.928125
105,CCC12CC(CC1C)O2,35.24800109863281,2.0,-8.019589,-3.9046285
106,C1N=C2OCC2N2CC12,26.884000778198242,1.0,3.9005451,23.655499
107,CC1OC(=O)CNC1=O,30.281999588012695,1.0,-1.6408103,-5.2625117
108,CC12CC=CCC1(C)C2,35.95800018310547,2.0,-24.754728,20.12831
109,CCC12CC1OCCO2,33.650001525878906,2.0,-2.0693414,-15.140367
110,O=C1OC2CC2C1CO,29.395999908447266,1.0,-2.01793,-2.639999
111,CC1C(N)C2(C#N)NC12,32.915000915527344,2.0,-17.101694,22.458231
112,O=c1nc(O)nco1,21.292999267578125,0.0,42.53166,-12.549658
113,OCC1C2C3CN1C32,26.413999557495117,1.0,12.503017,-1.1184165
114,CN=c1ccoc(C)c1,32.09000015258789,2.0,28.236195,-12.374754
115,CC(C)C1CC1C,32.439998626708984,2.0,-3.052927,-18.553331
116,CCCOCCCC#N,37.67300033569336,3.0,-11.711278,-19.352137
117,Nc1cnnc(F)c1,24.332000732421875,0.0,41.996075,-9.915283
118,C[NH+](C)CC(C=O)=N[O-],35.04399871826172,2.0,-19.988045,21.9262
119,C1OC2C3C2N2C1C32,22.320999145507812,0.0,7.2364936,26.595547
120,CC1(C)COC12COC2,34.39500045776367,2.0,-6.4370885,-2.171522
121,CC1OC1C1CC1O,31.214000701904297,1.0,-2.6313987,-18.37621
122,CC(O)C(O)C1CN1C,39.47999954223633,3.0,-27.950338,-1.3841242
123,CC(C)(C#N)OC1CC1,36.7130012512207,3.0,-17.619614,4.7684693
124,C#CC(C(=O)[O-])[NH+](C)C,35.49800109863281,2.0,-20.516184,24.537756
125,N#CC1CCC1(O)C#N,31.170000076293945,1.0,-5.2068853,-0.3031754
126,C1C2OC3C2CN2C1C32,24.95199966430664,0.0,0.9760626,29.476881
127,CC12CC1CCO2,25.46500015258789,0.0,22.841478,-6.150704
128,CCCCC(C)C=O,36.11399841308594,2.0,-20.596905,-20.653921
129,CC12COC1(CC#N)C2,32.40700149536133,2.0,-9.528306,22.335167
130,CN=C1COC(=O)O1,24.834999084472656,0.0,20.73261,-12.92151
131,NC(C=O)=NCC1CC1,34.45800018310547,2.0,-13.839371,-1.6230633
132,N#CC1CC2CC(=O)N12,27.72599983215332,1.0,-1.7836418,26.585331
133,OC1C2C3COC2C13O,29.884000778198242,1.0,2.2851024,7.14398
134,O=C1CNCCO1,22.586999893188477,0.0,17.735823,-5.1532345
135,O=CCC1CN1,21.43600082397461,0.0,20.058552,-3.8741488
136,CC1CN2CC(=O)C12C,33.994998931884766,2.0,-9.813646,13.575188
137,N#CC1C2CC3C2N13,23.18600082397461,0.0,11.934177,15.24378
138,N=C1CC2C3CC(O1)C23,27.840999603271484,1.0,-3.2413898,25.668283
139,Cn1ccc(=O)cc1O,30.44499969482422,1.0,30.733696,-12.227147
140,CC1(C)C(O)C2NC21C,37.66699981689453,3.0,-20.166721,14.752885
141,C1OC2C3C4OC3C24O1,24.93600082397461,0.0,3.826449,25.854927
142,N#CC(CO)COC=N,33.805999755859375,2.0,-10.58236,-13.871879
143,CCC1(OC)CC1(C)C,41.858001708984375,3.0,-28.263765,2.7671738
144,O=c1nc(O)c(O)c[nH]1,28.114999771118164,1.0,38.715214,1.527165
145,N#CC(O)CC1COC1,32.63999938964844,2.0,-5.8459415,-4.9581723
146,O=C1CN=C2OCC12O,28.19300079345703,1.0,3.3721783,2.00843
147,OCC12CCC(C1)OC2,32.08000183105469,2.0,-6.6687,4.318969
148,CC1CC=CCC12CC2,34.821998596191406,2.0,-5.9108233,-6.1374903
149,O=c1cc[nH]c(O)c1O,29.138999938964844,1.0,39.16095,3.1862988
150,CN1C2C3CC2C31,22.965999603271484,0.0,19.608755,-1.9377997
151,CCC1N(C=O)C1(C)C,38.33399963378906,3.0,-27.589552,4.4737706
152,C#CC1=C(C)CCC1,31.045000076293945,1.0,-1.6520647,-6.8356333
153,O=c1oncn1C1CC1,27.30299949645996,1.0,24.450016,-9.9271
154,N#CC12CC3C4C(C31)C42,26.100000381469727,0.0,4.6730886,26.470036
155,N=c1[nH]c(=O)occ1N,28.988000869750977,1.0,38.55894,2.614261
156,CCNc1c[nH]nn1,27.802000045776367,1.0,39.63949,-9.927705
157,O=c1cccnc(O)n1,26.20599937438965,1.0,32.586002,-13.808122
158,O=CC#CC1CO1,22.740999221801758,0.0,19.589403,-7.4850965
159,CC1OCC23CC(C2)C13,30.84000015258789,1.0,-5.508617,24.24759
160,CC(C)C1(O)CCC1C,41.097999572753906,3.0,-24.233398,-5.911331
161,O=Cn1cn[nH]c1=O,22.73200035095215,0.0,23.005379,0.39741194
162,c1nnn2c1NCCC2,27.538999557495117,1.0,22.662966,-2.9607885
163,O=COc1ncno1,21.253000259399414,0.0,45.629562,-6.3626547
164,CC1=CCCCC12CO2,33.249000549316406,2.0,-4.2242475,-7.147786
165,OC1CC=C2CCCC21,31.843000411987305,2.0,-0.5960636,-3.205408
166,COC1C2C(O)C1C2O,33.172000885009766,2.0,-3.0679224,-3.711138
167,O=C1COC2C=CC1O2,26.0939998626709,0.0,4.22262,0.65883446
168,COC(C(C)O)C(C)O,41.74100112915039,3.0,-27.811453,-5.819347
169,N#CC1C=CCCCC1,32.257999420166016,2.0,-3.8313417,-5.6642537
170,N=c1nnoc(=O)o1,21.926000595092773,0.0,35.17201,-12.271914
171,CCC1(OC)C=CCC1,37.02399826049805,3.0,-15.6645565,-9.403273
172,C#CC1CC1C(C)CC,39.56100082397461,3.0,-20.63472,-6.443455
173,N#CCC1CC1(O)CO,34.87300109863281,2.0,-15.155124,-7.3445783
174,Nc1nc(F)nc(=O)o1,26.121999740600586,0.0,40.547222,-0.15440916
175,CC1CC2C3C4CC13C24,29.83300018310547,1.0,2.7932456,24.264627
176,CC1C(=NO)CC1C#N,33.15700149536133,2.0,-10.995984,2.327566
177,N#CCNCC(=O)C#N,31.062000274658203,1.0,-1.0883967,-6.836199
178,CC(C)C(C)C1CC1,37.19200134277344,3.0,-22.62235,-18.7093
179,CC1CN2C3C4NC13C42,28.590999603271484,1.0,-0.22792237,25.863686
180,CC(C#N)C12CC(C1)O2,31.55500030517578,2.0,-7.708135,17.088726
181,C#CC(=O)CC#CC,30.97100067138672,1.0,-7.1088233,-15.2542715
182,OCCOCC(O)CO,38.167999267578125,3.0,-20.023815,-18.466051
183,OC1CC2CCC1C2,28.20400047302246,1.0,19.981575,-6.9967327
184,CN(C(N)=O)C(=O)CN,35.67599868774414,2.0,-26.260454,15.479341
185,CC1C(O)C1C(C)(C)C,42.082000732421875,3.0,-30.137215,12.805944
186,O=C1CN=C2NCC2N1,27.832000732421875,1.0,3.0165935,3.5960014
187,CC1(C)CC(N2CC2)C1,37.44200134277344,3.0,-23.126291,15.846126
188,Fc1cncc(F)c1,21.87299919128418,0.0,41.843506,-9.955599
189,Cc1coc(N)c1O,30.06999969482422,1.0,36.517056,-2.6478965
190,CC1C(O)C1NC=O,31.118000030517578,1.0,-3.4535751,-18.485954
191,CC1C2CC=CC12C#N,31.20599937438965,1.0,-2.3315423,6.951549
192,O=c1occnc1O,22.663000106811523,0.0,45.440083,-5.609225
193,O=C(CO)C1(O)COC1,33.24700164794922,2.0,-19.412075,13.129908
194,CCCC(C)OCC#N,38.513999938964844,3.0,-22.768854,-17.815271
195,CC1OC2(C#N)CC12,27.216999053955078,1.0,10.252865,-4.205031
196,C#CC1C(C)C1COC,37.731998443603516,3.0,-24.268482,-9.000034
197,CC1NC1(C)C(=O)CO,37.305999755859375,3.0,-24.210505,17.682909
198,OC1C=C2CC3OC1C23,27.3799991607666,1.0,3.9441586,20.578892
199,C#CC(C)(O)C(C)C=O,39.007999420166016,3.0,-28.69553,13.16858
200,O=CCC1CCC12CC2,34.10100173950195,2.0,-2.322164,-4.129391
201,CCc1cnon1,22.183000564575195,0.0,43.883335,-6.8359723
202,CC(=N)OC1COC1,29.020000457763672,1.0,-2.2468545,-15.676544
203,c1cc2cncnn2c1,23.67799949645996,0.0,46.49789,-11.511644
204,CC1CCC(O)C12CC2,36.237998962402344,3.0,-11.896969,3.1289275
205,Nc1cnc(N)o1,23.545000076293945,0.0,41.142635,-4.738117
206,C1=CC2C3CC4C1N2C43,24.98900032043457,0.0,6.6445355,21.372936
207,C1=CC2Cn3ncc1c32,24.156999588012695,0.0,8.418419,26.259592
208,CNC(=O)CCO,29.341999053955078,1.0,-3.6656277,-16.041775
209,CC1=CC(=O)OC1,22.714000701904297,0.0,26.866035,-14.841479
210,CC(=O)C1C2CC(O)C21,32.50699996948242,2.0,-10.273067,14.521471
211,CC12CC1C=CC2=NO,32.24100112915039,2.0,-3.5237212,9.600916
212,CC1OCC(O)C(C)O1,35.33700180053711,2.0,-13.0220585,-17.481596
213,O=c1onc2n1CC2,22.08099937438965,0.0,25.30317,-0.25948063
214,N#CC12C=CCCC1N2,29.371000289916992,1.0,3.1189833,1.285031
215,Nc1cnc(F)cn1,23.900999069213867,0.0,41.31768,-6.12176
216,FC(F)(F)C1=NCCO1,26.816999435424805,1.0,-2.5553756,21.308395
217,C#Cc1nc(O)no1,23.388999938964844,0.0,34.15297,-15.852387
218,CCC12CC3(C)C(O1)C23,34.138999938964844,2.0,-9.99218,11.796327
219,CC(C)OCC1COC1,37.0359992980957,3.0,-11.220482,-14.809841
220,CCC1(C)CC(C)(O)C1,41.52299880981445,3.0,-29.86413,6.6953063
221,C1C2OC3C2C2C3N12,21.200000762939453,0.0,6.362806,26.21137
222,N=c1cnc(CN)n[nH]1,30.121000289916992,1.0,34.793793,-1.2211139
223,C#CC1C2N=COC12C,30.511999130249023,1.0,2.1495538,2.5914855
224,CC1(C)CC(=O)C1(C)O,38.81100082397461,3.0,-29.51596,14.922365
225,N=c1ncccoc1=O,26.326000213623047,1.0,38.70005,-8.931725
226,OC1COCCCOC1,34.01599884033203,2.0,-7.5323405,-20.3549
227,CC12CC3CC1C1C3C12,29.260000228881836,1.0,-3.8553185,27.490828
228,CCCC(C)(C)OC=O,40.2599983215332,3.0,-30.868866,-14.914141
229,O=c1cncc(F)[nH]1,22.341999053955078,0.0,44.83521,-2.5769775
230,O=c1cccccn1,23.375999450683594,0.0,44.093132,-7.679279
231,C1C2C3C4C5C(C5N23)N14,23.371000289916992,0.0,1.4200553,29.173115
232,N#CC1CC=CCO1,25.989999771118164,0.0,11.117708,-6.6794276
233,C1OCC23CCC2C1C3,29.774999618530273,1.0,2.1819038,6.267297
234,CC1(CC#N)CC1C=O,33.92900085449219,2.0,-14.626515,1.1613036
235,O=CCOc1c[nH]cn1,29.020000457763672,1.0,22.50278,-10.716432
236,N#Cc1cccc(=O)o1,25.726999282836914,0.0,30.002403,-13.898314
237,CC(C)(C)CC(=O)C#N,37.979000091552734,3.0,-27.79094,16.496216
238,Cn1nccnc1=O,23.937000274658203,0.0,41.912457,-3.9713738
239,CN1CC1(CO)CC=O,36.409000396728516,3.0,-16.13147,-13.933433
240,Nc1cnc(F)nn1,23.134000778198242,0.0,41.843334,-7.008072
241,C#CC1(CCC=O)CC1,35.430999755859375,2.0,-16.541578,-6.7459435
242,COCCC(C)C=O,34.34400177001953,2.0,-10.55004,-22.354185
243,CCC1(C(=O)NC)CN1,36.70899963378906,3.0,-20.13759,15.244793
244,CC1(OC=N)C2CC1O2,31.44300079345703,2.0,-6.875397,16.76296
245,CC1C(=N)OCC12CN2,31.851999282836914,2.0,-8.654088,20.524803
246,CCC(O)COC1CC1,38.731998443603516,3.0,-16.473675,-12.409549
247,N#CC12C3C4C(N41)C32N,27.841999053955078,1.0,-2.5277116,26.632765
248,C1OC2C3CC(C3)C2O1,26.743000030517578,1.0,-0.2665087,23.627874
249,OC1CC2C3OC2C3C1,29.530000686645508,1.0,3.6868746,6.376699
250,CC1COCC2C(C)C12,34.891998291015625,2.0,-7.6538515,-4.66306
251,C1=CC2C3C=CC2C1O3,25.458999633789062,0.0,6.5369706,20.291456
252,OCCCN1CC(O)C1,36.72100067138672,3.0,-12.798681,-12.139063
253,CCc1[nH]cnc1OC,33.46799850463867,2.0,31.407536,-6.992935
254,CC12CC3C1OC32,22.934999465942383,0.0,19.644283,-3.1177375
255,O=C1CN=C2OCCC12,26.988000869750977,1.0,3.4969306,2.3923295
256,C#CCC(C)(C=O)CC,39.45899963378906,3.0,-29.165169,2.1827717
257,OC1CCC23CC12CO3,30.780000686645508,1.0,2.03631,7.448742
258,O=CN1C=C2CC3C2C31,26.96500015258789,1.0,1.133872,26.066217
259,CC1OC(=O)C1C#N,25.940000534057617,0.0,22.169056,-12.844489
260,CC(=O)C(O)C(C)CO,39.27299880981445,3.0,-28.680435,11.869612
261,c1cnc2n[nH]cc2c1,23.63800048828125,0.0,46.794662,0.46442458
262,C#CC1=CCC2NC12,26.625,1.0,6.545788,-0.58533794
263,CC1CCOC(=N)C1C,35.2400016784668,2.0,-13.481096,-11.635453
264,CC1=CCC2COCC12,31.363000869750977,1.0,2.7180398,-2.5374143
265,N#CC12CC1CCN2,26.55299949645996,1.0,13.976309,-3.0306463
266,N=c1[nH]ncnc1O,23.506999969482422,0.0,28.347485,-2.9773247
267,C1=CC2CC3CC2CC13,27.400999069213867,1.0,3.541035,24.387197
268,CC(O)C1C(O)C1(C)C,41.43600082397461,3.0,-28.317781,8.50833
269,N#CCC(=O)C#N,22.051000595092773,0.0,23.983759,-11.319391
270,N=COC1C2CCOC21,29.868999481201172,1.0,3.0892181,-1.4777243
271,ON=C1CC2C3CN3C12,29.357999801635742,1.0,3.857706,18.823515
272,CC1(N2CC2)COC1=N,32.77799987792969,2.0,-9.1742935,16.38462
273,CC12CC1(O)C(=O)N2,28.900999069213867,1.0,-8.28454,25.954042
274,C1=CCC2CC(C2)OC1,31.15999984741211,1.0,-4.836002,20.489626
275,OC1CC2C3NC3C12,25.961999893188477,0.0,13.466728,-0.38977042
276,CN1C2COC(C)(C)C21,35.69300079345703,2.0,-21.90654,20.966583
277,OC1CC2OC3C(O2)C13,27.437000274658203,1.0,-4.2482576,29.239323
278,CCC12OC1C(C)C2O,35.90999984741211,2.0,-6.7964325,-4.4032345
279,Cc1nnn(C2CC2)n1,29.333999633789062,1.0,27.419882,-8.436647
280,CC1=C2CC3C2C3C1O,31.41699981689453,2.0,-4.925031,18.5552
281,c1onc2c1CNC2,22.687999725341797,0.0,26.412477,-1.6463448
282,N#CC1(C#N)CN1,21.80900001525879,0.0,15.177629,1.8667536
283,O=C1C2OC3CC2C13,22.25,0.0,10.289014,16.580809
284,N#CC1C2OC1C1OC21,25.333999633789062,0.0,8.521002,20.766174
285,C#CCc1cocn1,25.207000732421875,0.0,36.994793,-12.562836
286,O=C1OC2CC(C2)C1=O,26.618999481201172,1.0,-1.9983481,25.590807
287,CC1C=CCC(O)C1=O,33.30400085449219,2.0,-7.0542073,-4.266224
288,CC12COC3CC1C32C,32.887001037597656,2.0,-4.0943875,10.493605
289,CC(=O)OC(C)CC#N,35.099998474121094,2.0,-27.100876,0.78556675
290,Nc1ocnc1C1CN1,29.413999557495117,1.0,34.60262,-12.386255
291,C1C2CC3(COC13)O2,24.06100082397461,0.0,7.9850197,22.707983
292,N#CC12CC3CC1N32,23.451000213623047,0.0,11.033199,15.4386635
293,CC1=CCCC(=O)N1,28.777999877929688,1.0,-2.5874484,-12.910478
294,CC1(C(=O)[O-])[NH2+]C2CC21,31.302000045776367,1.0,-19.715872,24.320745
295,CCC1CC(O)C(C)O1,37.529998779296875,3.0,-23.426886,-11.011576
296,CC1(CC#N)C=CCC1,33.77799987792969,2.0,-14.431387,2.444104
297,Cc1oc(=N)ccc1O,31.687000274658203,2.0,31.166975,-8.997205
298,O=C1CC2COC1O2,22.87299919128418,0.0,17.597052,-4.72255
299,OCc1cnoc1,21.58799934387207,0.0,45.055653,-6.471257
300,Cn1nc(C=O)[nH]c1=O,28.792999267578125,1.0,38.868866,1.4014708
301,CC1CC2(CC(=O)C2)C1,34.34199905395508,2.0,-18.313433,18.069454
302,CCOCC1COC=N1,32.73099899291992,2.0,-6.455778,-16.45728
303,N#CC12OCC3CC1C32,26.90399932861328,1.0,5.2924643,18.716808
304,CC1CC(CCC=O)C1,36.696998596191406,3.0,-27.113585,-18.875565
305,CC(C)C1(O)CCCC1,39.5880012512207,3.0,-22.40113,-7.316517
306,CC1CC23CC4C2C1N43,29.152000427246094,1.0,-2.0252864,27.458117
307,CC12C3COC1C2O3,25.354999542236328,0.0,13.338594,-3.2810478
308,CC1C2C3C4COC13C42,28.655000686645508,1.0,-2.191031,28.060902
309,OC1CC2C(C1)C1CC21,31.347000122070312,1.0,-3.9255092,20.611963
310,CCC(O)C(C)(C)C=O,41.430999755859375,3.0,-27.536732,7.6308513
311,C#CC1N2C3CC1(O)C32,30.44099998474121,1.0,-6.238206,18.879421
312,CC(C)(C)CCCC=O,41.87300109863281,3.0,-30.656578,-11.927985
313,NC=[NH+]CC(=O)[O-],25.785999298095703,0.0,40.726536,5.665511
314,CC1CC(O)C1(N)C#N,36.215999603271484,3.0,-19.61821,15.389818
315,Nc1c[nH]c(O)c1,26.12700080871582,0.0,34.174923,-11.63904
316,Cc1nonnc1=O,24.516000747680664,0.0,41.53877,-2.8435967
317,CC(C)C(O)CC1CC1,41.0099983215332,3.0,-27.742872,-4.670714
318,CC1CCC(CO)C1O,37.75199890136719,3.0,-22.009336,-19.717804
319,CCC1(C)C2CC1C2C,38.016998291015625,3.0,-14.875143,3.3205702
320,C#CC(C#N)C(O)CC,36.74300003051758,3.0,-28.276766,4.7565618
321,CCCC1C(C)C1(C)O,42.10200119018555,3.0,-29.630518,1.3354522
322,C1=NC2C3CC2C3O1,21.891000747680664,0.0,11.994765,14.00026
323,CCC(C)(O)CNC=O,39.50299835205078,3.0,-28.520369,-15.374789
324,CC12CC(C)(O1)C2C#N,33.34000015258789,2.0,-19.27258,22.379778
325,CC1CC1(C)C(O)CO,40.16600036621094,3.0,-29.850294,1.7561624
326,C#CC1(CC2CC2)CN1,35.064998626708984,2.0,-11.136438,18.076082
327,CC1(O)C=CCCC1O,36.334999084472656,3.0,-16.307337,-7.9364204
328,O=Cc1coc(C=O)c1,26.618999481201172,1.0,26.359478,-8.417456
329,O=C1COC1C1CN1,26.0939998626709,0.0,10.505356,-1.139542
330,C1CC2CC1CO2,22.267000198364258,0.0,20.814198,-2.5147321
331,Cn1nc[nH]c1=O,21.937999725341797,0.0,43.34041,-8.347127
332,COCCC#N,22.97800064086914,0.0,20.11887,-8.311804
333,CC1=CCCCOC1C,36.12300109863281,2.0,-13.294898,-19.827106
334,CCNc1nnon1,26.195999145507812,1.0,37.28206,-11.221458
335,CC1(C)OC(=O)C(=O)O1,30.483999252319336,1.0,-14.589977,21.840656
336,CCC1CCN1C(C)=O,36.512001037597656,3.0,-17.269794,-10.347293
337,c1[nH]nnc1C1CO1,23.031999588012695,0.0,20.647627,-1.4709731
338,O=C1CN2C3C4OC13C42,24.488000869750977,0.0,2.1141694,28.78105
339,Nc1n[nH]c(=O)[nH]1,22.59600067138672,0.0,41.800735,-0.3263102
340,COCC#CC(C)(C)C,41.30699920654297,3.0,-30.880678,-12.991472
341,O=CC(C=O)C1CCC1,33.040000915527344,2.0,-12.327776,-2.162622
342,C1CC2OC3(CC3)C2O1,29.58799934387207,1.0,-4.240628,18.671053
343,CC1OC2C(=O)COC12,29.488000869750977,1.0,-1.5942495,10.773062
344,CC1C2OC(=O)C1C2C,31.51799964904785,2.0,-3.6192904,10.063256
345,COC12CC1CC=C2C,34.61600112915039,2.0,-4.6629047,-3.5240257
346,Cc1nocc1NC=N,30.655000686645508,1.0,34.201923,-6.660709
347,CC1CC(OC=O)C1O,34.04899978637695,2.0,-13.615574,-12.68164
348,N#Cc1cc(=N)nco1,25.479999542236328,0.0,29.07831,-15.301756
349,C#CC1(C#C)CCO1,29.218000411987305,1.0,1.7986116,-7.506978
350,O=CNC(=O)NC1CC1,32.48099899291992,2.0,-8.804174,-3.0787861
351,COC1CC2CCC1O2,31.216999053955078,1.0,-1.0397354,-16.61201
352,C#CCCOC(=O)C=O,32.486000061035156,2.0,-12.287813,-9.550326
353,COC1CC2N(C)C12C,36.619998931884766,3.0,-8.323447,0.26715416
354,CC(C)C1OC(=O)C1O,35.0369987487793,2.0,-21.064306,12.073754
355,N=c1[nH]c2oncc2o1,24.937000274658203,0.0,42.988674,6.2247887
356,c1cc(C2CC2)c[nH]1,27.4689998626709,1.0,26.678188,-7.501526
357,C#CCC(C)CC1CC1,38.88800048828125,3.0,-19.106506,-8.244679
358,O=C1C2CN(C2)C1CO,29.64299964904785,1.0,-5.9907227,18.463346
359,Cc1c[nH]nc1C=O,25.990999221801758,0.0,35.578884,-11.938059
360,N#CC1=CC(=N)OC1,23.67300033569336,0.0,7.818673,-3.49476
361,O=C1NC=CCC1O,26.731000900268555,1.0,-9.43969,9.958703
362,CC12C3CC1(C)N1C3C12,31.437999725341797,2.0,-9.121607,23.621725
363,CC1C(C)C2CC12,28.148000717163086,1.0,21.346384,-9.815129
364,CCC1OC1C(C)OC,38.82500076293945,3.0,-19.488117,-18.455276
365,CCCCC(O)CC=O,39.707000732421875,3.0,-21.111942,-17.661398
366,c1[nH]cc2c1CCO2,24.67799949645996,0.0,17.350729,-0.8729096
367,CN1CC1C(F)(F)F,27.464000701904297,1.0,26.973646,-12.677065
368,NC(=O)C1CN1,21.625999450683594,0.0,21.459015,-4.707003
369,CCC12CC(OC)C1O2,35.191001892089844,2.0,-4.669877,-4.243301
370,CCC1C(C)(O)C1(C)O,42.000999450683594,3.0,-28.739567,5.9297905
371,O=CN1C2C3C(=O)C2C31,26.020000457763672,0.0,-0.37936386,28.799427
372,CC(O)C(CO)NC=O,36.59199905395508,3.0,-26.16778,-17.520727
373,CC1COCCC(O)C1,36.441001892089844,3.0,-13.116152,-14.611351
374,c1noc2c1C1CC1O2,24.256000518798828,0.0,14.601892,1.1347257
375,CC1=CC(=O)OC(=N)C1,30.073999404907227,1.0,-10.005403,10.817897
376,CC1C2OC(C)(C)OC12,35.39699935913086,2.0,-19.44132,16.42152
377,O=CCN1CC(=O)C1,27.566999435424805,1.0,-0.3414813,-7.355072
378,CC1C2C3NC3C12C#N,30.66200065612793,1.0,-1.6834568,21.902615
379,OC1C=CCC(O)CC1,35.141998291015625,2.0,-13.799987,-6.1218133
380,O=CNc1nnon1,21.694000244140625,0.0,47.137928,-5.6840143
381,C#CC1C2CN1C21CC1,31.270000457763672,1.0,0.8875079,21.501743
382,c1cnc2nocc2n1,21.927000045776367,0.0,46.318283,-10.53853
383,COC12CC3OC1C32O,31.020000457763672,1.0,1.5245547,3.8627145
384,CC1C(=O)C2(C)OCC12,33.15399932861328,2.0,-17.289104,21.57447
385,CC(C)C1(O)CC(=O)C1,38.189998626708984,3.0,-27.2308,0.4510996
386,c1cn(C2COC2)cn1,27.405000686645508,1.0,23.047499,-9.739599
387,CC1C(O)C12CCC2=O,34.316001892089844,2.0,-6.6768613,15.506659
388,CCOc1ccc(C)o1,33.619998931884766,2.0,32.32848,-7.960963
389,CC1NC1(C)C(N)C#N,37.229000091552734,3.0,-24.035442,16.299448
390,CC1CC(O)CC1CO,36.84299850463867,3.0,-20.58856,-19.375946
391,CC(O)C(C)N1CC1C,40.13600158691406,3.0,-28.304937,2.3137758
392,C1=C2CCCC23NC3C1,29.698999404907227,1.0,0.64694905,22.657513
393,CC1N(C=O)C1(C)CO,36.88800048828125,3.0,-26.738104,14.56376
394,O=c1[nH]cccc1F,23.222000122070312,0.0,35.79398,-13.294977
395,CCC(CC)C1CN1C,41.12300109863281,3.0,-20.956894,-16.226896
396,C#CC(C)(C#C)C1CC1,37.49300003051758,3.0,-27.596483,5.457889
397,O=C1C2CC1C2O,22.466999053955078,0.0,19.80269,-4.466757
398,OCC12C3C4C3C1C42,26.4060001373291,1.0,3.5442615,26.759874
399,O=C1C2C3C1N1C2C31,21.066999435424805,0.0,6.9814734,26.834822
400,COC1C=CC2NC2C1,32.10100173950195,2.0,-0.4386821,-4.6016064
401,C#CC(C)(O)CCCC,42.04800033569336,3.0,-30.020842,-12.036394
402,Cc1nc(O)c[nH]1,24.216999053955078,0.0,38.56032,-10.383108
403,CN1CC1(C#N)C1CO1,31.992000579833984,2.0,-9.374966,11.209917
404,CCC1(C)CC(=N)O1,32.11399841308594,2.0,-9.082739,-12.536621
405,CC(C)OC1(C)CC1C,41.94900131225586,3.0,-25.026558,-3.684703
406,C#CC1CC1C=O,25.25200080871582,0.0,20.53783,-9.480522
407,CCCC(C)C(O)CO,42.042999267578125,3.0,-27.343052,-15.89359
408,c1ncc2n[nH]cc2n1,22.56100082397461,0.0,47.058956,0.003967586
409,CNc1nc(C)[nH]c1C,36.10499954223633,2.0,-20.284805,25.31191
410,CCC1(CNC=O)CO1,35.24300003051758,2.0,-14.9143715,-12.222749
411,O=CCCCN1CC1,31.093000411987305,1.0,-1.5398476,-17.346443
412,N#CCC1CCC1=NO,32.36000061035156,2.0,-4.248893,-8.535275
413,C#CC1OCC2(C)NC12,32.27799987792969,2.0,-4.9122343,14.512531
414,CN1CCCCCC1=O,34.09700012207031,2.0,-9.728837,-19.878494
415,N=C(N)C(F)(F)F,23.621000289916992,0.0,26.234516,-12.985064
416,O=CNC12CC1C1CC12,30.729000091552734,1.0,-4.0323086,16.351603
417,CCCC1CCC1OC,38.85499954223633,3.0,-11.275119,-19.441416
418,CNc1ncno1,21.79599952697754,0.0,44.7555,-6.409999
419,CC#CC12CC1C(C)O2,34.42399978637695,2.0,-7.0794897,16.105974
420,N=C1C=C2C3NC3C2O1,26.077999114990234,0.0,4.4748006,18.25241
421,C1=CC2OCC23OC3C1,27.65999984741211,1.0,0.25212762,24.843098
422,CCC1C(C(C)O)N1C,40.854000091552734,3.0,-25.295015,-11.025234
423,C#CCOCC#CC#N,32.14699935913086,2.0,-6.928199,-14.132208
424,CC(CO)c1cn[nH]c1,33.3120002746582,2.0,34.09134,-0.40956044
425,COC=NC1(C)CCC1,36.92100143432617,3.0,-15.017892,-9.484737
426,CC1C2CCC1(O)C2=O,32.7130012512207,2.0,-8.392815,15.613039
427,CC(C)CCN1CC1C,41.14699935913086,3.0,-29.23434,-2.7127275
428,CC(C)CC1CC1C=O,38.189998626708984,3.0,-18.931246,-8.690189
429,CC1CCC(C)(O)CO1,37.25699996948242,3.0,-23.5013,-13.133697
430,COC1C2OC=NC12C,31.402999877929688,2.0,1.2537855,-4.5708795
431,O=C1NC2COC(=O)C12,26.28700065612793,1.0,-3.6988919,27.873203
432,C1OC2COC3C1NC23,26.131000518798828,0.0,8.381202,21.261662
433,CC1(O)COC1(C)CO,38.25,3.0,-24.147625,-2.4352643
434,CCC1OC=NC1CO,33.52899932861328,2.0,-9.062604,-19.04494
435,O1C2OC3C1C1OC2C31,21.961000442504883,0.0,2.5931635,29.37541
436,CC1C2(C)CC1(CO)O2,36.38600158691406,3.0,-23.389061,18.997084
437,C1c2nnoc2C2NC12,25.236000061035156,0.0,20.174646,-3.0317702
438,C1OCC2C1C1CC21,25.39900016784668,0.0,11.332266,1.1404909
439,O=CC(CO)C(O)CO,37.27000045776367,3.0,-28.411331,-11.601645
440,C#CC1CC1CCCC,38.88800048828125,3.0,-16.193172,-5.0581017
441,CCC1(O)CC1COC,39.606998443603516,3.0,-23.035725,-14.382006
442,C1OC2C3OC1C1C2C31,24.386999130249023,0.0,5.9718523,25.566996
443,COCC1(C)CNC1=O,35.505001068115234,2.0,-13.687886,-11.281147
444,CC1(C)OC1C(O)C#N,35.94599914550781,2.0,-23.75096,17.312115
445,C1=CC2(C=CCC1)CN2,31.530000686645508,2.0,-9.148256,21.297014
446,OC1C2C(O)C3C1N23,25.240999221801758,0.0,8.579166,24.461658
447,N=C1OCc2cc[nH]c21,26.365999221801758,1.0,41.373528,6.8331957
448,C#CC(C)(C)NC(C)=O,39.70800018310547,3.0,-27.522478,8.509433
449,C#CCC(C#N)C(C)C,38.055999755859375,3.0,-23.373636,-4.4243593
450,CC1OC(C)C(C)(C)O1,38.50199890136719,3.0,-27.06125,10.411781
451,C#CCCCC1CCO1,35.50400161743164,2.0,-9.903013,-15.787064
452,CC#CC1(C)NC1CO,37.57899856567383,3.0,-22.295078,-10.58839
453,COC1(C)C(C)OC1C,39.172000885009766,3.0,-28.516365,-0.0018002677
454,OC1C2C=CC3(CC3)C12,31.40399932861328,2.0,-11.089537,21.932737
455,C1=CC2OC3CC2OC13,24.988000869750977,0.0,4.407579,25.413218
456,O=C1CN=COC(=O)N1,26.275999069213867,1.0,-4.1364346,25.196571
457,C#CC(O)C1(CO)CO1,34.77899932861328,2.0,-19.588135,10.949836
458,CC(C)(C)C1CC(O)C1,41.025001525878906,3.0,-28.421148,7.195871
459,CC(O)C1(C#N)CC1O,35.24700164794922,2.0,-17.803972,6.7035236
460,N#CC1CC(C=O)O1,25.402000427246094,0.0,2.220544,-7.458988
461,CC1(C)COCC12CO2,34.736000061035156,2.0,-11.162152,-1.599036
462,CCC(CCO)=NO,34.69300079345703,2.0,-11.635703,-21.829136
463,COC1(C)C=CCCO1,35.13999938964844,2.0,-13.912827,-6.5337625
464,CC12C3CC1(O)C1C3C12,31.24799919128418,1.0,-9.664488,23.425976
465,C#CC(CO)C1(C)CO1,36.47200012207031,3.0,-21.131105,9.573958
466,CC1CC1C(C)OC=O,36.529998779296875,3.0,-15.486674,-10.822125
467,N1C2C1C1OC3C2NC13,25.038999557495117,0.0,8.260735,25.242056
468,N=C1CN=C2C=CCN12,26.770000457763672,1.0,2.4083588,20.327164
469,C1CC2(O1)C1CC2C1,26.038000106811523,0.0,10.2512045,23.51945
470,Nc1nc2onnn2n1,24.114999771118164,0.0,46.301853,-9.806195
471,O=c1oncnc1O,21.833999633789062,0.0,46.24371,-5.4893894
472,c1ncc(C2CC2)o1,24.555999755859375,0.0,31.78345,-14.7878065
473,CC(C)C(N)(C#N)CN,40.69900131225586,3.0,-28.721268,15.913816
474,C1CC2OCC2O1,21.503999710083008,0.0,19.666405,-2.6356122
475,CCC1CC1,21.36400032043457,0.0,22.234188,-3.906508
476,CC(O)CC1C(C)N1C,40.68299865722656,3.0,-23.440048,-3.7846153
477,CC#CC1C2NC1C2O,32.65999984741211,2.0,-1.1300478,-3.7688167
478,CC1(O)C2NC(C#N)C21,32.56100082397461,2.0,-15.5655155,19.161734
479,CC1OCC1(O)C#N,29.339000701904297,1.0,26.198156,-11.649741
480,CC#CCC=O,23.347999572753906,0.0,22.549652,-10.222019
481,N=C1OCC1C(F)(F)F,27.597999572753906,1.0,-9.079706,9.273347
482,C#CC1CC(O)C(=O)O1,30.48900032043457,1.0,-8.083848,13.051579
483,CNC1COC1=O,24.09600067138672,0.0,20.033596,-10.015985
484,CCC1CC12C1CC2C1,34.27399826049805,2.0,-0.37876874,-2.4558527
485,N=c1cc(F)nc(F)o1,24.92300033569336,0.0,40.938057,-1.8122764
486,c1cc2nconc-2n1,22.541000366210938,0.0,45.540966,-11.432916
487,O=C1CC2OC2C1,21.457000732421875,0.0,19.641462,-1.0034558
488,CCC1CCC1(O)C=O,36.941001892089844,3.0,-15.29915,-11.682359
489,c1cc2[nH]cnc2cn1,23.79800033569336,0.0,46.375893,-0.4057933
490,CC12C=CCOC1C2O,32.582000732421875,2.0,-8.4910345,-2.046245
491,NC(=O)C(C=O)N1CC1,32.97800064086914,2.0,-18.195465,15.281454
492,Cc1nccc(O)c1O,31.299999237060547,1.0,34.97236,-7.6939144
493,C#CCC(C)C1CCC1,37.91600036621094,3.0,-15.562318,-8.599279
494,CC1C2CC3C1OC23,25.78499984741211,0.0,11.982236,-0.9507775
495,c1cc2c(o1)COCO2,25.579999923706055,0.0,20.952702,-7.6470923
496,CC1CC=CC1C(N)=O,34.680999755859375,2.0,-16.24086,3.2134922
497,O=C1C(O)C2C(O)C12O,31.55299949645996,2.0,-13.245361,22.71624
498,O=C1NCCC1O,23.825000762939453,0.0,16.322134,-5.8051605
499,N#Cc1ocnc1N,23.878999710083008,0.0,39.905872,-6.87703
500,O=CN1C2CCC21,22.666000366210938,0.0,18.843525,-3.6386435
501,CC#CC1(C)NC1C,34.37900161743164,2.0,-9.327183,-22.029566
502,N#CC12C3C=CC1C2O3,25.659000396728516,0.0,6.1564107,17.988146
503,CCCC1(O)CC(O)C1,39.12200164794922,3.0,-28.731611,-2.7388113
504,CC1(C#N)CC(O)C1,30.660999298095703,1.0,-10.077169,2.3417802
505,c1cc2n(c1)CC2,21.108999252319336,0.0,27.275166,-1.7291014
506,C#CCCOC=NCC,37.1510009765625,3.0,-18.231943,-4.125399
507,CC(C#N)(CN)OC=N,36.178001403808594,2.0,-20.833395,-2.568133
508,CC#CC1CC1C(C)C,39.630001068115234,3.0,-26.190441,-4.1358967
509,O=C1C=CCC2NC2C1,29.506999969482422,1.0,1.8520364,2.057713
510,C#CCC1CCC1CO,36.62900161743164,3.0,-10.880162,-15.169162
511,COCC(C)(C)C1CO1,38.944000244140625,3.0,-18.36571,-9.043465
512,C1OC2C3N4CC13C24,22.007999420166016,0.0,5.9809203,26.376425
513,C#CC1OCCO1,23.06599998474121,0.0,18.480082,-8.409277
514,N#CC#CC#CC=O,24.540000915527344,0.0,20.235125,-12.198233
515,CCC12CC1C=CC2C,35.87900161743164,2.0,-4.7330685,-5.028097
516,CC(=NO)C1(C)CCC1,37.95800018310547,3.0,-25.900946,12.032144
517,CC1=NC(C)C(C)CO1,36.042999267578125,2.0,-22.714235,15.53356
518,CCC1CC=C(C)C1O,37.64400100708008,3.0,-19.915644,-9.341655
519,Cn1ccc(CCO)n1,33.28799819946289,2.0,31.792377,-8.619629
520,C#CC(CCC)OCC,40.53099822998047,3.0,-26.970306,-12.887581
521,Nc1ccc(O)nc1O,30.517000198364258,1.0,36.321186,-7.573549
522,O=CN1C2CCC21CO,31.927000045776367,2.0,-4.327442,-1.7833657
523,CC1OC1(C)C(=O)C=O,34.35300064086914,2.0,-20.839695,21.359467
524,CCC1CC12CCC2=O,34.89500045776367,2.0,-4.085215,-7.711851
525,Nc1c[nH]cc1O,24.947999954223633,0.0,41.452835,-3.8296702
526,CC1(C)CC2OCC2O1,33.358001708984375,2.0,-3.4417422,-2.5475996
527,N#CC1(CO)CC2CC21,32.111000061035156,2.0,-6.928132,12.93425
528,C1CN2C3C4C(C32)N14,23.214000701904297,0.0,4.1199617,29.085283
529,CNC(=O)CO,24.645000457763672,0.0,22.252378,-11.326608
530,C#Cc1cncnc1,23.381000518798828,0.0,45.162827,-4.7636256
531,C#CCCC(C)(C)C,38.22999954223633,3.0,-24.512657,-17.770128
532,OC12C3CC1C1C3C12,24.972000122070312,0.0,4.6062107,26.289358
533,O=C1Cc2[nH]cnc2O1,24.635000228881836,0.0,9.843723,25.300764
534,CC1CCC2C(O)C12C,36.84400177001953,3.0,-9.58822,-0.19892246
535,O=C1C(O)C2NC12,22.18199920654297,0.0,13.869128,1.441366
536,NC(=O)Nc1cn[nH]c1,30.100000381469727,1.0,38.090588,2.478307
537,CC(C)(C)C(=O)CO,36.534000396728516,3.0,-24.312826,-7.6438184
538,O=c1[nH]c2c(o1)OCC2,25.979999542236328,0.0,41.86692,5.2385063
539,CNC=Nc1nnon1,28.41900062561035,1.0,34.73971,-8.969387
540,CCC(C)OC(=O)CO,38.11399841308594,3.0,-28.675308,-15.085693
541,CC1(CC2CC2)CC1O,38.03099822998047,3.0,-13.268601,-3.066555
542,CC1(O)CC1,21.170000076293945,0.0,22.292908,-5.93562
543,C#CC1(C#CCO)CC1,35.39500045776367,2.0,-15.513778,-6.765908
544,C#CCC(=O)C(N)=NC,36.34000015258789,3.0,-26.75024,11.246315
545,CCCOC(C#N)C#N,33.97200012207031,2.0,-9.681056,-23.928104
546,C#CC(C)(CC)C1CC1,40.09700012207031,3.0,-27.100338,3.813396
547,Cc1noc(C#N)n1,23.274999618530273,0.0,39.961884,-8.714308
548,CNc1c[nH]c(C=O)n1,30.731000900268555,1.0,38.019566,0.6330596
549,CC1(C)CC1CC=O,33.85499954223633,2.0,-9.878854,-20.590132
550,CC(C)C1CN1CC=O,37.49700164794922,3.0,-14.547332,-7.0723677
551,Cc1cc[nH]c1,20.947999954223633,0.0,43.707863,-3.5566666
552,Cc1ncc(N)c(=O)o1,30.312999725341797,1.0,37.313717,0.75197995
553,OCC1(CO)CCC1O,37.12099838256836,3.0,-13.071042,-19.012926
554,CC(CO)C1CC1(C)C,41.92100143432617,3.0,-27.593435,3.5804038
555,O=C1C2OC3CC2C13,22.25,0.0,10.289177,16.581024
556,CCCC1(O)CC1CC,41.367000579833984,3.0,-23.557552,-17.457563
557,CC1C(=O)NC1CCO,35.81399917602539,2.0,-23.305746,-8.811701
558,C#CC1(CC)CC1(C)O,39.96799850463867,3.0,-25.50724,9.439914
559,OC1CCCCCC1,32.26499938964844,2.0,-2.7315156,-16.46493
560,CCC12CC1N(C=O)C2,33.2859992980957,2.0,-8.579224,17.37563
561,O=C1OC2CC3OC1C23,24.666000366210938,0.0,6.0244274,19.165522
562,C#CC1C(=O)CC12CC2,32.518001556396484,2.0,-7.997718,12.388913
563,O=C1C2C3C1N1C2C31,21.066999435424805,0.0,6.981551,26.834518
564,C1=CC2CC3C1C1C3N21,25.19099998474121,0.0,2.1192176,28.34157
565,Nc1nc2[nH]cnn2n1,25.44300079345703,0.0,44.81283,-1.5183899
566,C1C2C3CN4C1C2C34,22.448999404907227,0.0,5.5827765,25.041485
567,Cc1[nH]nc2c1OCC2,29.34000015258789,1.0,41.58515,5.978413
568,N#CC1C2C3NC3C12,24.47100067138672,0.0,11.572275,14.461477
569,CCc1cc(N)c(N)o1,35.303001403808594,2.0,32.023544,-4.5313416
570,CC(O)c1c[nH]cn1,28.29599952697754,1.0,27.205046,-9.3783655
571,CCc1nn(C)c(=O)[nH]1,32.79399871826172,2.0,37.264633,2.0891619
572,CC#CC1(C)CC1OC,38.46500015258789,3.0,-22.810204,-15.109068
573,CC(=O)C(C)=O,23.569000244140625,0.0,26.50114,-12.230881
574,CCC([NH3+])C(N)C(=O)[O-],37.571998596191406,3.0,-20.131498,23.698584
575,O=C(CO)C(=O)N1CC1,31.937000274658203,2.0,-20.17643,16.692759
576,O=Cc1cncnc1,22.017000198364258,0.0,45.837242,-4.271294
577,CC1NC1c1cnno1,28.947999954223633,1.0,33.55478,-12.767717
578,C1=CC23OC4C2OC43C1,25.402000427246094,0.0,3.3693044,26.97118
579,COC(C#N)C#CCO,34.474998474121094,2.0,-15.09211,-13.045688
580,CCC1(CCCO)CC1,40.45500183105469,3.0,-25.98249,-19.205683
581,C#CC1(CO)CN1CC,37.66999816894531,3.0,-20.173033,-9.033412
582,CC1(O)CC(C)(O)C1O,40.167999267578125,3.0,-29.306181,16.517822
583,CNC(=O)CC1(C)CC1,37.98699951171875,3.0,-25.248192,10.961931
584,CC(C)(O)C1(C)CC1O,41.111000061035156,3.0,-29.931715,13.923888
585,CC(CO)(CO)N1CC1,38.9630012512207,3.0,-28.84758,-3.3993104
586,CCC(O)(C[NH3+])C(=O)[O-],37.159000396728516,3.0,-20.271091,23.135765
587,C1=Cc2ocnc2OC1,24.652999877929688,0.0,25.9079,-3.1170487
588,O=CNC1C2CCC1C2,30.739999771118164,1.0,0.48012072,-1.6765704
589,NC(=O)C1CC(O)C1,29.933000564575195,1.0,-7.3258886,1.9003742
590,CC1C2OC1C2=O,22.70199966430664,0.0,20.689562,-5.976073
591,C#CC1(C)C(C)C1(C)O,40.78499984741211,3.0,-28.42573,11.089886
592,C#CC1(C(C)C)OC1C,39.21099853515625,3.0,-27.431305,2.1889565
593,C#CC1C2OCOC12,25.69700050354004,0.0,10.666931,0.50183004
594,CC(C)(CCO)OC=O,39.00699996948242,3.0,-29.66194,-14.495432
595,O=C1CCC2C3OC1C23,27.246000289916992,1.0,5.673174,17.814379
596,CC12CC(O)C(C)(C1)O2,34.97999954223633,2.0,-19.58564,21.865517
597,C#CCCC(C#C)CO,38.25899887084961,3.0,-25.241173,-18.103455
598,CC1C2CCOCCN12,33.41899871826172,2.0,-2.9743783,-15.043034
599,CC1C=CC2CC12,24.990999221801758,0.0,20.708857,-5.6702714
600,CC([NH3+])CCC(=O)[O-],32.4379997253418,2.0,-9.373004,25.2344
601,OC1CCCC1O,26.799999237060547,1.0,21.836689,-9.707813
602,CC12CC3CC1N1C3C12,28.33099937438965,1.0,-3.3925858,28.188877
603,C#CC(C(C)O)C(C)O,40.08399963378906,3.0,-28.889688,8.38816
604,CN1C2COCC21,23.77899932861328,0.0,23.782328,-6.156919
605,O=CN1CC2CC(C1)O2,28.329999923706055,1.0,3.1006382,18.427202
606,COC1COC12CC2O,34.12799835205078,2.0,-2.339092,-14.274593
607,O=CC1(O)C=CNC1=O,29.607999801635742,1.0,-4.765906,15.0904665
608,C#CC12C(=N)OC1C2C,31.940000534057617,2.0,-7.6057806,16.458014
609,N=c1ncnc(F)o1,21.253999710083008,0.0,43.90057,-9.406221
610,CC12CC3(CC(O)C13)C2,33.775001525878906,2.0,-18.06788,21.997349
611,Cc1cnc(=N)[nH]n1,25.70800018310547,0.0,40.757694,-2.8682816
612,CCC1(C)CCC2OC21,35.83599853515625,2.0,-10.473671,2.8189447
613,CC(C)OCCCCO,41.91400146484375,3.0,-30.400698,2.1515853
614,Nc1nc(=O)cno1,24.204999923706055,0.0,39.688526,-10.873174
615,CC12OC3=NCC1C32,26.025999069213867,0.0,3.2410808,7.135647
616,C#CC1CC1C#CCO,34.96699905395508,2.0,-11.222633,-9.763619
617,O=C1C2CC3C1C1C2N31,24.301000595092773,0.0,3.8138058,27.434034
618,C#CCC(O)(CC)CC,42.07899856567383,3.0,-29.28778,-8.534727
619,CCC1=CC2NC2C1,29.268999099731445,1.0,9.493028,-4.5602636
620,CNc1c[nH]c(C)c1C,37.57099914550781,3.0,-20.17316,24.873236
621,O=C1COC2(CO)CC12,30.93899917602539,1.0,-5.6061797,15.679658
622,CCC1C(C)C12COC2,36.67499923706055,3.0,-6.292673,-3.6612234
623,C#CCc1conc1N,30.829999923706055,1.0,32.84667,-8.959481
624,C#Cc1oc(C)nc1O,30.864999771118164,1.0,26.950663,-15.628946
625,Nc1cnccn1,21.084999084472656,0.0,45.798332,-7.927898
626,c1coc(N2CCC2)c1,29.135000228881836,1.0,21.244001,-10.667192
627,C#CC(O)C(C)C(C)C,42.125,3.0,-29.929424,8.907745
628,CC1C=C(C=O)C(C)O1,33.529998779296875,2.0,-20.649223,13.865817
629,N=c1ccoc(F)n1,21.958999633789062,0.0,42.896408,-9.2409315
630,CCC(C=O)C(C)=NO,38.02199935913086,3.0,-23.719599,-5.5378113
631,C1CC2C1C1CC3C2C13,28.368999481201172,1.0,2.518956,25.720873
632,CN1C(C#N)C1C1CC1,33.404998779296875,2.0,-17.589712,18.534433
633,COCc1[nH]cnc1C,33.19499969482422,2.0,27.475323,-12.7413025
634,COC12CN3C(=O)C1C32,28.874000549316406,1.0,-8.076111,24.174091
635,O=C1OCC12COC=N2,25.700000762939453,0.0,3.9999902,3.1990232
636,Nc1cnc(F)nn1,23.135000228881836,0.0,41.843334,-7.008072
637,N#CC1C2OC3CN1C32,25.506999969482422,0.0,7.1364756,19.230165
638,C1=Cc2ncccc2C1,25.628000259399414,0.0,27.326841,-2.650584
639,C1C2C3C1C2N1CC31,23.142000198364258,0.0,7.9038763,24.021317
640,CC1CC2COC2C1,28.735000610351562,1.0,20.230232,-11.038866
641,O=CC1CNCC(=O)O1,29.643999099731445,1.0,-4.044352,-1.838569
642,CC1OC(C)C(=O)C1=O,32.56800079345703,2.0,-19.141514,18.324738
643,CC1CC(C)(C(C)C)C1,42.22700119018555,3.0,-30.568712,14.203937
644,CC1CC1C(C)(O)C=O,38.013999938964844,3.0,-23.217434,9.723027
645,CC(C)CC1(O)CC1C,41.9630012512207,3.0,-24.184603,-4.4433904
646,CCC[NH2+]CCC(=O)[O-],36.637001037597656,3.0,-11.002386,11.106001
647,N=C1OC(C=O)CC1=O,28.29800033569336,1.0,-4.408095,13.655373
648,N=c1oc2cc[nH]c2o1,25.96299934387207,0.0,42.295834,3.5124354
649,O=CC1C=CC2CN1C2,28.832000732421875,1.0,3.0770483,2.5557187
650,CC1CC(C)(C)CC1C,41.22800064086914,3.0,-27.855915,-3.5494835
651,CC1C=C(C=O)C(O)C1,33.17399978637695,2.0,-19.254498,15.011752
652,CCCC(=O)NC(C)C,41.0,3.0,-29.163134,-7.950955
653,O=c1nccc(F)o1,21.895999908447266,0.0,43.422405,-10.243171
654,N=C1OC2CCC1OC2,27.917999267578125,1.0,-1.448384,6.8392878
655,COC1(C#N)CCOC1,32.31999969482422,2.0,-9.31649,-16.705654
656,Cc1c(O)cc(O)n1C,36.222999572753906,3.0,-11.68174,-22.629019
657,c1cnc2ccnn2c1,23.384000778198242,0.0,46.605476,-11.791335
658,CCC1(CO)CC(C)C1,40.404998779296875,3.0,-27.142393,-2.9197013
659,Cc1cc(O)noc1=N,30.038999557495117,1.0,33.083096,-7.8918834
660,C#CC(C=O)(CC)CC,39.374000549316406,3.0,-25.370777,-2.7018876
661,Cc1nccn1C,24.819000244140625,0.0,43.452312,-5.546193
662,O=C1NCC2CN12,21.177000045776367,0.0,18.012999,-1.1186856
663,CC1CC2(C)C1C2(C)O,38.922000885009766,3.0,-24.642508,15.912718
664,C#Cc1noc(CC)n1,30.03700065612793,1.0,29.316679,-10.299946
665,C1OC2CC(O1)C21CN1,28.4060001373291,1.0,-0.8409823,20.95711
666,N=C1NC2C(O)C12O,27.92300033569336,1.0,4.413586,1.9327142
667,ON=C1CN2CC=CC12,29.391000747680664,1.0,2.4314246,1.8176976
668,CC(C)NC(C#N)CN,39.4640007019043,3.0,-27.07336,-12.092921
669,CCC1C(O)C1(C)CO,40.60200119018555,3.0,-24.929567,-4.037528
670,CC12NC1C(=O)C1CC12,30.382999420166016,1.0,-10.539392,23.885164
671,[NH3+]Cc1nn[n-]n1,21.316999435424805,0.0,43.402603,2.0903058
672,CC(N)(C#N)C1(O)CC1,37.39500045776367,3.0,-28.691828,4.1113424
673,C#CC(N)c1ncn[nH]1,29.868999481201172,1.0,34.529163,-0.65365064
674,C1=CC2C=CC1C2,21.082000732421875,0.0,13.498031,0.6117287
675,c1nc2c(o1)COC2,21.61199951171875,0.0,27.570875,-3.218431
676,COC1CC(C)(C)C1C,40.63600158691406,3.0,-28.206917,-2.9557981
677,Fc1ccc(F)nn1,21.077999114990234,0.0,41.867416,-7.6182375
678,CCC12CCOC1CC2,34.20399856567383,2.0,-0.86069864,-8.525741
679,CC#CC(C)C1(C)CC1,39.933998107910156,3.0,-27.202534,9.757349
680,CC1OC(C)C1N1CC1,35.4739990234375,2.0,-13.113998,1.1611179
681,CCC(CC)C(=O)CO,39.808998107910156,3.0,-29.131056,-13.770361
682,N#CC12OC1CC2=O,23.65999984741211,0.0,14.052831,-2.486655
683,CC12CC1OCC(=O)O2,30.290000915527344,1.0,-4.9208198,21.293116
684,c1nc(C2CO2)co1,22.816999435424805,0.0,30.756742,-15.81534
685,COC1OCCC2OC21,31.173999786376953,1.0,8.771964,-4.3637776
686,OCCc1n[nH]nc1O,31.30500030517578,1.0,30.378372,-13.927841
687,O=C(CO)C1(O)CCC1,35.03099822998047,2.0,-23.422226,12.564137
688,O=CN1C2CC1C2,21.697999954223633,0.0,18.548336,-1.9905057
689,CCC1(C)C(O)C1OC,40.02899932861328,3.0,-23.26751,-7.3874564
690,CC12NC1C1CC1C2O,32.487998962402344,2.0,-3.6405506,10.831323
691,Cc1oc([O-])cc1C[NH3+],40.78200149536133,3.0,37.004044,0.98936945
692,N#CCC1C2COC12,25.798999786376953,0.0,11.065262,0.722129
693,C#CC(O)C(O)C1CC1,36.62300109863281,3.0,-16.455084,4.0881195
694,C#CC1(C=O)OCC1C,33.83100128173828,2.0,-10.658823,-5.977376
695,CCC1(C)C2CCC21C,39.2239990234375,3.0,-14.405594,-0.2640332
696,NC12C(=O)OC1C2O,26.708999633789062,1.0,8.985944,-2.7567077
697,CCC1(C)CCN2CC21,36.42300033569336,3.0,-8.645529,-0.29953912
698,c1cc(C2CC2)on1,24.73900032043457,0.0,30.372015,-14.768913
699,C1C2C3OCC24CN1C34,25.437000274658203,0.0,1.8801792,25.079775
700,C1=CC23CNC2C1O3,24.38800048828125,0.0,10.58261,15.4336
701,N#CC1(O)C2OC1C2N,30.832000732421875,1.0,-3.033693,12.905578
702,O=CC12CC1C(=O)CO2,28.56100082397461,1.0,-4.790479,27.39192
703,C#CCCC(C)C#CC,39.7130012512207,3.0,-24.88211,-15.523525
704,C1=C2C3C(C1)C3C21CN1,28.489999771118164,1.0,-3.215738,30.119741
705,N#CC12OC3C1C(=O)C32,25.290000915527344,0.0,3.6455555,22.79623
706,O=CC1C2CC1C2=O,24.77400016784668,0.0,11.260415,-0.26319486
707,CC12N=COC1C2C=O,29.40399932861328,1.0,1.4818397,2.8497324
708,CC1CC2(C)CC2(C)O1,37.354000091552734,3.0,-22.117807,17.867931
709,CC1CC=C2C=CCC21,31.47800064086914,2.0,0.7651194,-0.86862504
710,CC1C2CC(O)(C2)C1C,36.130001068115234,2.0,-17.565506,16.180437
711,CCC(=O)N(CC)CC,40.44200134277344,3.0,-29.158714,-7.724415
712,CCN(C=O)C1(C)CC1,37.31700134277344,3.0,-26.936834,12.154096
713,c1nc2nnonc-2n1,21.937999725341797,0.0,45.23468,-10.78791
714,CC(C=O)CCO,29.990999221801758,1.0,-4.32747,-16.471058
715,FC(F)(F)CC1CCC1,31.624000549316406,2.0,-7.8046064,3.1282194
716,CCCC1CC2(CC2)C1,37.85900115966797,3.0,-11.852908,-1.3040086
717,CC1=CC2(C)OC1C2C,35.354000091552734,2.0,-15.563578,6.105243
718,CC1OC1C1OC1C=O,31.804000854492188,2.0,-1.3125216,-9.115355
719,CCC1=CCOC1(C)C,38.07099914550781,3.0,-21.848116,-6.372228
720,CC1C23CCCC12OC3,31.913999557495117,2.0,-2.3995538,10.819734
721,C#Cc1nc[nH]c1O,26.277000427246094,1.0,31.121023,-17.172285
722,O=c1cc(F)cc[nH]1,23.273000717163086,0.0,42.750828,-1.869633
723,CC#CC1NC1C(C)=O,35.06999969482422,2.0,-15.713839,0.31813198
724,CCC#CC(C=O)CC,38.42599868774414,3.0,-27.42334,-17.805847
725,O=C1CC2CC(C2)O1,24.54199981689453,0.0,10.972392,-2.566559
726,C1=CC2CC(CCC1)C2,32.35499954223633,2.0,-5.009207,17.479853
727,Cc1nccc(O)c1F,29.434999465942383,1.0,36.03101,-7.982879
728,CC1Cc2cnnn21,24.51799964904785,0.0,47.784473,-7.079568
729,COCC1OCC1CO,35.58100128173828,2.0,-9.03126,-20.58225
730,C#CCN1CC1C,28.243999481201172,1.0,0.0008199841,-16.66977
731,C#CC1C2C(=NO)CN12,30.868999481201172,1.0,-10.885321,21.40175
732,CC1Cc2[nH]cnc2N1,29.570999145507812,1.0,42.960136,4.360803
733,CNC(C#N)CC(C)O,38.58700180053711,3.0,-29.874155,-10.767616
734,CCC(C)(C#N)CC,36.15800094604492,2.0,-21.87218,-20.50436
735,CCC1CCC(O)C1=O,34.96799850463867,2.0,-14.667254,-12.021915
736,CC1C2C3C4CCC13N42,29.260000228881836,1.0,-1.4678204,28.088596
737,O=C1NCC2NC12,21.349000930786133,0.0,18.426466,-2.823848
738,CNC12C(=O)C3OC1C32,29.493000030517578,1.0,-7.909524,25.651844
739,CC(C)(CO)C1CCC1,40.28499984741211,3.0,-25.255966,-5.5298944
740,Cn1cnoc1=N,22.059999465942383,0.0,45.643097,-6.1515145
741,CC1=C(C)C2OC2(C)C1,35.875,2.0,-20.273647,12.282667
742,CCn1nccn1,22.305999755859375,0.0,44.818207,-5.974114
743,CC1(C)C2OCC(=O)C21,33.0890007019043,2.0,-16.154291,19.45978
744,CC1C(O)C1CCCO,39.483001708984375,3.0,-22.778435,-13.835675
745,CCC1OC(C)(C)C1C,40.757999420166016,3.0,-29.344376,-1.910668
746,CC(C)(CO)CC(N)=O,40.98099899291992,3.0,-27.839634,11.326338
747,c1ncn2ncnc2n1,21.04400062561035,0.0,47.47015,-9.696852
748,Cn1cnoc(=N)c1=O,28.433000564575195,1.0,28.381287,-14.698804
749,N=C(N)c1ncon1,24.21299934387207,0.0,33.74916,-14.531736
750,Cc1ccc(=O)cnc1,29.385000228881836,1.0,32.660934,-9.893418
751,OC1C2OC3CC3C12,25.768999099731445,0.0,12.422532,-0.02759918
752,CCCn1cnoc1=N,31.746999740600586,2.0,33.211052,-9.009538
753,O=CC(=O)C(=O)CCO,32.96799850463867,2.0,-23.705984,12.972088
754,C#CC1OC1C(C)(C)C,38.819000244140625,3.0,-23.97464,1.1866145
755,N=C1CC=CCC(=O)O1,29.176000595092773,1.0,-8.1751995,16.831234
756,CC12OCC1C2(O)C=O,32.34700012207031,2.0,-7.4350104,17.61445
757,N#CC1CC2OC(=N)C12,27.591999053955078,1.0,-2.9774003,25.583294
758,CCCC1C=CC(C)C1,38.10300064086914,3.0,-18.811993,-9.32458
759,CCCOC1CCC1C,38.93299865722656,3.0,-11.683246,-19.111965
760,CC1(NC(=N)C=O)CC1,35.26499938964844,2.0,-21.470987,19.050724
761,OC12C=CC3OC1C2O3,26.690000534057617,1.0,4.8202405,20.416216
762,CCC(N)(C#N)CCO,39.529998779296875,3.0,-28.810293,-14.32384
763,O=C1OC2C3CC2C3O1,24.5,0.0,5.2884693,24.506012
764,CC(=O)N1CC1CCO,35.09000015258789,2.0,-16.747301,-3.608093
765,CN1C=CC(=O)C1=O,25.583999633789062,0.0,5.2665377,-1.5422169
766,OC1C2C=CC3C1C23,24.961000442504883,0.0,9.802569,15.3547325
767,CC1C2C(=O)OCC12O,31.158000946044922,1.0,-5.7243624,11.898215
768,N=C1CC2(CCC2)O1,27.378000259399414,1.0,9.535909,-3.434875
769,CC1C(=O)C2(C)OC12C,35.37300109863281,2.0,-22.804926,19.770042
770,CC1(O)CC1(C)C1CC1,39.3129997253418,3.0,-27.889044,14.403239
771,NC(=O)NC1C2CCC21,33.17499923706055,2.0,-7.512614,18.939383
772,C#CCCC(CC)CC,42.17399978637695,3.0,-27.7039,-14.308723
773,C#CC1(C)OC2CC21O,34.387001037597656,2.0,-6.3207755,14.630207
774,CC1(C)C2CC(CO)N21,36.58700180053711,3.0,-24.863312,20.537886
775,CN=C(NC=O)C1CC1,33.84400177001953,2.0,-11.785289,-3.0318587
776,O=c1nnoc(F)n1,25.42099952697754,0.0,40.658924,-8.685504
777,Cc1cocc1N1CC1,30.9689998626709,1.0,33.40999,-11.37838
778,CC1(CC2COC2)CC1,35.67599868774414,2.0,-11.571469,3.2131462
779,O=C1NC2C1C21CCO1,28.187000274658203,1.0,0.18583505,23.506557
780,C1CC2C3CC2C3O1,24.639999389648438,0.0,12.824354,-1.9594749
781,CC1(O)CCC(=O)NC1,34.81399917602539,2.0,-20.697897,16.938461
782,CCCC(C)CC=O,36.05799865722656,2.0,-19.858599,-19.87187
783,N#CCc1cnncn1,25.74799919128418,0.0,37.487648,-11.869789
784,C#CC1CC2COC2C1,30.930999755859375,1.0,3.977942,-1.9987017
785,O=C1CC2OC2C12CO2,27.46500015258789,1.0,5.2463217,21.011366
786,O=C1CC2OC3C1C23,22.868000030517578,0.0,10.983673,14.853218
787,C1OC23COC4C2CC143,26.226999282836914,1.0,3.9623275,24.625257
788,CC1NC1C1NC1(C)C,38.347999572753906,3.0,-17.5579,5.8195086
789,CCCC(C#N)C(C)O,39.53499984741211,3.0,-27.622314,-13.3859
790,COC12CC1OC2(C)C,36.619998931884766,3.0,-10.360791,5.1234064
791,OC1C2OC3C2C13O,25.658000946044922,0.0,11.390492,-0.9517445
792,CCC12CC1(O)CC2O,36.9119987487793,3.0,-7.085837,-3.615877
793,c1nnn2c1OCCC2,25.882999420166016,0.0,24.51892,-2.5444756
794,CC(C)C1CC1(C)CO,41.91400146484375,3.0,-24.686079,-1.5710168
795,NC(=O)Nc1cn[nH]n1,28.729999542236328,1.0,38.361897,1.7695907
796,C#CC1C=CC(=O)N1,26.26799964904785,1.0,2.492881,-4.1407824
797,COc1nc(=N)nco1,27.32699966430664,1.0,29.843868,-12.413799
798,O=C1C2CN3CCC2C13,26.724000930786133,1.0,5.383234,19.912369
799,C#CC(C)(C=O)C(C)C,40.06399917602539,3.0,-29.966558,7.7808905
800,CC(C)COCC1CC1,39.70199966430664,3.0,-22.397257,-10.640038
801,N#Cc1noncc1=O,24.659000396728516,0.0,37.90034,-12.642628
802,OC1CN2C3C(O)C2C13,30.01099967956543,1.0,-1.6366566,21.611986
803,CC1CC2CN2C1=O,27.399999618530273,1.0,20.94225,-10.125476
804,CC1C2CC(CO)CN12,34.74700164794922,2.0,-5.176371,-3.998922
805,CC1(C)C(=O)OC1C#N,32.025001525878906,2.0,-17.003757,16.280262
806,CC1(C)CC12CCCC2,37.72700119018555,3.0,-15.5336485,-0.90689474
807,NC(=O)C1(C2CC2)CC1,35.16299819946289,2.0,-18.855179,16.578564
808,O=C1CC=C(CO)N1,27.867000579833984,1.0,-1.6088312,-13.217074
809,CCC(C)C(=O)CCO,40.4010009765625,3.0,-31.335842,-13.814891
810,N=C1C(O)C2CN12,23.075000762939453,0.0,13.948038,0.5147172
811,O=[N+]([O-])c1nc(O)co1,25.158000946044922,0.0,38.900425,2.456409
812,N#CC12CC(N1)C2=O,23.5939998626709,0.0,8.16166,22.48113
813,C1OC2CC(C2)O1,21.357999801635742,0.0,17.827332,-7.8723197
814,OC1Cc2cccn2C1,29.55699920654297,1.0,34.6243,-13.896006
815,CN=COC(C)C1CN1,36.242000579833984,3.0,-12.780183,-17.458292
816,CC(O)C1CC2OC2C1,34.154998779296875,2.0,-4.7202525,-1.0618309
817,COc1nonnc1=N,27.97100067138672,1.0,38.218075,-8.956876
818,COC1C2COC21C=O,31.086000442504883,1.0,-0.10119022,-7.202003
819,N=C(N)c1nnon1,23.915000915527344,0.0,33.42318,-15.096702
820,CC1NC1C(C=O)C=O,33.75,2.0,-14.174127,-8.054619
821,CCOC12CN3CC1C32,31.72599983215332,2.0,1.5718546,4.2084107
822,C1=Cn2nncc2OC1,24.545000076293945,0.0,23.679071,-2.1154377
823,CC12CCN3C4C3C1C42,30.08799934387207,1.0,-3.963305,27.013466
824,C#CCC(O)C(C)CC,41.72600173950195,3.0,-29.663315,-11.245559
825,C#CCC(O)C(C)=O,32.268001556396484,2.0,-14.271004,-13.123263
826,OCC12NC3C1NC32,25.840999603271484,0.0,13.243546,-0.76764685
827,N#CCC1CC2(CC2)O1,31.716999053955078,2.0,-3.6623023,12.008786
828,CC1CN1CC1(O)CC1,36.678001403808594,3.0,-14.354744,0.48234737
829,CCC(O)COCC=O,38.09600067138672,3.0,-22.728636,-16.68505
830,CNC(=O)OC,23.82699966430664,0.0,21.696918,-11.629336
831,COC(=O)C1CCCC1,33.60900115966797,2.0,-12.083087,-4.6720743
832,CC1CN2C3C4C1C4C32,29.576000213623047,1.0,-0.1939038,27.096397
833,C(CC1CC1)CC1CC1,37.62799835205078,3.0,-11.879752,-3.4278636
834,c1ncc(C2CO2)nn1,25.400999069213867,0.0,29.481386,-14.651029
835,C1NCc2n[nH]nc21,22.68899917602539,0.0,24.77669,-0.34618562
836,CC12CN(C1)C21CC1O,33.66299819946289,2.0,-12.163244,22.664434
837,C#CCC(O)C(O)CO,38.097999572753906,3.0,-30.052923,-13.403233
838,C#CCNC(=O)N1CC1,33.20600128173828,2.0,-10.027189,-3.621328
839,C#CC#Cc1cc[nH]n1,28.514999389648438,1.0,24.22758,-6.873686
840,NC=Nc1ncon1,24.235000610351562,0.0,44.239025,-5.6265235
841,CN1C2C(C)(O)CC21C,38.43600082397461,3.0,-23.982954,15.579803
842,CC12COC1C=CCO2,30.969999313354492,1.0,0.122967936,-5.684493
843,CC#CC1CC1(O)C=O,34.96900177001953,2.0,-12.833849,-3.9425225
844,C#Cc1[nH]ncc1C=O,27.93400001525879,1.0,19.956629,2.1117103
845,Oc1nnc(O)[nH]1,21.37299919128418,0.0,40.10438,-11.002671
846,CC(C)C(C)NC(N)=O,41.308998107910156,3.0,-28.150513,13.482825
847,C#CC1(C)N(C)C1(C)C,41.26599884033203,3.0,-28.199514,11.304026
848,CC12C=CC(OC1)C2=O,29.53700065612793,1.0,-8.461532,19.339869
849,CCCCC(=O)C(C)C,41.625,3.0,-28.669832,-13.268453
850,CCC1CC(C)(CC)O1,40.03499984741211,3.0,-25.553503,-6.719764
851,COCCC(C=O)CO,37.92499923706055,3.0,-24.600197,-20.149529
852,CC1C(C)(C)C1(C)C#N,39.733001708984375,3.0,-27.502134,15.717813
853,O=C1OC2(CO)CC1C2,29.458999633789062,1.0,-3.5969384,13.583592
854,COC(=O)C(=N)NC=O,31.034000396728516,1.0,-11.114567,14.394024
855,CCC1=CCOC(C)C1,36.41999816894531,3.0,-17.95663,-9.574726
856,CC(CO)CCCCO,42.20199966430664,3.0,-31.012564,2.1195397
857,C#CC1CC1(C)C(C)O,39.404998779296875,3.0,-24.97979,8.840552
858,CC1C=CC(=N)O1,23.44099998474121,0.0,23.437849,-10.6487255
859,C1OC1CC12CCC1O2,31.17799949645996,1.0,3.700048,1.3151436
860,C1OC12C1NC3C1NC32,26.253000259399414,1.0,4.9785547,25.296097
861,CNc1nc(C=O)c[nH]1,30.71500015258789,1.0,34.876472,-2.5444255
862,CCC1(COC)CC1C,40.694000244140625,3.0,-21.772417,-17.131313
863,CCC(CC(N)=O)OC,39.207000732421875,3.0,-26.446743,-15.719284
864,CN1C2(C)CC1(C)C2O,38.400001525878906,3.0,-24.082687,19.716692
865,CC1(O)CC(O)(C#N)C1,35.6619987487793,2.0,-20.34888,15.708481
866,C1CN=C2OCC2C1,25.386999130249023,0.0,11.759543,-3.1679902
867,OCCC#CC1CC1O,36.409000396728516,3.0,-10.943798,-18.673094
868,Oc1cnc(O)nc1,23.871000289916992,0.0,41.541748,-9.207988
869,C#CCC(CC)CCO,40.90399932861328,3.0,-24.226988,-14.952266
870,Cc1n[nH]nc1[N+](=O)[O-],26.452999114990234,1.0,40.824112,1.1032871
871,O=C1C2CC13OCC3O2,26.297000885009766,1.0,5.5551033,20.046015
872,CC1(C)C(O)CC1CO,39.95600128173828,3.0,-20.957006,-5.9284463
873,CCC1(O)CC2CC21O,36.861000061035156,3.0,-8.214188,-5.2215953
874,O=c1ccc(F)c(F)o1,25.540000915527344,0.0,39.485245,-3.1431134
875,CC1C(C#N)C2NC12,27.55299949645996,1.0,11.463984,-5.7572594
876,CNc1nc(N)nn1C,33.854000091552734,2.0,33.51512,-6.1147437
877,N=C1CC2(CC2)O1,23.56800079345703,0.0,17.236559,-8.628034
878,CC(=O)OCC(N)=O,30.547000885009766,1.0,-8.671906,-15.676325
879,CC1NC12C=CCC2=O,31.385000228881836,2.0,-2.7297363,-0.9106982
880,CC1=CCC(O)C1=O,28.714000701904297,1.0,-0.7477602,-9.287131
881,C#CC12CC3CC1(C)C32,32.73400115966797,2.0,-8.225004,18.194603
882,CC(C)NC(=O)CCO,39.766998291015625,3.0,-31.384588,-13.044061
883,CCC(C=O)CCC=O,37.21799850463867,3.0,-23.226639,-16.36884
884,Nc1cc(=O)[nH]cn1,25.18600082397461,0.0,41.299747,-2.6136978
885,C#CC1CC2C3OC1C23,28.72599983215332,1.0,5.776104,17.122988
886,CCOC(=NC)C(C)C,41.23500061035156,3.0,-29.186172,-7.40916
887,CC1=C(C)C(=O)N(C)C1,35.32699966430664,2.0,-26.158321,16.960112
888,Nc1n[nH]c(CCO)n1,32.35900115966797,2.0,35.718185,0.020041775
889,COCC(=O)C(C)O,33.30699920654297,2.0,-15.643161,-16.088356
890,CC(C)CC1CCCO1,37.895999908447266,3.0,-10.750482,-16.149225
891,C#CC(C#C)C(O)CC,39.04999923706055,3.0,-28.513884,6.4558997
892,C#CC1C=CCCO1,27.97100067138672,1.0,-1.6838628,-16.111416
893,CC#CC12CN3CC1C32,30.641000747680664,1.0,3.0236378,20.038157
894,N#CCOc1ncco1,26.39699935913086,1.0,34.903397,-11.79678
895,CC1(C)CC2OCC21O,35.62200164794922,2.0,-8.13648,-5.571679
896,N#CC12CNC1CO2,24.93400001525879,0.0,14.3132515,-1.3088546
897,COCC(CCO)OC,40.0890007019043,3.0,-24.503643,-18.822073
898,CC1CC(C)(C=O)O1,31.562999725341797,2.0,-7.165087,-17.705805
899,CCC(CC)N=COC,40.70600128173828,3.0,-25.523527,-14.131286
900,CC1CC2(O)CC12CO,36.74100112915039,3.0,-11.949367,0.029417116
901,CC#CC(C)(C#N)CC,38.78499984741211,3.0,-28.744839,1.5009527
902,CCC1C(O)CC12CC2,37.38100051879883,3.0,-11.296957,2.8214293
903,CC12C3OC1C1CC3N12,27.236000061035156,1.0,-2.8145175,29.157072
904,CC1C2CCOC=NC12,31.676000595092773,2.0,1.3433585,-6.5620656
905,O=C1OCC2CCOC12,27.09000015258789,1.0,5.1600323,-0.7580549
906,CC12COCC3C1N3C2,30.488000869750977,1.0,-2.6221485,11.568577
907,CC1OC2CC(=O)NC12,30.17799949645996,1.0,-4.2852006,21.02193
908,CCCC1(C)OCC1C,40.02399826049805,3.0,-24.062654,-19.20075
909,OC12CC3C1COCC32,29.52899932861328,1.0,-2.1552463,11.37912
910,CCC1(C)C2CC(C)C21,38.849998474121094,3.0,-23.78544,19.668177
911,CC(=O)NC=N,22.60300064086914,0.0,23.33483,-7.268529
912,CNC(C)(C#N)C(C)C,41.00899887084961,3.0,-30.164822,10.451123
913,CC(C)CC1(CO)CO1,38.915000915527344,3.0,-23.616533,-6.7588267
914,CC12COC(C)(C)C1N2,36.28900146484375,3.0,-22.669182,16.375412
915,CC1(C)OC(=O)C1(C)C,37.992000579833984,3.0,-29.604868,15.520259
916,CCC1C=CC(C=O)C1,34.28200149536133,2.0,-14.630028,2.0853858
917,N#CC(=O)CC#CC=O,29.94099998474121,1.0,-4.806246,-2.5522
918,OCC1C2CC2C2OC12,30.781999588012695,1.0,2.0209432,5.5850053
919,c1cc2[nH]nncc-2n1,23.10099983215332,0.0,46.168175,0.46795344
920,OC1C2OC3C=CC2C31,26.768999099731445,1.0,7.710175,20.086096
921,c1nnn2c1OC1CC12,23.860000610351562,0.0,18.247978,-0.05546346
922,C1CC1C1CO1,21.360000610351562,0.0,22.76533,-2.8341534
923,CNc1cc(C)cn1C,36.354000091552734,3.0,33.092842,-4.8213973
924,N#CC1CC(C2CN2)O1,29.808000564575195,1.0,1.6691136,6.948135
925,O=C1CC2C=CC1O2,23.048999786376953,0.0,11.611313,-2.3117363
926,C#CC1(C)CCC(=O)C1,34.694000244140625,2.0,-19.482925,13.999117
927,OC12C3OC4CC(C41)C32,27.316999435424805,1.0,-3.5063396,29.27719
928,N#CCOCC1CO1,27.88599967956543,1.0,19.727396,-11.140518
929,C#CCC1(C)C(C)C1O,39.375999450683594,3.0,-25.995743,10.532649
930,Cc1ccccc1N,28.959999084472656,1.0,38.26195,-7.2720213
931,O=C1OCOC1C1CN1,27.958999633789062,1.0,-2.7555182,6.703589
932,C#CCC1OC1(C)CC,38.48099899291992,3.0,-24.497496,-7.0156393
933,C#CCC(CO)C(C)C,41.441001892089844,3.0,-30.177055,-11.481559
934,C#CCC(C)C1CC1,34.0989990234375,2.0,-1.0412977,-9.655256
935,CC1NC(=O)C=CC1O,32.808998107910156,2.0,-11.0653305,-3.644015
936,N#CC12CC=CC1NC2,28.81399917602539,1.0,2.5416934,3.5075827
937,Cc1nc(N)cc(O)n1,31.257999420166016,1.0,32.680645,-5.6943784
938,Cc1nc(O)no1,21.523000717163086,0.0,41.794765,-4.959241
939,CCOCC(=N)NC=O,34.513999938964844,2.0,-10.665909,-23.432493
940,NC(=O)C1C=CCOC1,32.0620002746582,2.0,-3.4263988,-1.8714918
941,Cc1n[n-]c([NH+]=CN)n1,31.636999130249023,2.0,37.568035,2.7159905
942,CCCCCC(O)CO,41.492000579833984,3.0,-20.969124,-17.67879
943,CC1(C)C2C3C(O)C2N31,33.250999450683594,2.0,-10.36316,22.515066
944,COCC1CC(C)C1O,38.082000732421875,3.0,-15.601422,-13.40774
945,CC1CCC2OC1C2=O,30.825000762939453,1.0,1.0008422,-8.286979
946,CC1=NC2(CC2)C(C)O1,33.79899978637695,2.0,-16.241385,18.442486
947,CCC1(C)C2CC3C2C31,34.768001556396484,2.0,-10.287492,21.381203
948,O=c1[nH]nnn1C1CC1,27.684999465942383,1.0,40.7503,4.556082
949,CC(C)CC(F)(F)F,31.617000579833984,2.0,-10.374103,-24.314682
950,CCOCC=O,24.18600082397461,0.0,22.08318,-10.058585
951,N=C(N)C(F)(F)F,23.621000289916992,0.0,26.234602,-12.985001
952,CC1(C)CC=CCC1O,37.24599838256836,3.0,-19.916058,-6.816904
953,CC1(C#N)CC1(C)CO,37.5989990234375,3.0,-25.228287,14.020266
954,O=CC(C=O)(CO)CO,35.89699935913086,2.0,-22.685322,-4.777333
955,CCN(C=O)C(=O)NC,35.11600112915039,2.0,-29.224367,0.65124136
956,CC1C2CC3N1C23C#N,29.235000610351562,1.0,1.8887541,22.404202
957,C1C2N1CC21CO1,22.152999877929688,0.0,17.454441,-1.2387302
958,C1=C(CN2CC2)CCC1,33.17100143432617,2.0,-8.829448,16.715593
959,C1=CC2OC1CC21CO1,27.25,1.0,6.7437534,23.767817
960,O=COC1C2CCCC21,30.413999557495117,1.0,2.5942812,-1.1616865
961,C1C2CC1C1CC1O2,25.402000427246094,0.0,16.776413,-4.9081836
962,CCc1nccc(=O)[nH]1,30.090999603271484,1.0,37.098026,0.15906574
963,COCCC(C)C1CO1,38.02000045776367,3.0,-14.936308,-15.301627
964,O=c1nc(O)nco1,21.292999267578125,0.0,42.53166,-12.549658
965,COCCC(O)C(N)=O,37.803001403808594,3.0,-27.868237,-17.301752
966,CC12CN1C1(C)CC21C,36.715999603271484,3.0,-22.038832,13.736289
967,CCCC1C(C)OC1C,39.60900115966797,3.0,-24.645021,-19.219362
968,CN1C=CCCNC1=O,32.05400085449219,2.0,-8.320839,-20.223906
969,CC1CC1(C)CCC#N,37.84700012207031,3.0,-13.112573,-18.636213
970,Cc1cc(=O)ocn1,24.577999114990234,0.0,39.79837,-11.866076
971,Cc1oc(=N)oc1N,27.844999313354492,1.0,35.66792,-6.9309654
972,O=C1C=CCC1O,22.742000579833984,0.0,16.98917,-6.1486845
973,Cn1ccn2cnnc12,26.611000061035156,1.0,45.384533,-9.183128
974,ON=C1C=C2CC3C2C13,28.18600082397461,1.0,-0.12693134,24.437838
975,CC12CC3C(C=O)C1C32,31.12700080871582,1.0,-17.173487,22.805277
976,CN(C)C(C#N)C1CN1,35.290000915527344,2.0,-18.1666,16.206457
977,OC1CN2C3CC1C32,25.764999389648438,0.0,13.835676,-1.4656638
978,CC1CN(C=O)C1,25.698999404907227,0.0,25.87758,-12.527651
979,CCC1OCCC1OC,36.28499984741211,3.0,-10.157928,-19.72528
980,CC1C(=NO)CC1(C)C,39.007999420166016,3.0,-28.089449,9.640692
981,CCC(CO)C(=O)OC,38.284000396728516,3.0,-27.360846,-14.964446
982,COc1cc(N)c(O)[nH]1,34.79100036621094,2.0,36.240738,1.6757282
983,CC1CCC=CC12CO2,33.19300079345703,2.0,-3.4383428,-8.761728
984,Cc1oc(N)nc1C#N,29.913999557495117,1.0,32.462296,-6.9675174
985,COc1noc(=O)o1,23.18400001525879,0.0,33.741886,-13.784316
986,COC1CC2C(O)C12C,35.63600158691406,2.0,-6.5033245,-1.4131082
987,CC1(C)CC(O)C12CN2,37.44300079345703,3.0,-21.225368,16.310387
988,CC(=O)C(N)=NC(C)C,39.4900016784668,3.0,-28.358473,10.323026
989,C#CC#Cc1ncc[nH]1,28.496000289916992,1.0,24.164543,-5.97308
990,CC#CCC1(C)CCC1,38.40599822998047,3.0,-16.326824,-10.681708
991,C#Cc1cc(C#C)[nH]n1,29.516000747680664,1.0,33.613937,-7.7616205
992,C#CCCC(O)COC,39.095001220703125,3.0,-25.40392,-17.505291
993,OC1CC2(O)C=CCC12,32.277000427246094,2.0,-9.219437,17.394743
994,C#CC(CC)C(O)C=O,36.994998931884766,3.0,-19.779488,-5.89488
995,CC12C3OC4C3N1C42,23.535999298095703,0.0,3.1130915,28.838846
996,c1nc2cnocc-2n1,22.035999298095703,0.0,44.626194,-10.943103
997,CNC(=O)C(C)(C)OC,40.297000885009766,3.0,-29.371132,11.276704
998,C#CC(C#N)C(O)C#N,32.27399826049805,2.0,-18.624855,15.942002
999,O=C1N2C=NC3C2C13O,25.965999603271484,0.0,3.881493,19.619719
1000,CC1(C)OC(=N)CC1O,35.81399917602539,2.0,-24.97261,12.474858
1001,COCCNC(=O)C=O,34.10499954223633,2.0,-15.26171,-16.047705
1002,COCCC(=O)CCO,38.05699920654297,3.0,-23.355068,-18.348484
1003,CC1C(C#N)C2OC12,26.775999069213867,1.0,11.895101,-6.6263456
1004,N#CC#CC1CC1,23.40999984741211,0.0,19.925354,-6.28285
1005,O=C1CCC2CN12,21.95800018310547,0.0,18.46839,-1.044548
1006,N=C1OCC2C=CCC12,28.00200080871582,1.0,3.350372,0.9185279
1007,CC1C(O)C2C3C1CN23,31.281999588012695,1.0,-2.729716,26.713572
1008,c1nc2c(o1)C1CN2C1,23.965999603271484,0.0,43.041306,5.4440784
1009,CC12CC3C(C1)C32,24.402000427246094,0.0,16.365421,-4.562355
1010,CC(C)C(C)OC(N)=O,40.0099983215332,3.0,-27.031605,13.142539
1011,CC12C3C4N1C4(C#N)C32,28.143999099731445,1.0,-3.259645,26.45617
1012,Cn1nnc2n[nH]nc21,24.381000518798828,0.0,45.7504,0.49865764
1013,CN=C1CC2(COC2)O1,31.222000122070312,1.0,-2.669796,10.437905
1014,CC1CCNC(=O)N1C,34.446998596191406,2.0,-11.917134,-11.760037
1015,CC(CO)C1NC1C#N,35.14899826049805,2.0,-9.757078,-13.273868
1016,c1nnn2nccc2n1,21.847999572753906,0.0,47.379005,-9.395729
1017,C#CC1C(C)=CC2CN21,32.26100158691406,2.0,-8.140221,20.15374
1018,N#CC(=O)CCCC=O,32.65299987792969,2.0,-13.56909,-7.6432085
1019,CCC1=CC(C)C2CC12,35.69900131225586,2.0,-9.489332,14.043305
1020,CCC1OC1(CC)CC,40.88100051879883,3.0,-24.812677,-17.04749
1021,C1=CC2C3CC2(C1)O3,24.2810001373291,0.0,7.3221264,24.36721
1022,CCNc1cnoc1C,33.59199905395508,2.0,33.768593,-7.0805297
1023,O=C1CC(C2CC2)O1,26.80299949645996,1.0,11.309605,-5.9433727
1024,CC(O)C1OCC(=O)O1,31.54199981689453,2.0,-10.548084,12.314343
1025,C#CC12CCC1C2,25.229999542236328,0.0,19.3121,-1.4095037
1026,C1=C2CCCCC2OC1,30.76099967956543,1.0,1.1462473,-3.7845519
1027,CC#CC12CC1CC2C,35.85599899291992,2.0,-5.2715898,-5.372478
1028,c1ccc2c(c1)OCO2,25.417999267578125,0.0,22.212059,-1.6224769
1029,C1=CC2Cn3nnc1c32,23.73200035095215,0.0,8.576949,26.332186
1030,NC(=O)c1ncon1,23.417999267578125,0.0,34.65237,-14.553783
1031,CC1NC1C#N,21.2549991607666,0.0,21.943298,-4.613233
1032,N#CC(O)C1=NCCN1,30.48699951171875,1.0,-3.960375,-0.6470737
1033,CCC#CC1CC1OC,37.14400100708008,3.0,-11.859606,-17.578741
1034,CC(=O)C(=N)N(C)C=O,34.11600112915039,2.0,-25.549274,16.818495
1035,C#CCC1(CCO)CN1,36.83000183105469,3.0,-14.762746,-8.574943
1036,Cc1nnc2ocnn12,24.52199935913086,0.0,44.62994,-8.617837
1037,Cc1nc(N)n[nH]1,24.040000915527344,0.0,39.227077,-9.67689
1038,CC(=O)C1(C)CCC1=O,35.09600067138672,2.0,-23.484552,14.410525
1039,CCCC1COC(C)=N1,35.641998291015625,2.0,-10.196238,-18.883415
1040,CC(O)CC(=O)C(N)=O,35.79399871826172,2.0,-27.005854,1.773455
1041,CCC(C=O)C(N)=O,32.040000915527344,2.0,-15.252571,-15.3722725
1042,C#CCC1(O)CC1CO,37.29800033569336,3.0,-18.44541,-10.277696
1043,N#CC1C2C=CC1C2,24.468000411987305,0.0,11.137602,-0.7187217
1044,C#CCN=C(N)C(C)O,38.172000885009766,3.0,-23.255741,-1.9852248
1045,CC1CC(C)C(C#N)N1,35.33399963378906,2.0,-17.198935,17.474316
1046,CC(=NO)C12CN(C1)C2,32.696998596191406,2.0,-9.310583,18.069607
1047,CC(O)C1(CO)NC1C,39.63999938964844,3.0,-22.651604,-3.9339402
1048,CCCC1NC1C(C)O,39.106998443603516,3.0,-20.980675,-9.619851
1049,N#CC12CC3OC1CC32,26.374000549316406,1.0,5.022753,19.169914
1050,OCC(CO)C1CC1,34.172000885009766,2.0,-8.09189,-19.805029
1051,Cc1cncc(F)n1,24.075000762939453,0.0,41.253983,-9.719184
1052,CC1CN2C(C#N)C12,27.312000274658203,1.0,6.848849,-2.1582744
1053,CC12OC1COC1CC12,30.829999923706055,1.0,-2.0568702,8.249399
1054,C#CC(C)(O)C(O)CC,41.625,3.0,-29.347364,10.608323
1055,Nc1nnc(N)o1,22.525999069213867,0.0,41.337486,-4.520379
1056,CC1NC12CC(O)C2O,35.44599914550781,2.0,-10.984848,-1.0892619
1057,Nc1nc2[nH]ccn2n1,26.913999557495117,1.0,45.24348,-1.863702
1058,OCCC1CC(CO)O1,35.880001068115234,2.0,-13.400258,-13.237134
1059,CC1(C)CC1(C)C(N)=O,39.91600036621094,3.0,-28.710484,14.054152
1060,CC12OC(=N)C3OC1C32,27.933000564575195,1.0,-7.289836,25.44802
1061,C1OC2OC1C1NC21,22.246999740600586,0.0,12.710455,1.202024
1062,CC1(O)CCOC1C#N,33.45899963378906,2.0,-9.719199,-17.28741
1063,CC#CC1NC1C(N)=O,34.4739990234375,2.0,-15.6609,3.3044796
1064,C#CCN1CC1(C)C,34.21200180053711,2.0,-10.058758,-13.974584
1065,CC(=NO)C1CC(=O)C1,34.290000915527344,2.0,-22.128033,17.204151
1066,CC(=O)CC1(O)CC1C,37.69599914550781,3.0,-27.49226,11.230807
1067,CC#Cc1ncc(N)o1,31.155000686645508,1.0,28.362303,-11.791965
1068,COC(C)(C)CCC#N,39.56100082397461,3.0,-24.810955,-13.493797
1069,COCC1C2OC1C2=O,30.663999557495117,1.0,0.65696514,-7.098567
1070,CC(O)CC#N,24.229000091552734,0.0,21.77631,-9.281437
1071,Cc1cnc(N)c(C)n1,33.05400085449219,2.0,32.375587,-4.996459
1072,CC1OC1C#CCC=O,33.58100128173828,2.0,-7.131326,-16.154488
1073,O=C1CCC1C1CN1,28.045000076293945,1.0,10.025393,-2.4324813
1074,CC1(C=O)CN1CC=O,34.233001708984375,2.0,-13.271515,-0.6375067
1075,c1onc2c1C1CC2O1,23.486000061035156,0.0,16.153614,1.098764
1076,C#CC12CCC1OC2,27.63599967956543,1.0,10.093998,-1.4481765
1077,C#CC1(C(C)O)NC1C,38.566001892089844,3.0,-26.970137,2.4770942
1078,C1C2CC3(C12)C1COC13,29.2549991607666,1.0,-4.8995986,23.905214
1079,CCCN=C(C#N)NC,37.51300048828125,3.0,-19.387352,-19.619234
1080,C1OCC2(CC2)CO1,27.158000946044922,1.0,3.4077208,-8.226765
1081,CC1(O)CCC=CCC1,36.79999923706055,3.0,-19.186758,-7.337889
1082,CC1OC1C(N)=O,26.35099983215332,1.0,26.834532,-11.280721
1083,N=C1OC2CC3C2N13,22.201000213623047,0.0,11.657439,15.833633
1084,N=C1CC2(CC2)O1,23.56800079345703,0.0,17.236559,-8.628034
1085,C#CC1CC1C(O)CO,36.43000030517578,3.0,-15.499656,-8.550944
1086,Cc1cn[nH]c1N,25.20199966430664,0.0,42.488678,-5.432042
1087,N#CCCC1CC1C#N,31.959999084472656,2.0,-2.3694837,-14.54241
1088,CCC(OC)C1(C)CC1,40.83000183105469,3.0,-26.96147,-3.7422633
1089,C1OC23CCC2C1C3,25.586999893188477,0.0,11.700626,-1.9999294
1090,C#CCC(C)C(C)CO,41.362998962402344,3.0,-31.159077,-12.321443
1091,CCC1(CCO)OC1C,39.76300048828125,3.0,-27.352013,-18.48701
1092,N=C1OC2C3OC1C23,21.67799949645996,0.0,11.332586,15.549904
1093,C#CC(O)C(=O)C(C)C,37.79399871826172,3.0,-28.854488,8.98328
1094,CCC12CN(C1)C2CO,34.89899826049805,2.0,-6.1034327,-3.1618881
1095,CCn1cc(O)cn1,28.527999877929688,1.0,35.91105,-6.346808
1096,CCC(CCOC)OC,41.43600082397461,3.0,-20.948473,-17.115635
1097,CC(=O)CC1OC1(C)C,38.21799850463867,3.0,-26.094496,9.989961
1098,Cc1coc2ncnn12,25.257999420166016,0.0,44.463425,-7.8969254
1099,CC1C(=O)C(C)C1(C)O,38.62099838256836,3.0,-28.84788,15.048672
1100,CC1OC23CN4C2C1C43,27.959999084472656,1.0,-1.5788254,28.536612
1101,CCN=COC(C)CC,40.5890007019043,3.0,-28.460014,-14.992793
1102,CCCC(C)(O)C=O,36.21099853515625,3.0,-11.321245,-24.539948
1103,CCCN1CC1COC,38.66899871826172,3.0,-10.545234,-17.123535
1104,Cc1cnc(C=O)o1,24.833999633789062,0.0,38.717834,-11.121894
1105,C#CC(C)N1CC1C=O,34.82500076293945,2.0,-14.983302,-1.2970972
1106,CC1C(C)(C)C1(C)C,39.63800048828125,3.0,-29.401943,5.5501976
1107,C1CC23CC(C2)C3O1,25.242000579833984,0.0,9.808323,23.869314
1108,CCC1OCOC1(C)C,37.630001068115234,3.0,-22.391314,-15.605933
1109,N#Cc1nccoc1=N,25.822999954223633,0.0,37.066578,-12.127492
1110,CCC(C)(O)C(O)C=O,39.74100112915039,3.0,-29.595682,12.211614
1111,N#CC1CNC(CO)=N1,30.510000228881836,1.0,-5.551764,-0.6261004
1112,CCc1cnc[nH]c1=O,29.836999893188477,1.0,29.557522,-15.493031
1113,CC1N=C(N)COC1=N,32.676998138427734,2.0,-11.775774,1.075736
1114,ON=C1CCC12CN2,28.549999237060547,1.0,11.757736,-4.8238344
1115,OCC1C=CCOCO1,31.985000610351562,2.0,-7.720225,-18.121555
1116,CC(=O)C#CCOC=N,33.534000396728516,2.0,-15.116894,-6.976157
1117,C1CC12C1OC2C12CN2,30.110000610351562,1.0,2.3690348,22.190805
1118,O=c1onncc1F,21.601999282836914,0.0,44.348225,-4.9536166
1119,CC1OC12CC(CO)C2,35.72800064086914,2.0,-14.136238,-0.7409406
1120,O=C1CC2NC2C1=O,24.16900062561035,0.0,10.81601,-1.5612688
1121,O=[N+]([O-])c1c[nH]cn1,21.645999908447266,0.0,43.247383,-0.21406652
1122,CC1(O)CC2(C)CCC12,37.60200119018555,3.0,-24.478111,19.125547
1123,O=C1OC2CCC1O2,22.349000930786133,0.0,17.226297,-4.0627093
1124,C1=NC2C3CCC(O1)C32,26.481000900268555,1.0,1.1742498,23.610645
1125,CC1C=CC2OC2C1C,33.40700149536133,2.0,-3.0573065,-6.2653995
1126,N#CCOC12CN(C1)C2,29.430999755859375,1.0,2.8747523,19.418089
1127,C#CC(C#C)C(C)C=O,36.494998931884766,3.0,-24.776903,10.250843
1128,COc1[nH]c(C)cc1O,35.064998626708984,2.0,-16.753593,17.5422
1129,Cc1cc(O)oc1N,29.87700080871582,1.0,35.265022,-5.410725
1130,Cc1nc2nonc2o1,24.16200065612793,0.0,44.658745,-10.014333
1131,C1C2OC34COC3C2C14,25.69700050354004,0.0,4.4896827,24.229115
1132,CC1C2(C)CC1(O)C2C,38.76900100708008,3.0,-24.287779,18.69477
1133,CC1CC12CCC2O,32.262001037597656,2.0,-1.9179736,-18.246445
1134,NC(=O)C1C2CC3C2N31,29.281999588012695,1.0,2.200077,23.915716
1135,CC12CCC1NC(=O)C2,32.257999420166016,2.0,-9.356172,19.856129
1136,CCCN=C(CO)OC,38.939998626708984,3.0,-24.171944,-16.629358
1137,CC12CC3NC(=O)N1C32,28.617000579833984,1.0,-10.340534,24.777414
1138,CC1CN=COCC1C,35.06100082397461,2.0,-11.036799,-16.603724
1139,O=C1N2CCC2C12CO2,27.81999969482422,1.0,4.0844927,18.890276
1140,N#CC1OCC2OC12,23.566999435424805,0.0,12.422783,0.7391347
1141,N=C1CC(=O)NCCO1,30.231000900268555,1.0,-1.8933407,-4.6284475
1142,C1OC2Cn3nnc1c32,23.819000244140625,0.0,17.792236,-0.21245821
1143,CC(CO)C1C(O)C1O,38.55699920654297,3.0,-20.128277,-5.898778
1144,N=c1onc([N+](=O)[O-])o1,24.156999588012695,0.0,44.16121,1.5575796
1145,N=C1NC(=O)C2CN12,23.628999710083008,0.0,7.3164215,23.195972
1146,CC(C)C(C)C(N)C#N,40.75400161743164,3.0,-29.342237,14.016293
1147,c1ncc2ncnn2n1,21.051000595092773,0.0,47.56376,-10.2948885
1148,N=c1[nH]cc[nH]c1=O,25.243999481201172,0.0,42.067364,1.3217921
1149,CC(C=O)C(C)(C)C#N,38.07099914550781,3.0,-28.281515,15.240473
1150,CC1(CCCO)CC1O,39.95500183105469,3.0,-24.703396,-16.443024
1151,CC1(C)OC(C#N)C1=O,32.78799819946289,2.0,-22.790155,20.195467
1152,Oc1c[nH]c2c1CCC2,30.90999984741211,1.0,40.600246,6.1875978
1153,C#CC(=O)N(C)CCC,37.637001037597656,3.0,-24.773043,-0.14068127
1154,O=C1C2C3N2C2C1C32O,26.10099983215332,0.0,1.5231552,28.657623
1155,CC(C)(O)C1CC2OC21,35.652000427246094,2.0,-11.630154,17.65266
1156,N=C1OCC12CCO2,25.548999786376953,0.0,15.085038,-3.3741374
1157,COc1ncoc1CN,31.493000030517578,2.0,35.50823,-3.724082
1158,Oc1cc2occc2[nH]1,27.875,1.0,43.064186,-1.3518392
1159,O=c1ncc(F)co1,21.767000198364258,0.0,42.587852,-13.148263
1160,C1OCC2(CC2)O1,23.156999588012695,0.0,21.081316,-8.114925
1161,CNC12CCC1OC2=O,31.1299991607666,1.0,0.09141634,-6.3188663
1162,CC12CN=COCC1N2,31.402000427246094,2.0,-6.9405303,4.02662
1163,N#CCN=c1occo1,26.816999435424805,1.0,30.470505,-15.130197
1164,CC12CC(C=O)(O1)C2=O,30.60099983215332,1.0,-15.484914,22.061548
1165,CC1OC(C)C(C)C1=O,35.96900177001953,2.0,-19.661613,10.385986
1166,CC1COCCC1(C)O,37.400001525878906,3.0,-22.683338,-14.551097
1167,CC1CC(=O)N2CC12C,33.67499923706055,2.0,-8.678572,12.582038
1168,C1=Nc2ocnc2CO1,23.26799964904785,0.0,26.36356,-2.6438432
1169,c1nc2cn[nH]nc-2n1,21.445999145507812,0.0,46.19929,0.060140777
1170,C#CC1=CCCC1CC,35.625999450683594,2.0,-15.013436,-4.0736356
1171,c1nc2n(n1)CC1NC21,23.91699981689453,0.0,43.069637,6.76281
1172,C1=Nc2ocnc2CO1,23.26799964904785,0.0,26.363466,-2.6438339
1173,CC(C)(C)OCC(N)=O,40.893001556396484,3.0,-27.293499,12.457165
1174,OC1Cn2ncnc21,22.861000061035156,0.0,47.161373,-4.8508835
1175,CC1(C2CO2)C(O)C1O,35.41899871826172,2.0,-19.580633,17.914846
1176,NC(=O)C(CO)OC=O,33.071998596191406,2.0,-11.208088,-5.3031707
1177,CC12C3C4C3C1(C)N42,28.091999053955078,1.0,-2.0623279,24.995596
1178,OC12CC3C4N3C1C42O,28.76300048828125,1.0,0.13459899,27.922098
1179,N#CCc1nnon1,21.792999267578125,0.0,47.276497,-6.528965
1180,CCC1(C)OCCCO1,36.595001220703125,3.0,-11.661628,-18.144693
1181,CCC1(C)CC1CC=O,38.694000244140625,3.0,-18.678423,-9.602957
1182,COC1C(=O)N2CC12,26.775999069213867,1.0,7.724901,-1.9439667
1183,Nc1cn[nH]c1C1CO1,29.760000228881836,1.0,42.863773,3.5767004
1184,c1cn2cn[nH]c2n1,21.100000381469727,0.0,25.858953,-0.14972602
1185,OCC1=CC(O)C2CC12,33.292999267578125,2.0,-7.2083898,14.846769
1186,O=CN1CC2CC21,22.43600082397461,0.0,17.936867,-2.256438
1187,CCOC(=O)C(C)CC,39.638999938964844,3.0,-28.42278,-13.008509
1188,CC1CC(C)C(C)(O)C1,40.27399826049805,3.0,-30.087658,5.747904
1189,COC12CCC(CC1)O2,31.851999282836914,2.0,-4.5976152,-0.7480303
1190,CC1CC2(C1)CC(C)O2,36.04800033569336,2.0,-21.490519,17.269688
1191,N#CCCC=O,21.003999710083008,0.0,19.780205,-8.286373
1192,CCC1(C#N)CC(=N)O1,32.46099853515625,2.0,-17.104239,18.617746
1193,OCC#CC1NC1CO,34.92399978637695,2.0,-8.538232,-18.67678
1194,CCCC1CN1CCO,38.904998779296875,3.0,-13.601447,-21.172333
1195,CCC(CCC=O)OC,39.38399887084961,3.0,-28.08266,-17.371
1196,C#CC1C2CC(=O)CN12,29.92799949645996,1.0,-9.299102,21.829472
1197,OC12C3NC1C1(O)C3C21,29.111000061035156,1.0,-2.962085,29.837809
1198,CCC(C)C#CCOC,40.29499816894531,3.0,-26.952011,-14.347426
1199,CC1CC1c1cocn1,30.1200008392334,1.0,32.17171,-13.702486
1200,C1C2C1C1C3CC1C2O3,26.386999130249023,1.0,6.535952,18.873001
1201,CC12CC1C1NC12,24.783000946044922,0.0,20.942549,-3.7223523
1202,C#CCC12COC1CN2,31.746000289916992,2.0,0.6910055,-4.3825855
1203,CC12OC3CC(O)C1C32,30.739999771118164,1.0,-11.222879,22.432318
1204,CCN=COC1CC1O,36.09700012207031,2.0,-13.226572,-20.587479
1205,N#CC12OCC3C1CC32,26.60300064086914,1.0,4.4339247,19.76472
1206,CN1C2C3COC(O3)C21,27.957000732421875,1.0,-3.248556,28.563107
1207,CCC1C(C)C1(O)C=O,38.20199966430664,3.0,-22.883919,10.932104
1208,CCC1(OC(C)C)CC1,41.178001403808594,3.0,-27.804546,-11.141075
1209,Nc1n[nH]c(=O)o1,21.444000244140625,0.0,36.63848,-10.833689
1210,C#CC(=O)C12CCC1C2,31.52400016784668,2.0,-9.566843,19.155235
1211,CC1(C)NC1(CO)CO,38.74100112915039,3.0,-26.111902,3.71595
1212,CCCC(C)N=COC,40.64899826049805,3.0,-24.82775,-14.73988
1213,CC#CC1CC(C#N)N1,32.54199981689453,2.0,-9.753335,1.6401495
1214,CCN1CC2OCCC21,32.89099884033203,2.0,-1.6757845,-14.895398
1215,CC1(C(O)CO)COC1,36.6510009765625,3.0,-16.957998,-4.8659024
1216,COC(=O)COC=N,29.259000778198242,1.0,-5.6891265,-17.19693
1217,COC(=O)C(C#N)CO,33.43899917602539,2.0,-15.882244,1.4758767
1218,O=c1cncc(F)o1,21.527999877929688,0.0,43.981403,-10.397042
1219,CNc1cc(O)cn1C,35.35900115966797,2.0,33.361862,-5.24091
1220,CN=c1ocncc1N,30.868999481201172,1.0,34.435036,-8.42594
1221,CC1=CC(=O)C2COC12,29.174999237060547,1.0,-9.001645,24.890224
1222,C1C2OC3CC2C1O3,22.229999542236328,0.0,14.734133,-3.3227184
1223,CCC1(C)C2CC3C2N31,33.974998474121094,2.0,-10.134771,22.404087
1224,c1nncc2c1CCC2,26.511999130249023,1.0,26.217064,-3.324129
1225,N=C1CC23CC(O2)C3O1,26.788000106811523,1.0,-0.9405565,27.577145
1226,O=C1COC2C3OC1C23,25.905000686645508,0.0,6.567367,17.758713
1227,N=c1cc(F)c(F)n[nH]1,26.584999084472656,1.0,39.87188,-0.96238416
1228,N=C(N)n1nc[nH]c1=O,28.996000289916992,1.0,39.63877,2.9131286
1229,CNC(=O)NC1COC1,34.145999908447266,2.0,-13.029868,-5.350812
1230,CCC(C=O)COC=O,35.215999603271484,2.0,-16.291506,-15.65929
1231,N=c1ccc(=O)[nH]cn1,26.746999740600586,1.0,41.145073,-1.5562919
1232,c1ncn2nccc2n1,22.30500030517578,0.0,46.67976,-9.563968
1233,C#CCC(CO)C(C)C,41.441001892089844,3.0,-30.176956,-11.481654
1234,OC1C2OCC2C12CO2,29.128999710083008,1.0,2.8921623,6.2978377
1235,C#CC1CC2(CC2)C1=O,32.308998107910156,2.0,-7.837988,18.573122
1236,CC(C)C1=CCCC1C,38.777000427246094,3.0,-20.109928,-7.3795543
1237,O=c1cc(F)cno1,21.8799991607666,0.0,42.173397,-9.645018
1238,C1=Cc2nocc2C1,21.701000213623047,0.0,27.51132,-1.3741223
1239,CCCC1(CC)CC1O,41.20199966430664,3.0,-24.14454,-17.189636
1240,N#CC1C(C#N)C2OC12,26.950000762939453,1.0,-2.5142071,23.43226
1241,CC1(C(N)=O)NC1C=O,34.24300003051758,2.0,-21.843925,16.109974
1242,CC#CC(N)C(=O)OC,36.71099853515625,3.0,-28.483799,-2.3583398
1243,N#CC1NCCCC1O,32.70800018310547,2.0,-10.470386,3.6284323
1244,CC1C=CCCC1(C)O,37.446998596191406,3.0,-22.723242,-5.516876
1245,CCC1C=CCCC1O,36.33700180053711,3.0,-14.019682,-20.764309
1246,CCCC1=NCC(C)O1,35.62900161743164,2.0,-17.179264,-9.381893
1247,O=C1C=CC2(CC2O)N1,30.349000930786133,1.0,-7.274643,18.317543
1248,CCCC1CC1(C)CO,41.24399948120117,3.0,-25.951109,-18.452291
1249,O=c1cnc(=O)ocn1,24.56599998474121,0.0,31.010735,-14.81198
1250,CC(=O)C(C)(O)C(C)C,42.22999954223633,3.0,-30.965261,13.259117
1251,CCC12CC1OC2CO,35.18600082397461,2.0,-3.7269816,-14.763408
1252,Cc1cc(=O)cco1,25.523000717163086,0.0,39.574493,-11.254335
1253,O=C1CC2CC=CC12O,30.231000900268555,1.0,2.5135436,1.3539922
1254,CC1(O)C2CC2C2CC21,33.87699890136719,2.0,-9.419692,20.703405
1255,CN=COc1ccco1,29.94300079345703,1.0,33.629387,-8.178439
1256,OCC12CCC1O2,24.816999435424805,0.0,21.363167,-5.421048
1257,OCC1C=CC(CO)C1,35.4900016784668,2.0,-17.357182,-5.523236
1258,C#CC(O)C12CCC1O2,32.513999938964844,2.0,-3.8804681,15.059533
1259,CC#CC(C#N)CCO,36.40800094604492,3.0,-16.614342,-13.367089
1260,CC1OC1COCC#N,33.54999923706055,2.0,-7.723321,-18.73554
1261,O=CC1OC(=O)C2OC12,26.222999572753906,1.0,0.27946162,11.905421
1262,N=C1OCC1C=O,22.031999588012695,0.0,19.439314,-6.4825916
1263,CC1CC(O)CC(=O)N1,34.38199996948242,2.0,-17.95018,20.474495
1264,CCC1C=CC(CC)C1,38.14500045776367,3.0,-23.375517,-9.450127
1265,C#CCn1cnc(N)n1,30.382999420166016,1.0,26.906816,-13.34237
1266,CC12CC(O)CC1(C)C2,37.400001525878906,3.0,-24.39173,17.415398
1267,C1=CC2C3OCOC1C23,26.14299964904785,0.0,6.7019196,19.583857
1268,CC1(C)OC(=N)C=C1N,35.48500061035156,2.0,-21.05536,18.59899
1269,OC1C2=NCC3C1N23,23.086999893188477,0.0,11.094246,16.404501
1270,O=Cc1cc[nH]c(=O)n1,26.166000366210938,1.0,23.217896,-4.52432
1271,C1=CC2CC=CC2OC1,28.948999404907227,1.0,2.2761683,5.185475
1272,C#Cc1cc(N)co1,27.42300033569336,1.0,32.145798,-14.36178
1273,CC1CC1CCOC=O,35.63399887084961,2.0,-10.9252405,-20.717363
1274,CC1=C(C)C(=O)CCN1,34.60900115966797,2.0,-22.415712,19.433605
1275,CCC1=CNC(=O)C1O,33.448001861572266,2.0,-12.984654,-2.7965126
1276,N#CC(N)C1(CO)CC1,34.90999984741211,2.0,-23.16433,13.381921
1277,OC1C2C3CC2C13O,27.378000259399414,1.0,12.489384,-3.7443109
1278,C1CN2CC3C(O1)C32,24.391000747680664,0.0,5.7751775,21.989862
1279,OC12CC34CCN(C13)C24,28.39699935913086,1.0,-2.5550442,27.327698
1280,O=C1C(=O)N2CC3C1C32,25.28499984741211,0.0,10.454469,25.533009
1281,C#CC1N=COC1(C)C,33.83700180053711,2.0,-16.206522,5.3859067
1282,O=C1NCC2CC1C2=O,27.708999633789062,1.0,3.0019968,2.1274157
1283,C#Cc1cc[nH]c(=O)c1,28.56599998474121,1.0,22.658314,-5.488384
1284,CC1CCCC(C=O)C1,35.25199890136719,2.0,-16.592752,-11.965098
1285,N=C1CNC(=N)N1C=O,29.290000915527344,1.0,-3.1798246,14.344936
1286,OCc1ccncn1,24.826000213623047,0.0,44.290424,-8.737136
1287,CC(C)CC1OC1(C)C,41.641998291015625,3.0,-27.943401,3.6245084
1288,CCC1(C)OC1CCO,39.77399826049805,3.0,-26.725336,-18.668564
1289,CN=C1C(OC)C2CN12,33.082000732421875,2.0,-8.054718,14.384057
1290,CCCCC(C=O)CO,39.691001892089844,3.0,-25.224367,-20.223768
1291,OC1CN2CC13OCC23,29.582000732421875,1.0,3.4309928,8.309165
1292,CC1C(=O)C=CC1=O,26.177000045776367,1.0,6.0219626,-2.669471
1293,CC1(O)CC1CC1CO1,36.387001037597656,3.0,-15.251184,2.1469293
1294,Fc1ccncc1F,21.812000274658203,0.0,42.878098,-7.5846105
1295,Nc1[nH]cc2ocnc12,26.8700008392334,1.0,43.812447,3.8361158
1296,C#CCCNC(=O)C=O,33.5,2.0,-12.795881,-9.433222
1297,CCOCC1CC1(C)C,40.797000885009766,3.0,-25.366413,-16.163916
1298,CC[NH2+]CC(N)C(=O)[O-],36.60499954223633,3.0,-19.326176,21.96346
1299,CC(C)(C)n1cncn1,33.69300079345703,2.0,24.324701,-14.485559
1300,N=C1CC=CCO1,22.802000045776367,0.0,18.808334,-6.2795005
1301,O=Cc1ccc[nH]1,21.156999588012695,0.0,45.949654,-12.2856865
1302,Cc1cnc2[nH]ncn12,26.96500015258789,1.0,44.043938,2.628689
1303,CCN(C)C(C#N)CO,37.70199966430664,3.0,-30.013248,-15.441348
1304,CC12NC1C(C#N)C2O,31.808000564575195,2.0,-9.004078,18.447824
1305,N=C1NC(=O)N2CC12,23.590999603271484,0.0,7.930829,23.163643
1306,CNc1cnon1,21.898000717163086,0.0,44.4797,-6.975236
1307,CC12C3CN3C1(C)C2O,34.79999923706055,2.0,-24.47163,21.168745
1308,N=C(N)c1cnon1,24.586000442504883,0.0,32.684837,-15.281151
1309,CN(C)C(=O)CO,28.767000198364258,1.0,25.21203,-13.965357
1310,N=C1CC(C=O)O1,22.202999114990234,0.0,18.743694,-9.441824
1311,N1C2C1C1OC2C2OC12,24.739999771118164,0.0,8.683393,25.03805
1312,CC1OC2CC1C2CO,33.47800064086914,2.0,-3.3970506,-16.664886
1313,CC1OC=NCC1(C)C,36.14799880981445,2.0,-22.715412,-3.135865
1314,CCC(C)(O)C1(O)CC1,40.832000732421875,3.0,-29.932354,16.006912
1315,CC1COC1C#CC=O,32.16999816894531,2.0,-5.238915,-19.360489
1316,CN1CCC1=O,21.11400032043457,0.0,21.637062,-6.7584915
1317,c1ncc2ocnc2n1,21.347999572753906,0.0,46.766052,-9.065024
1318,CCC1CC1CC1CC1,38.2400016784668,3.0,-11.55269,-13.449427
1319,CC1=CC(=O)CCOC1,32.27000045776367,2.0,-5.7670207,-7.5926504
1320,NC1CC1([NH3+])CC(=O)[O-],34.81800079345703,2.0,-19.033024,23.246893
1321,CC(CCO)OC1CC1,38.904998779296875,3.0,-16.230408,-12.335608
1322,C#CC(C)OC(=O)NC,36.52899932861328,3.0,-23.527351,-3.4922192
1323,C#CC1CC=CC(C)C1,35.01499938964844,2.0,-9.258235,-6.031602
1324,Nc1nccccc1=O,28.33099937438965,1.0,37.45892,-6.8942666
1325,N#CC12OC1C1OC12,22.625,0.0,10.026705,13.913678
1326,C#CC12CN(C)CC1O2,32.32099914550781,2.0,-4.0998197,14.71698
1327,CC(CO)CC#CCO,39.57699966430664,3.0,-20.984657,-16.211176
1328,CCC(CC#N)C(N)=O,36.6150016784668,3.0,-28.56978,-1.3154922
1329,O=C1CNc2ncnn21,24.18000030517578,0.0,21.002447,-1.2054268
1330,C1C2C3C4C5OC13C5N24,23.621999740600586,0.0,4.1580567,25.879135
1331,C1=NC2C3OC2C3CO1,25.832000732421875,0.0,7.271936,21.239103
1332,C1=NCc2n[nH]nc2N1,25.40399932861328,0.0,43.16614,6.796446
1333,CCc1nocc1OC,32.30699920654297,2.0,33.19639,-6.995886
1334,CCn1cnnc1,22.63800048828125,0.0,45.00827,-5.3147097
1335,c1nocc1CC1CO1,27.79199981689453,1.0,28.359268,-8.188553
1336,CCCC(O)COCC,41.79499816894531,3.0,-21.52168,-16.485573
1337,C1C2NC2C2NC12,21.62299919128418,0.0,18.548555,-0.2565317
1338,C#CC1NC(=O)C1OC,32.84700012207031,2.0,-3.5807536,-4.2758765
1339,C1N=C2OCC3C1C23,22.634000778198242,0.0,10.023491,15.891086
1340,C#CC1N=C2OC3C2C13,27.863000869750977,1.0,4.62595,22.04309
1341,CC1COC(=O)NC1=N,30.45199966430664,1.0,-1.626839,-12.43621
1342,CNc1cc(C#N)no1,29.250999450683594,1.0,31.834435,-9.477077
1343,CC(=O)CCNC(N)=O,36.9379997253418,3.0,-23.888884,-0.29345298
1344,O=CCC#CCCCO,36.53300094604492,3.0,-27.32845,-0.17222887
1345,CCOC(CC)C1CN1,39.01900100708008,3.0,-14.969772,-14.239714
1346,Nc1cnccn1,21.08099937438965,0.0,45.798332,-7.927898
1347,CC1=CCC2(O)C(O)C12,34.39699935913086,2.0,-18.539162,13.998212
1348,CCC(C=O)C(=O)CO,36.28900146484375,3.0,-25.283472,-5.530084
1349,CCNC(C=O)C=O,31.834999084472656,2.0,-11.613871,-23.173065
1350,NC12CC(O)C1OC2=O,30.66200065612793,1.0,-5.338011,22.036604
1351,CC1C(C)N1C(N)=O,32.525001525878906,2.0,-11.563726,3.7265177
1352,C#CC1COCC12CC2,32.49800109863281,2.0,-0.8753456,-4.8034873
1353,OCCn1cnnn1,25.292999267578125,0.0,39.436703,-7.0037904
1354,O=c1oc(O)ncc1F,25.316999435424805,0.0,33.197754,-13.378246
